model,arm,naming,branching,role,layer,dim,seed,rho_cond_euc,rho_hyp,delta,shuffle_rho_hyp,n_train,n_val
Qwen/Qwen2.5-3B,fictional_b1,fictional,1,premise,0,2,0,-0.0095,-0.0095,0.0,0.0168,42,18
Qwen/Qwen2.5-3B,fictional_b1,fictional,1,premise,0,3,0,-0.0095,-0.0095,0.0,0.0168,42,18
Qwen/Qwen2.5-3B,fictional_b1,fictional,1,premise,0,5,0,-0.0095,-0.0095,0.0,0.0168,42,18
Qwen/Qwen2.5-3B,fictional_b1,fictional,1,premise,0,8,0,-0.0095,-0.0095,0.0,0.0168,42,18
Qwen/Qwen2.5-3B,fictional_b1,fictional,1,premise,0,16,0,-0.0095,0.0121,0.0216,0.0123,42,18
Qwen/Qwen2.5-3B,fictional_b1,fictional,1,premise,0,2,1,0.0445,0.0445,0.0,-0.0206,42,18
Qwen/Qwen2.5-3B,fictional_b1,fictional,1,premise,0,3,1,0.0445,0.0839,0.0395,-0.0143,42,18
Qwen/Qwen2.5-3B,fictional_b1,fictional,1,premise,0,5,1,0.0445,0.0722,0.0277,-0.0058,42,18
Qwen/Qwen2.5-3B,fictional_b1,fictional,1,premise,0,8,1,0.0445,0.0839,0.0395,-0.0143,42,18
Qwen/Qwen2.5-3B,fictional_b1,fictional,1,premise,0,16,1,0.0445,0.0445,0.0,-0.0143,42,18
Qwen/Qwen2.5-3B,fictional_b1,fictional,1,premise,0,2,2,0.0225,0.0225,0.0,-0.0313,42,18
Qwen/Qwen2.5-3B,fictional_b1,fictional,1,premise,0,3,2,0.0225,0.0523,0.0297,-0.0276,42,18
Qwen/Qwen2.5-3B,fictional_b1,fictional,1,premise,0,5,2,0.0225,0.0523,0.0297,-0.0276,42,18
Qwen/Qwen2.5-3B,fictional_b1,fictional,1,premise,0,8,2,0.0225,0.0554,0.0328,-0.0238,42,18
Qwen/Qwen2.5-3B,fictional_b1,fictional,1,premise,0,16,2,0.0225,0.0225,0.0,-0.0313,42,18
Qwen/Qwen2.5-3B,fictional_b1,fictional,1,premise,0,2,3,0.0242,0.0242,0.0,0.0376,42,18
Qwen/Qwen2.5-3B,fictional_b1,fictional,1,premise,0,3,3,0.0242,0.0242,0.0,0.0376,42,18
Qwen/Qwen2.5-3B,fictional_b1,fictional,1,premise,0,5,3,0.0242,0.0464,0.0222,0.0376,42,18
Qwen/Qwen2.5-3B,fictional_b1,fictional,1,premise,0,8,3,0.0242,0.0242,0.0,0.0376,42,18
Qwen/Qwen2.5-3B,fictional_b1,fictional,1,premise,0,16,3,0.0242,0.0242,0.0,0.0376,42,18
Qwen/Qwen2.5-3B,fictional_b1,fictional,1,premise,0,2,4,0.0291,0.0291,0.0,-0.0175,42,18
Qwen/Qwen2.5-3B,fictional_b1,fictional,1,premise,0,3,4,0.0291,0.0291,0.0,-0.0175,42,18
Qwen/Qwen2.5-3B,fictional_b1,fictional,1,premise,0,5,4,0.0291,0.0291,0.0,-0.0183,42,18
Qwen/Qwen2.5-3B,fictional_b1,fictional,1,premise,0,8,4,0.0291,0.0291,0.0,-0.0175,42,18
Qwen/Qwen2.5-3B,fictional_b1,fictional,1,premise,0,16,4,0.0291,0.0291,0.0,-0.0203,42,18
Qwen/Qwen2.5-3B,fictional_b1,fictional,1,premise,0,2,5,0.028,0.0835,0.0555,0.0272,42,18
Qwen/Qwen2.5-3B,fictional_b1,fictional,1,premise,0,3,5,0.028,0.0694,0.0414,0.026,42,18
Qwen/Qwen2.5-3B,fictional_b1,fictional,1,premise,0,5,5,0.028,0.028,0.0,0.0268,42,18
Qwen/Qwen2.5-3B,fictional_b1,fictional,1,premise,0,8,5,0.028,0.028,0.0,0.0286,42,18
Qwen/Qwen2.5-3B,fictional_b1,fictional,1,premise,0,16,5,0.028,0.0925,0.0645,0.0287,42,18
Qwen/Qwen2.5-3B,fictional_b1,fictional,1,premise,4,2,0,0.0298,0.0056,-0.0242,0.0043,42,18
Qwen/Qwen2.5-3B,fictional_b1,fictional,1,premise,4,3,0,0.0662,0.0126,-0.0536,-0.0056,42,18
Qwen/Qwen2.5-3B,fictional_b1,fictional,1,premise,4,5,0,0.0077,0.0622,0.0545,-0.0018,42,18
Qwen/Qwen2.5-3B,fictional_b1,fictional,1,premise,4,8,0,0.0198,0.0743,0.0546,-0.002,42,18
Qwen/Qwen2.5-3B,fictional_b1,fictional,1,premise,4,16,0,0.0633,0.0851,0.0218,0.0196,42,18
Qwen/Qwen2.5-3B,fictional_b1,fictional,1,premise,4,2,1,0.0276,-0.0356,-0.0632,-0.0119,42,18
Qwen/Qwen2.5-3B,fictional_b1,fictional,1,premise,4,3,1,-0.0029,-0.0188,-0.0159,-0.0277,42,18
Qwen/Qwen2.5-3B,fictional_b1,fictional,1,premise,4,5,1,-0.0207,0.0803,0.101,-0.0354,42,18
Qwen/Qwen2.5-3B,fictional_b1,fictional,1,premise,4,8,1,0.0329,0.0933,0.0605,-0.0045,42,18
Qwen/Qwen2.5-3B,fictional_b1,fictional,1,premise,4,16,1,0.051,0.133,0.082,-0.024,42,18
Qwen/Qwen2.5-3B,fictional_b1,fictional,1,premise,4,2,2,0.016,0.0225,0.0065,0.0216,42,18
Qwen/Qwen2.5-3B,fictional_b1,fictional,1,premise,4,3,2,0.0156,-0.0117,-0.0274,0.001,42,18
Qwen/Qwen2.5-3B,fictional_b1,fictional,1,premise,4,5,2,-0.0009,0.0556,0.0565,0.011,42,18
Qwen/Qwen2.5-3B,fictional_b1,fictional,1,premise,4,8,2,0.0347,0.0799,0.0452,0.0457,42,18
Qwen/Qwen2.5-3B,fictional_b1,fictional,1,premise,4,16,2,0.0452,0.0887,0.0435,-0.0024,42,18
Qwen/Qwen2.5-3B,fictional_b1,fictional,1,premise,4,2,3,0.0247,0.0043,-0.0204,0.0136,42,18
Qwen/Qwen2.5-3B,fictional_b1,fictional,1,premise,4,3,3,0.0178,0.0629,0.0451,0.0143,42,18
Qwen/Qwen2.5-3B,fictional_b1,fictional,1,premise,4,5,3,0.0484,0.0542,0.0059,-0.0014,42,18
Qwen/Qwen2.5-3B,fictional_b1,fictional,1,premise,4,8,3,0.0279,0.0962,0.0683,0.0496,42,18
Qwen/Qwen2.5-3B,fictional_b1,fictional,1,premise,4,16,3,0.052,0.0465,-0.0055,0.0243,42,18
Qwen/Qwen2.5-3B,fictional_b1,fictional,1,premise,4,2,4,-0.0353,0.0121,0.0474,0.0251,42,18
Qwen/Qwen2.5-3B,fictional_b1,fictional,1,premise,4,3,4,-0.0112,0.0344,0.0456,-0.0104,42,18
Qwen/Qwen2.5-3B,fictional_b1,fictional,1,premise,4,5,4,0.0329,0.0272,-0.0057,-0.021,42,18
Qwen/Qwen2.5-3B,fictional_b1,fictional,1,premise,4,8,4,-0.0364,0.0306,0.067,0.0067,42,18
Qwen/Qwen2.5-3B,fictional_b1,fictional,1,premise,4,16,4,0.0692,0.0351,-0.0341,-0.0321,42,18
Qwen/Qwen2.5-3B,fictional_b1,fictional,1,premise,4,2,5,0.0063,0.0238,0.0175,0.0048,42,18
Qwen/Qwen2.5-3B,fictional_b1,fictional,1,premise,4,3,5,0.0439,0.0518,0.0079,0.0083,42,18
Qwen/Qwen2.5-3B,fictional_b1,fictional,1,premise,4,5,5,0.0004,0.0788,0.0784,-0.0123,42,18
Qwen/Qwen2.5-3B,fictional_b1,fictional,1,premise,4,8,5,0.0112,0.0292,0.0179,0.0299,42,18
Qwen/Qwen2.5-3B,fictional_b1,fictional,1,premise,4,16,5,0.0757,0.0909,0.0152,-0.0007,42,18
Qwen/Qwen2.5-3B,fictional_b1,fictional,1,premise,8,2,0,-0.0267,-0.024,0.0027,-0.015,42,18
Qwen/Qwen2.5-3B,fictional_b1,fictional,1,premise,8,3,0,-0.0421,0.006,0.0481,0.0174,42,18
Qwen/Qwen2.5-3B,fictional_b1,fictional,1,premise,8,5,0,-0.0247,0.1121,0.1369,-0.0015,42,18
Qwen/Qwen2.5-3B,fictional_b1,fictional,1,premise,8,8,0,0.0155,0.1245,0.109,-0.0024,42,18
Qwen/Qwen2.5-3B,fictional_b1,fictional,1,premise,8,16,0,0.0492,0.0522,0.003,-0.0172,42,18
Qwen/Qwen2.5-3B,fictional_b1,fictional,1,premise,8,2,1,0.0193,-0.0087,-0.028,0.0147,42,18
Qwen/Qwen2.5-3B,fictional_b1,fictional,1,premise,8,3,1,-0.0166,0.0785,0.0951,0.0157,42,18
Qwen/Qwen2.5-3B,fictional_b1,fictional,1,premise,8,5,1,0.0315,0.1048,0.0733,-0.0402,42,18
Qwen/Qwen2.5-3B,fictional_b1,fictional,1,premise,8,8,1,0.0058,0.1488,0.143,-0.0782,42,18
Qwen/Qwen2.5-3B,fictional_b1,fictional,1,premise,8,16,1,0.0336,0.0489,0.0153,0.0063,42,18
Qwen/Qwen2.5-3B,fictional_b1,fictional,1,premise,8,2,2,0.0312,-0.0118,-0.043,0.0164,42,18
Qwen/Qwen2.5-3B,fictional_b1,fictional,1,premise,8,3,2,-0.0072,0.0312,0.0384,-0.0259,42,18
Qwen/Qwen2.5-3B,fictional_b1,fictional,1,premise,8,5,2,-0.0215,0.1369,0.1584,-0.013,42,18
Qwen/Qwen2.5-3B,fictional_b1,fictional,1,premise,8,8,2,0.0008,0.1273,0.1265,-0.0371,42,18
Qwen/Qwen2.5-3B,fictional_b1,fictional,1,premise,8,16,2,0.0976,0.0421,-0.0555,0.0533,42,18
Qwen/Qwen2.5-3B,fictional_b1,fictional,1,premise,8,2,3,0.0289,0.0095,-0.0194,-0.0516,42,18
Qwen/Qwen2.5-3B,fictional_b1,fictional,1,premise,8,3,3,0.0579,0.0518,-0.0062,-0.0013,42,18
Qwen/Qwen2.5-3B,fictional_b1,fictional,1,premise,8,5,3,0.0198,0.1065,0.0867,-0.0089,42,18
Qwen/Qwen2.5-3B,fictional_b1,fictional,1,premise,8,8,3,0.0316,0.1355,0.1039,-0.03,42,18
Qwen/Qwen2.5-3B,fictional_b1,fictional,1,premise,8,16,3,0.0566,0.0547,-0.0019,0.014,42,18
Qwen/Qwen2.5-3B,fictional_b1,fictional,1,premise,8,2,4,-0.0079,0.0599,0.0678,-0.005,42,18
Qwen/Qwen2.5-3B,fictional_b1,fictional,1,premise,8,3,4,0.0136,-0.013,-0.0266,0.0292,42,18
Qwen/Qwen2.5-3B,fictional_b1,fictional,1,premise,8,5,4,-0.0275,0.1506,0.1781,-0.0139,42,18
Qwen/Qwen2.5-3B,fictional_b1,fictional,1,premise,8,8,4,-0.0109,0.1411,0.152,-0.0215,42,18
Qwen/Qwen2.5-3B,fictional_b1,fictional,1,premise,8,16,4,0.0414,0.0955,0.0541,-0.0567,42,18
Qwen/Qwen2.5-3B,fictional_b1,fictional,1,premise,8,2,5,0.017,0.0191,0.0022,-0.0222,42,18
Qwen/Qwen2.5-3B,fictional_b1,fictional,1,premise,8,3,5,0.0015,0.0303,0.0288,-0.008,42,18
Qwen/Qwen2.5-3B,fictional_b1,fictional,1,premise,8,5,5,-0.0212,0.0575,0.0787,-0.0093,42,18
Qwen/Qwen2.5-3B,fictional_b1,fictional,1,premise,8,8,5,0.0064,0.1061,0.0997,0.0428,42,18
Qwen/Qwen2.5-3B,fictional_b1,fictional,1,premise,8,16,5,0.0797,0.1807,0.1009,0.0148,42,18
Qwen/Qwen2.5-3B,fictional_b1,fictional,1,premise,12,2,0,0.0065,0.0148,0.0083,0.0141,42,18
Qwen/Qwen2.5-3B,fictional_b1,fictional,1,premise,12,3,0,-0.0023,0.0207,0.023,-0.0001,42,18
Qwen/Qwen2.5-3B,fictional_b1,fictional,1,premise,12,5,0,-0.0423,0.0732,0.1155,0.0086,42,18
Qwen/Qwen2.5-3B,fictional_b1,fictional,1,premise,12,8,0,-0.0343,0.0649,0.0992,-0.029,42,18
Qwen/Qwen2.5-3B,fictional_b1,fictional,1,premise,12,16,0,0.0595,0.1178,0.0583,-0.0018,42,18
Qwen/Qwen2.5-3B,fictional_b1,fictional,1,premise,12,2,1,-0.0001,-0.0133,-0.0132,0.0002,42,18
Qwen/Qwen2.5-3B,fictional_b1,fictional,1,premise,12,3,1,-0.0198,-0.0125,0.0073,0.0165,42,18
Qwen/Qwen2.5-3B,fictional_b1,fictional,1,premise,12,5,1,0.0178,0.0659,0.048,-0.0351,42,18
Qwen/Qwen2.5-3B,fictional_b1,fictional,1,premise,12,8,1,0.0157,0.1303,0.1145,-0.0068,42,18
Qwen/Qwen2.5-3B,fictional_b1,fictional,1,premise,12,16,1,0.0625,0.0478,-0.0148,0.0104,42,18
Qwen/Qwen2.5-3B,fictional_b1,fictional,1,premise,12,2,2,0.0042,0.0097,0.0055,-0.0178,42,18
Qwen/Qwen2.5-3B,fictional_b1,fictional,1,premise,12,3,2,0.005,0.0291,0.0242,0.0241,42,18
Qwen/Qwen2.5-3B,fictional_b1,fictional,1,premise,12,5,2,0.0025,0.0588,0.0563,-0.0085,42,18
Qwen/Qwen2.5-3B,fictional_b1,fictional,1,premise,12,8,2,0.0047,0.1124,0.1077,-0.0059,42,18
Qwen/Qwen2.5-3B,fictional_b1,fictional,1,premise,12,16,2,0.0932,0.1029,0.0098,-0.031,42,18
Qwen/Qwen2.5-3B,fictional_b1,fictional,1,premise,12,2,3,-0.0267,0.0045,0.0312,0.0002,42,18
Qwen/Qwen2.5-3B,fictional_b1,fictional,1,premise,12,3,3,0.0057,0.0083,0.0026,0.0466,42,18
Qwen/Qwen2.5-3B,fictional_b1,fictional,1,premise,12,5,3,0.0009,0.0936,0.0927,0.0027,42,18
Qwen/Qwen2.5-3B,fictional_b1,fictional,1,premise,12,8,3,0.0041,0.1249,0.1208,0.0178,42,18
Qwen/Qwen2.5-3B,fictional_b1,fictional,1,premise,12,16,3,0.0659,0.0475,-0.0184,-0.003,42,18
Qwen/Qwen2.5-3B,fictional_b1,fictional,1,premise,12,2,4,-0.0292,-0.0112,0.018,-0.0197,42,18
Qwen/Qwen2.5-3B,fictional_b1,fictional,1,premise,12,3,4,-0.0075,-0.0286,-0.0211,0.0065,42,18
Qwen/Qwen2.5-3B,fictional_b1,fictional,1,premise,12,5,4,-0.0389,0.0199,0.0588,-0.0275,42,18
Qwen/Qwen2.5-3B,fictional_b1,fictional,1,premise,12,8,4,-0.0019,0.0967,0.0987,0.0002,42,18
Qwen/Qwen2.5-3B,fictional_b1,fictional,1,premise,12,16,4,0.0203,0.0804,0.0602,-0.0013,42,18
Qwen/Qwen2.5-3B,fictional_b1,fictional,1,premise,12,2,5,-0.0029,0.0338,0.0367,0.0393,42,18
Qwen/Qwen2.5-3B,fictional_b1,fictional,1,premise,12,3,5,-0.0223,-0.035,-0.0127,-0.0216,42,18
Qwen/Qwen2.5-3B,fictional_b1,fictional,1,premise,12,5,5,0.0157,0.0395,0.0238,0.0415,42,18
Qwen/Qwen2.5-3B,fictional_b1,fictional,1,premise,12,8,5,-0.0008,0.0897,0.0905,0.0517,42,18
Qwen/Qwen2.5-3B,fictional_b1,fictional,1,premise,12,16,5,0.1067,0.0605,-0.0462,0.0249,42,18
Qwen/Qwen2.5-3B,fictional_b1,fictional,1,premise,16,2,0,-0.0054,0.0338,0.0392,0.0263,42,18
Qwen/Qwen2.5-3B,fictional_b1,fictional,1,premise,16,3,0,0.0566,0.0198,-0.0368,0.0309,42,18
Qwen/Qwen2.5-3B,fictional_b1,fictional,1,premise,16,5,0,0.0485,0.0693,0.0208,0.0232,42,18
Qwen/Qwen2.5-3B,fictional_b1,fictional,1,premise,16,8,0,0.0059,0.0892,0.0833,0.0166,42,18
Qwen/Qwen2.5-3B,fictional_b1,fictional,1,premise,16,16,0,0.0841,0.0477,-0.0364,-0.0173,42,18
Qwen/Qwen2.5-3B,fictional_b1,fictional,1,premise,16,2,1,0.019,0.0386,0.0196,-0.0192,42,18
Qwen/Qwen2.5-3B,fictional_b1,fictional,1,premise,16,3,1,-0.0062,0.0428,0.049,-0.0037,42,18
Qwen/Qwen2.5-3B,fictional_b1,fictional,1,premise,16,5,1,0.0045,0.0965,0.092,0.0263,42,18
Qwen/Qwen2.5-3B,fictional_b1,fictional,1,premise,16,8,1,-0.0133,0.1043,0.1176,-0.0033,42,18
Qwen/Qwen2.5-3B,fictional_b1,fictional,1,premise,16,16,1,0.0872,0.1134,0.0262,0.02,42,18
Qwen/Qwen2.5-3B,fictional_b1,fictional,1,premise,16,2,2,-0.0151,0.0195,0.0346,0.0288,42,18
Qwen/Qwen2.5-3B,fictional_b1,fictional,1,premise,16,3,2,0.0264,0.0621,0.0357,-0.0242,42,18
Qwen/Qwen2.5-3B,fictional_b1,fictional,1,premise,16,5,2,-0.0017,0.1087,0.1104,0.0238,42,18
Qwen/Qwen2.5-3B,fictional_b1,fictional,1,premise,16,8,2,0.0442,0.1255,0.0814,0.0036,42,18
Qwen/Qwen2.5-3B,fictional_b1,fictional,1,premise,16,16,2,0.058,0.0512,-0.0069,0.0363,42,18
Qwen/Qwen2.5-3B,fictional_b1,fictional,1,premise,16,2,3,0.0164,-0.025,-0.0414,-0.0022,42,18
Qwen/Qwen2.5-3B,fictional_b1,fictional,1,premise,16,3,3,-0.035,-0.0342,0.0008,0.0329,42,18
Qwen/Qwen2.5-3B,fictional_b1,fictional,1,premise,16,5,3,0.072,0.0741,0.0021,0.0054,42,18
Qwen/Qwen2.5-3B,fictional_b1,fictional,1,premise,16,8,3,0.0566,0.1622,0.1056,0.0012,42,18
Qwen/Qwen2.5-3B,fictional_b1,fictional,1,premise,16,16,3,0.0529,0.0735,0.0205,-0.0019,42,18
Qwen/Qwen2.5-3B,fictional_b1,fictional,1,premise,16,2,4,-0.0227,0.0164,0.0391,0.0093,42,18
Qwen/Qwen2.5-3B,fictional_b1,fictional,1,premise,16,3,4,0.056,0.0063,-0.0498,0.0328,42,18
Qwen/Qwen2.5-3B,fictional_b1,fictional,1,premise,16,5,4,0.0198,0.0781,0.0583,0.0037,42,18
Qwen/Qwen2.5-3B,fictional_b1,fictional,1,premise,16,8,4,0.0294,0.0847,0.0554,-0.046,42,18
Qwen/Qwen2.5-3B,fictional_b1,fictional,1,premise,16,16,4,0.0892,0.0654,-0.0238,-0.0145,42,18
Qwen/Qwen2.5-3B,fictional_b1,fictional,1,premise,16,2,5,0.0231,0.0026,-0.0204,0.002,42,18
Qwen/Qwen2.5-3B,fictional_b1,fictional,1,premise,16,3,5,0.0119,0.0187,0.0068,-0.0247,42,18
Qwen/Qwen2.5-3B,fictional_b1,fictional,1,premise,16,5,5,0.0304,0.0977,0.0674,-0.0204,42,18
Qwen/Qwen2.5-3B,fictional_b1,fictional,1,premise,16,8,5,0.0307,0.1188,0.0881,-0.0117,42,18
Qwen/Qwen2.5-3B,fictional_b1,fictional,1,premise,16,16,5,0.0675,0.0416,-0.0259,-0.0464,42,18
Qwen/Qwen2.5-3B,fictional_b1,fictional,1,premise,20,2,0,0.0007,0.0628,0.062,0.0134,42,18
Qwen/Qwen2.5-3B,fictional_b1,fictional,1,premise,20,3,0,0.0162,0.0458,0.0296,0.0515,42,18
Qwen/Qwen2.5-3B,fictional_b1,fictional,1,premise,20,5,0,0.045,0.1231,0.0781,-0.0297,42,18
Qwen/Qwen2.5-3B,fictional_b1,fictional,1,premise,20,8,0,0.0919,0.0942,0.0023,0.0237,42,18
Qwen/Qwen2.5-3B,fictional_b1,fictional,1,premise,20,16,0,0.1606,0.1094,-0.0512,-0.033,42,18
Qwen/Qwen2.5-3B,fictional_b1,fictional,1,premise,20,2,1,0.0947,0.0952,0.0005,0.0088,42,18
Qwen/Qwen2.5-3B,fictional_b1,fictional,1,premise,20,3,1,0.0433,0.052,0.0087,-0.024,42,18
Qwen/Qwen2.5-3B,fictional_b1,fictional,1,premise,20,5,1,0.0758,0.0757,-0.0001,-0.0009,42,18
Qwen/Qwen2.5-3B,fictional_b1,fictional,1,premise,20,8,1,0.008,0.1814,0.1734,-0.0081,42,18
Qwen/Qwen2.5-3B,fictional_b1,fictional,1,premise,20,16,1,0.1157,0.0096,-0.106,0.0126,42,18
Qwen/Qwen2.5-3B,fictional_b1,fictional,1,premise,20,2,2,0.0278,-0.0038,-0.0315,-0.0298,42,18
Qwen/Qwen2.5-3B,fictional_b1,fictional,1,premise,20,3,2,0.0749,0.0247,-0.0502,-0.0165,42,18
Qwen/Qwen2.5-3B,fictional_b1,fictional,1,premise,20,5,2,0.0805,0.1137,0.0332,0.0014,42,18
Qwen/Qwen2.5-3B,fictional_b1,fictional,1,premise,20,8,2,0.0557,0.1918,0.1362,0.0265,42,18
Qwen/Qwen2.5-3B,fictional_b1,fictional,1,premise,20,16,2,0.1255,0.0421,-0.0834,-0.0067,42,18
Qwen/Qwen2.5-3B,fictional_b1,fictional,1,premise,20,2,3,0.0306,0.0437,0.0131,0.0241,42,18
Qwen/Qwen2.5-3B,fictional_b1,fictional,1,premise,20,3,3,0.0316,0.0268,-0.0048,0.0045,42,18
Qwen/Qwen2.5-3B,fictional_b1,fictional,1,premise,20,5,3,0.0719,0.1522,0.0803,0.0092,42,18
Qwen/Qwen2.5-3B,fictional_b1,fictional,1,premise,20,8,3,0.0534,0.1721,0.1187,0.0028,42,18
Qwen/Qwen2.5-3B,fictional_b1,fictional,1,premise,20,16,3,0.1312,0.1909,0.0598,-0.0272,42,18
Qwen/Qwen2.5-3B,fictional_b1,fictional,1,premise,20,2,4,0.0287,0.0018,-0.0269,-0.034,42,18
Qwen/Qwen2.5-3B,fictional_b1,fictional,1,premise,20,3,4,0.0775,0.0536,-0.0239,0.022,42,18
Qwen/Qwen2.5-3B,fictional_b1,fictional,1,premise,20,5,4,0.0261,0.1558,0.1297,-0.0176,42,18
Qwen/Qwen2.5-3B,fictional_b1,fictional,1,premise,20,8,4,0.086,0.1249,0.0389,-0.0123,42,18
Qwen/Qwen2.5-3B,fictional_b1,fictional,1,premise,20,16,4,0.0702,0.2041,0.1339,-0.0575,42,18
Qwen/Qwen2.5-3B,fictional_b1,fictional,1,premise,20,2,5,0.0918,0.104,0.0121,-0.0332,42,18
Qwen/Qwen2.5-3B,fictional_b1,fictional,1,premise,20,3,5,0.0791,0.0936,0.0145,-0.0314,42,18
Qwen/Qwen2.5-3B,fictional_b1,fictional,1,premise,20,5,5,0.0804,0.1076,0.0272,-0.025,42,18
Qwen/Qwen2.5-3B,fictional_b1,fictional,1,premise,20,8,5,0.0954,0.1077,0.0122,0.002,42,18
Qwen/Qwen2.5-3B,fictional_b1,fictional,1,premise,20,16,5,0.0986,0.1709,0.0723,0.0015,42,18
Qwen/Qwen2.5-3B,fictional_b1,fictional,1,premise,24,2,0,0.0596,0.0821,0.0224,0.0286,42,18
Qwen/Qwen2.5-3B,fictional_b1,fictional,1,premise,24,3,0,0.0952,0.0507,-0.0445,-0.0102,42,18
Qwen/Qwen2.5-3B,fictional_b1,fictional,1,premise,24,5,0,0.0648,0.0854,0.0206,-0.0104,42,18
Qwen/Qwen2.5-3B,fictional_b1,fictional,1,premise,24,8,0,0.0978,0.1374,0.0396,0.0107,42,18
Qwen/Qwen2.5-3B,fictional_b1,fictional,1,premise,24,16,0,0.1766,0.274,0.0975,-0.0058,42,18
Qwen/Qwen2.5-3B,fictional_b1,fictional,1,premise,24,2,1,0.0418,0.0442,0.0024,-0.022,42,18
Qwen/Qwen2.5-3B,fictional_b1,fictional,1,premise,24,3,1,0.0859,0.0588,-0.0271,-0.0239,42,18
Qwen/Qwen2.5-3B,fictional_b1,fictional,1,premise,24,5,1,0.1011,0.1388,0.0377,-0.0261,42,18
Qwen/Qwen2.5-3B,fictional_b1,fictional,1,premise,24,8,1,0.12,0.1395,0.0195,-0.047,42,18
Qwen/Qwen2.5-3B,fictional_b1,fictional,1,premise,24,16,1,0.1909,0.0806,-0.1103,0.0171,42,18
Qwen/Qwen2.5-3B,fictional_b1,fictional,1,premise,24,2,2,0.0372,0.0825,0.0453,0.0281,42,18
Qwen/Qwen2.5-3B,fictional_b1,fictional,1,premise,24,3,2,0.0257,0.0436,0.0178,0.0612,42,18
Qwen/Qwen2.5-3B,fictional_b1,fictional,1,premise,24,5,2,0.0623,0.0763,0.014,0.0071,42,18
Qwen/Qwen2.5-3B,fictional_b1,fictional,1,premise,24,8,2,0.0796,0.1945,0.115,-0.0264,42,18
Qwen/Qwen2.5-3B,fictional_b1,fictional,1,premise,24,16,2,0.1323,0.2133,0.081,-0.0042,42,18
Qwen/Qwen2.5-3B,fictional_b1,fictional,1,premise,24,2,3,0.0342,0.0367,0.0025,0.0032,42,18
Qwen/Qwen2.5-3B,fictional_b1,fictional,1,premise,24,3,3,0.0368,0.1222,0.0854,0.0139,42,18
Qwen/Qwen2.5-3B,fictional_b1,fictional,1,premise,24,5,3,0.0484,0.0709,0.0225,-0.0325,42,18
Qwen/Qwen2.5-3B,fictional_b1,fictional,1,premise,24,8,3,0.0929,0.1168,0.0239,-0.0247,42,18
Qwen/Qwen2.5-3B,fictional_b1,fictional,1,premise,24,16,3,0.1579,0.0851,-0.0727,-0.0488,42,18
Qwen/Qwen2.5-3B,fictional_b1,fictional,1,premise,24,2,4,0.0277,0.0553,0.0276,-0.0133,42,18
Qwen/Qwen2.5-3B,fictional_b1,fictional,1,premise,24,3,4,0.0389,0.0558,0.0169,-0.0049,42,18
Qwen/Qwen2.5-3B,fictional_b1,fictional,1,premise,24,5,4,0.0989,0.1073,0.0084,-0.018,42,18
Qwen/Qwen2.5-3B,fictional_b1,fictional,1,premise,24,8,4,0.1247,0.1473,0.0226,-0.0124,42,18
Qwen/Qwen2.5-3B,fictional_b1,fictional,1,premise,24,16,4,0.1178,0.1542,0.0365,-0.0467,42,18
Qwen/Qwen2.5-3B,fictional_b1,fictional,1,premise,24,2,5,0.0334,0.0809,0.0475,-0.0109,42,18
Qwen/Qwen2.5-3B,fictional_b1,fictional,1,premise,24,3,5,0.1064,0.0888,-0.0176,0.0298,42,18
Qwen/Qwen2.5-3B,fictional_b1,fictional,1,premise,24,5,5,0.1058,0.1072,0.0014,-0.0241,42,18
Qwen/Qwen2.5-3B,fictional_b1,fictional,1,premise,24,8,5,0.0623,0.199,0.1367,-0.0233,42,18
Qwen/Qwen2.5-3B,fictional_b1,fictional,1,premise,24,16,5,0.1555,0.1478,-0.0077,-0.0153,42,18
Qwen/Qwen2.5-3B,fictional_b1,fictional,1,premise,28,2,0,0.0484,0.0485,0.0002,-0.0131,42,18
Qwen/Qwen2.5-3B,fictional_b1,fictional,1,premise,28,3,0,0.0673,0.0343,-0.033,0.0188,42,18
Qwen/Qwen2.5-3B,fictional_b1,fictional,1,premise,28,5,0,0.1147,0.1408,0.0261,-0.0108,42,18
Qwen/Qwen2.5-3B,fictional_b1,fictional,1,premise,28,8,0,0.1025,0.1868,0.0843,-0.0154,42,18
Qwen/Qwen2.5-3B,fictional_b1,fictional,1,premise,28,16,0,0.1641,0.1464,-0.0177,0.0037,42,18
Qwen/Qwen2.5-3B,fictional_b1,fictional,1,premise,28,2,1,0.0558,0.1273,0.0716,0.0106,42,18
Qwen/Qwen2.5-3B,fictional_b1,fictional,1,premise,28,3,1,0.0528,0.1438,0.0909,-0.0088,42,18
Qwen/Qwen2.5-3B,fictional_b1,fictional,1,premise,28,5,1,0.0633,0.1645,0.1012,-0.0127,42,18
Qwen/Qwen2.5-3B,fictional_b1,fictional,1,premise,28,8,1,0.1579,0.1548,-0.0031,0.0053,42,18
Qwen/Qwen2.5-3B,fictional_b1,fictional,1,premise,28,16,1,0.2132,0.2013,-0.0119,-0.0263,42,18
Qwen/Qwen2.5-3B,fictional_b1,fictional,1,premise,28,2,2,0.0791,0.0621,-0.017,-0.0185,42,18
Qwen/Qwen2.5-3B,fictional_b1,fictional,1,premise,28,3,2,0.0499,0.0483,-0.0016,0.002,42,18
Qwen/Qwen2.5-3B,fictional_b1,fictional,1,premise,28,5,2,0.0942,0.1084,0.0142,-0.0013,42,18
Qwen/Qwen2.5-3B,fictional_b1,fictional,1,premise,28,8,2,0.1418,0.1682,0.0265,-0.0045,42,18
Qwen/Qwen2.5-3B,fictional_b1,fictional,1,premise,28,16,2,0.2117,0.2375,0.0258,0.0003,42,18
Qwen/Qwen2.5-3B,fictional_b1,fictional,1,premise,28,2,3,0.0845,0.0203,-0.0643,0.0114,42,18
Qwen/Qwen2.5-3B,fictional_b1,fictional,1,premise,28,3,3,0.0881,0.0819,-0.0062,-0.0038,42,18
Qwen/Qwen2.5-3B,fictional_b1,fictional,1,premise,28,5,3,0.1129,0.1612,0.0483,-0.018,42,18
Qwen/Qwen2.5-3B,fictional_b1,fictional,1,premise,28,8,3,0.129,0.1701,0.0411,-0.0428,42,18
Qwen/Qwen2.5-3B,fictional_b1,fictional,1,premise,28,16,3,0.1928,0.161,-0.0319,-0.0301,42,18
Qwen/Qwen2.5-3B,fictional_b1,fictional,1,premise,28,2,4,0.0457,0.0422,-0.0035,0.0277,42,18
Qwen/Qwen2.5-3B,fictional_b1,fictional,1,premise,28,3,4,0.0424,0.0457,0.0033,0.0008,42,18
Qwen/Qwen2.5-3B,fictional_b1,fictional,1,premise,28,5,4,0.0884,0.1191,0.0306,0.0173,42,18
Qwen/Qwen2.5-3B,fictional_b1,fictional,1,premise,28,8,4,0.173,0.138,-0.035,-0.0314,42,18
Qwen/Qwen2.5-3B,fictional_b1,fictional,1,premise,28,16,4,0.2104,0.0675,-0.143,-0.0262,42,18
Qwen/Qwen2.5-3B,fictional_b1,fictional,1,premise,28,2,5,0.1081,0.0553,-0.0528,-0.0322,42,18
Qwen/Qwen2.5-3B,fictional_b1,fictional,1,premise,28,3,5,0.0974,0.0617,-0.0358,-0.0142,42,18
Qwen/Qwen2.5-3B,fictional_b1,fictional,1,premise,28,5,5,0.0607,0.1303,0.0696,0.035,42,18
Qwen/Qwen2.5-3B,fictional_b1,fictional,1,premise,28,8,5,0.1294,0.1777,0.0482,0.037,42,18
Qwen/Qwen2.5-3B,fictional_b1,fictional,1,premise,28,16,5,0.1997,0.0903,-0.1094,0.0186,42,18
Qwen/Qwen2.5-3B,fictional_b1,fictional,1,premise,32,2,0,0.0111,0.0607,0.0496,-0.0054,42,18
Qwen/Qwen2.5-3B,fictional_b1,fictional,1,premise,32,3,0,0.0504,0.0279,-0.0225,0.0404,42,18
Qwen/Qwen2.5-3B,fictional_b1,fictional,1,premise,32,5,0,0.0625,0.1089,0.0464,0.0299,42,18
Qwen/Qwen2.5-3B,fictional_b1,fictional,1,premise,32,8,0,0.0751,0.077,0.0019,0.0233,42,18
Qwen/Qwen2.5-3B,fictional_b1,fictional,1,premise,32,16,0,0.1053,0.1267,0.0214,0.0536,42,18
Qwen/Qwen2.5-3B,fictional_b1,fictional,1,premise,32,2,1,0.0895,0.0517,-0.0378,-0.0469,42,18
Qwen/Qwen2.5-3B,fictional_b1,fictional,1,premise,32,3,1,0.0864,0.075,-0.0114,0.006,42,18
Qwen/Qwen2.5-3B,fictional_b1,fictional,1,premise,32,5,1,0.0876,0.1733,0.0856,-0.0235,42,18
Qwen/Qwen2.5-3B,fictional_b1,fictional,1,premise,32,8,1,0.1308,0.1542,0.0234,-0.0364,42,18
Qwen/Qwen2.5-3B,fictional_b1,fictional,1,premise,32,16,1,0.2105,0.0782,-0.1322,-0.0351,42,18
Qwen/Qwen2.5-3B,fictional_b1,fictional,1,premise,32,2,2,0.0951,0.0626,-0.0325,0.0191,42,18
Qwen/Qwen2.5-3B,fictional_b1,fictional,1,premise,32,3,2,0.0398,0.0572,0.0174,0.0255,42,18
Qwen/Qwen2.5-3B,fictional_b1,fictional,1,premise,32,5,2,0.1126,0.1127,0.0002,-0.0031,42,18
Qwen/Qwen2.5-3B,fictional_b1,fictional,1,premise,32,8,2,0.0946,0.1711,0.0765,-0.0089,42,18
Qwen/Qwen2.5-3B,fictional_b1,fictional,1,premise,32,16,2,0.1859,0.2323,0.0464,0.0082,42,18
Qwen/Qwen2.5-3B,fictional_b1,fictional,1,premise,32,2,3,0.0834,0.0689,-0.0145,0.0238,42,18
Qwen/Qwen2.5-3B,fictional_b1,fictional,1,premise,32,3,3,0.0467,0.0776,0.0309,-0.0286,42,18
Qwen/Qwen2.5-3B,fictional_b1,fictional,1,premise,32,5,3,0.0647,0.1168,0.0522,-0.0084,42,18
Qwen/Qwen2.5-3B,fictional_b1,fictional,1,premise,32,8,3,0.0559,0.1821,0.1262,-0.026,42,18
Qwen/Qwen2.5-3B,fictional_b1,fictional,1,premise,32,16,3,0.1741,0.1125,-0.0616,0.0153,42,18
Qwen/Qwen2.5-3B,fictional_b1,fictional,1,premise,32,2,4,0.0493,0.0436,-0.0058,-0.0179,42,18
Qwen/Qwen2.5-3B,fictional_b1,fictional,1,premise,32,3,4,0.04,0.0163,-0.0237,0.0068,42,18
Qwen/Qwen2.5-3B,fictional_b1,fictional,1,premise,32,5,4,0.0392,0.0438,0.0046,-0.0052,42,18
Qwen/Qwen2.5-3B,fictional_b1,fictional,1,premise,32,8,4,0.0593,0.1503,0.091,0.0133,42,18
Qwen/Qwen2.5-3B,fictional_b1,fictional,1,premise,32,16,4,0.1235,0.031,-0.0925,0.0269,42,18
Qwen/Qwen2.5-3B,fictional_b1,fictional,1,premise,32,2,5,0.0737,0.068,-0.0057,-0.0056,42,18
Qwen/Qwen2.5-3B,fictional_b1,fictional,1,premise,32,3,5,0.0462,0.0589,0.0127,0.019,42,18
Qwen/Qwen2.5-3B,fictional_b1,fictional,1,premise,32,5,5,0.0816,0.1051,0.0236,-0.0061,42,18
Qwen/Qwen2.5-3B,fictional_b1,fictional,1,premise,32,8,5,0.0454,0.125,0.0797,0.0323,42,18
Qwen/Qwen2.5-3B,fictional_b1,fictional,1,premise,32,16,5,0.1628,0.0741,-0.0886,0.028,42,18
Qwen/Qwen2.5-3B,fictional_b1,fictional,1,premise,36,2,0,0.1172,0.0758,-0.0414,-0.001,42,18
Qwen/Qwen2.5-3B,fictional_b1,fictional,1,premise,36,3,0,0.0885,0.1087,0.0201,0.0215,42,18
Qwen/Qwen2.5-3B,fictional_b1,fictional,1,premise,36,5,0,0.1557,0.1658,0.0101,-0.0247,42,18
Qwen/Qwen2.5-3B,fictional_b1,fictional,1,premise,36,8,0,0.1239,0.1339,0.01,0.002,42,18
Qwen/Qwen2.5-3B,fictional_b1,fictional,1,premise,36,16,0,0.1993,0.1443,-0.055,-0.0257,42,18
Qwen/Qwen2.5-3B,fictional_b1,fictional,1,premise,36,2,1,0.0862,0.0864,0.0002,0.0571,42,18
Qwen/Qwen2.5-3B,fictional_b1,fictional,1,premise,36,3,1,0.0639,0.0966,0.0327,0.0335,42,18
Qwen/Qwen2.5-3B,fictional_b1,fictional,1,premise,36,5,1,0.1321,0.1191,-0.013,0.0072,42,18
Qwen/Qwen2.5-3B,fictional_b1,fictional,1,premise,36,8,1,0.127,0.1053,-0.0216,-0.033,42,18
Qwen/Qwen2.5-3B,fictional_b1,fictional,1,premise,36,16,1,0.2313,0.0878,-0.1434,0.0318,42,18
Qwen/Qwen2.5-3B,fictional_b1,fictional,1,premise,36,2,2,0.1319,0.0731,-0.0588,0.0074,42,18
Qwen/Qwen2.5-3B,fictional_b1,fictional,1,premise,36,3,2,0.0723,0.0919,0.0196,-0.0152,42,18
Qwen/Qwen2.5-3B,fictional_b1,fictional,1,premise,36,5,2,0.0856,0.1071,0.0215,-0.0163,42,18
Qwen/Qwen2.5-3B,fictional_b1,fictional,1,premise,36,8,2,0.0968,0.1512,0.0544,-0.0525,42,18
Qwen/Qwen2.5-3B,fictional_b1,fictional,1,premise,36,16,2,0.1701,0.1203,-0.0499,-0.001,42,18
Qwen/Qwen2.5-3B,fictional_b1,fictional,1,premise,36,2,3,0.082,0.0539,-0.0281,0.0126,42,18
Qwen/Qwen2.5-3B,fictional_b1,fictional,1,premise,36,3,3,0.0586,0.1208,0.0622,-0.0124,42,18
Qwen/Qwen2.5-3B,fictional_b1,fictional,1,premise,36,5,3,0.1065,0.0997,-0.0069,-0.001,42,18
Qwen/Qwen2.5-3B,fictional_b1,fictional,1,premise,36,8,3,0.0603,0.0831,0.0228,-0.0483,42,18
Qwen/Qwen2.5-3B,fictional_b1,fictional,1,premise,36,16,3,0.1803,0.0109,-0.1694,-0.0188,42,18
Qwen/Qwen2.5-3B,fictional_b1,fictional,1,premise,36,2,4,0.0253,0.0709,0.0456,-0.0114,42,18
Qwen/Qwen2.5-3B,fictional_b1,fictional,1,premise,36,3,4,0.0563,0.104,0.0478,0.0168,42,18
Qwen/Qwen2.5-3B,fictional_b1,fictional,1,premise,36,5,4,0.0397,0.1071,0.0674,-0.0248,42,18
Qwen/Qwen2.5-3B,fictional_b1,fictional,1,premise,36,8,4,0.0745,0.0991,0.0246,-0.0057,42,18
Qwen/Qwen2.5-3B,fictional_b1,fictional,1,premise,36,16,4,0.1456,0.1319,-0.0137,0.0242,42,18
Qwen/Qwen2.5-3B,fictional_b1,fictional,1,premise,36,2,5,-0.0048,0.1049,0.1098,0.0012,42,18
Qwen/Qwen2.5-3B,fictional_b1,fictional,1,premise,36,3,5,0.0642,0.0896,0.0255,0.0237,42,18
Qwen/Qwen2.5-3B,fictional_b1,fictional,1,premise,36,5,5,0.0785,0.1928,0.1143,0.0169,42,18
Qwen/Qwen2.5-3B,fictional_b1,fictional,1,premise,36,8,5,0.0817,0.1376,0.0558,-0.0116,42,18
Qwen/Qwen2.5-3B,fictional_b1,fictional,1,premise,36,16,5,0.143,0.0873,-0.0557,0.0298,42,18
Qwen/Qwen2.5-3B,fictional_b1,fictional,1,last,0,2,0,-0.0095,0.0121,0.0216,0.0123,42,18
Qwen/Qwen2.5-3B,fictional_b1,fictional,1,last,0,3,0,-0.0095,0.0121,0.0216,0.0123,42,18
Qwen/Qwen2.5-3B,fictional_b1,fictional,1,last,0,5,0,-0.0095,-0.0095,0.0,0.0168,42,18
Qwen/Qwen2.5-3B,fictional_b1,fictional,1,last,0,8,0,-0.0095,0.0157,0.0252,0.0168,42,18
Qwen/Qwen2.5-3B,fictional_b1,fictional,1,last,0,16,0,-0.0095,0.0403,0.0498,0.0168,42,18
Qwen/Qwen2.5-3B,fictional_b1,fictional,1,last,0,2,1,0.0445,0.0445,0.0,-0.0206,42,18
Qwen/Qwen2.5-3B,fictional_b1,fictional,1,last,0,3,1,0.0445,0.0839,0.0395,-0.0143,42,18
Qwen/Qwen2.5-3B,fictional_b1,fictional,1,last,0,5,1,0.0445,0.0445,0.0,-0.0206,42,18
Qwen/Qwen2.5-3B,fictional_b1,fictional,1,last,0,8,1,0.0445,0.0445,0.0,-0.0206,42,18
Qwen/Qwen2.5-3B,fictional_b1,fictional,1,last,0,16,1,0.0445,0.0839,0.0395,-0.0143,42,18
Qwen/Qwen2.5-3B,fictional_b1,fictional,1,last,0,2,2,0.0225,0.0523,0.0297,-0.0276,42,18
Qwen/Qwen2.5-3B,fictional_b1,fictional,1,last,0,3,2,0.0225,0.0523,0.0297,-0.0276,42,18
Qwen/Qwen2.5-3B,fictional_b1,fictional,1,last,0,5,2,0.0225,0.0523,0.0297,-0.0276,42,18
Qwen/Qwen2.5-3B,fictional_b1,fictional,1,last,0,8,2,0.0225,0.0225,0.0,-0.0313,42,18
Qwen/Qwen2.5-3B,fictional_b1,fictional,1,last,0,16,2,0.0225,0.0523,0.0297,-0.0313,42,18
Qwen/Qwen2.5-3B,fictional_b1,fictional,1,last,0,2,3,0.0242,0.0242,0.0,0.0376,42,18
Qwen/Qwen2.5-3B,fictional_b1,fictional,1,last,0,3,3,0.0242,0.0242,0.0,0.0376,42,18
Qwen/Qwen2.5-3B,fictional_b1,fictional,1,last,0,5,3,0.0242,0.0242,0.0,0.0376,42,18
Qwen/Qwen2.5-3B,fictional_b1,fictional,1,last,0,8,3,0.0242,0.0464,0.0222,0.0402,42,18
Qwen/Qwen2.5-3B,fictional_b1,fictional,1,last,0,16,3,0.0242,0.0464,0.0222,0.0402,42,18
Qwen/Qwen2.5-3B,fictional_b1,fictional,1,last,0,2,4,0.0291,0.0589,0.0298,-0.0175,42,18
Qwen/Qwen2.5-3B,fictional_b1,fictional,1,last,0,3,4,0.0291,0.074,0.0449,-0.0203,42,18
Qwen/Qwen2.5-3B,fictional_b1,fictional,1,last,0,5,4,0.0291,0.0589,0.0298,-0.0183,42,18
Qwen/Qwen2.5-3B,fictional_b1,fictional,1,last,0,8,4,0.0291,0.0291,0.0,-0.0175,42,18
Qwen/Qwen2.5-3B,fictional_b1,fictional,1,last,0,16,4,0.0291,0.074,0.0449,-0.0175,42,18
Qwen/Qwen2.5-3B,fictional_b1,fictional,1,last,0,2,5,0.028,0.0835,0.0555,0.0272,42,18
Qwen/Qwen2.5-3B,fictional_b1,fictional,1,last,0,3,5,0.028,0.028,0.0,0.0286,42,18
Qwen/Qwen2.5-3B,fictional_b1,fictional,1,last,0,5,5,0.028,0.0694,0.0414,0.026,42,18
Qwen/Qwen2.5-3B,fictional_b1,fictional,1,last,0,8,5,0.028,0.028,0.0,0.0268,42,18
Qwen/Qwen2.5-3B,fictional_b1,fictional,1,last,0,16,5,0.028,0.028,0.0,0.026,42,18
Qwen/Qwen2.5-3B,fictional_b1,fictional,1,last,4,2,0,0.033,0.0083,-0.0247,0.0086,42,18
Qwen/Qwen2.5-3B,fictional_b1,fictional,1,last,4,3,0,0.012,0.0218,0.0098,0.0157,42,18
Qwen/Qwen2.5-3B,fictional_b1,fictional,1,last,4,5,0,-0.0268,0.0083,0.0351,0.0436,42,18
Qwen/Qwen2.5-3B,fictional_b1,fictional,1,last,4,8,0,-0.0205,0.0766,0.0971,-0.028,42,18
Qwen/Qwen2.5-3B,fictional_b1,fictional,1,last,4,16,0,0.0679,0.0709,0.0029,-0.0499,42,18
Qwen/Qwen2.5-3B,fictional_b1,fictional,1,last,4,2,1,0.0309,-0.0007,-0.0316,0.0194,42,18
Qwen/Qwen2.5-3B,fictional_b1,fictional,1,last,4,3,1,0.0533,0.0409,-0.0124,-0.0195,42,18
Qwen/Qwen2.5-3B,fictional_b1,fictional,1,last,4,5,1,0.0122,0.0554,0.0433,0.0175,42,18
Qwen/Qwen2.5-3B,fictional_b1,fictional,1,last,4,8,1,0.0434,0.1299,0.0865,-0.0526,42,18
Qwen/Qwen2.5-3B,fictional_b1,fictional,1,last,4,16,1,0.0451,0.1312,0.0861,0.0023,42,18
Qwen/Qwen2.5-3B,fictional_b1,fictional,1,last,4,2,2,0.0229,-0.0022,-0.0251,-0.0153,42,18
Qwen/Qwen2.5-3B,fictional_b1,fictional,1,last,4,3,2,-0.0051,0.0236,0.0288,0.0303,42,18
Qwen/Qwen2.5-3B,fictional_b1,fictional,1,last,4,5,2,-0.0024,0.0834,0.0857,0.0288,42,18
Qwen/Qwen2.5-3B,fictional_b1,fictional,1,last,4,8,2,0.0393,0.0688,0.0295,0.0152,42,18
Qwen/Qwen2.5-3B,fictional_b1,fictional,1,last,4,16,2,0.0617,0.0639,0.0022,0.026,42,18
Qwen/Qwen2.5-3B,fictional_b1,fictional,1,last,4,2,3,-0.026,0.009,0.0351,-0.0051,42,18
Qwen/Qwen2.5-3B,fictional_b1,fictional,1,last,4,3,3,-0.0306,0.0323,0.0629,-0.0305,42,18
Qwen/Qwen2.5-3B,fictional_b1,fictional,1,last,4,5,3,0.0153,0.0279,0.0126,0.0134,42,18
Qwen/Qwen2.5-3B,fictional_b1,fictional,1,last,4,8,3,-0.008,0.0824,0.0904,-0.012,42,18
Qwen/Qwen2.5-3B,fictional_b1,fictional,1,last,4,16,3,0.0895,0.0912,0.0016,0.0217,42,18
Qwen/Qwen2.5-3B,fictional_b1,fictional,1,last,4,2,4,0.0053,0.036,0.0306,-0.0149,42,18
Qwen/Qwen2.5-3B,fictional_b1,fictional,1,last,4,3,4,0.0041,-0.0032,-0.0073,0.0045,42,18
Qwen/Qwen2.5-3B,fictional_b1,fictional,1,last,4,5,4,0.0245,0.0615,0.0369,-0.0668,42,18
Qwen/Qwen2.5-3B,fictional_b1,fictional,1,last,4,8,4,0.0362,0.1155,0.0792,-0.0708,42,18
Qwen/Qwen2.5-3B,fictional_b1,fictional,1,last,4,16,4,0.0863,0.0181,-0.0683,0.0121,42,18
Qwen/Qwen2.5-3B,fictional_b1,fictional,1,last,4,2,5,0.0069,0.0073,0.0004,0.0068,42,18
Qwen/Qwen2.5-3B,fictional_b1,fictional,1,last,4,3,5,0.0361,0.0409,0.0048,-0.0077,42,18
Qwen/Qwen2.5-3B,fictional_b1,fictional,1,last,4,5,5,-0.0079,0.0986,0.1065,-0.0051,42,18
Qwen/Qwen2.5-3B,fictional_b1,fictional,1,last,4,8,5,-0.0045,0.0899,0.0944,0.0287,42,18
Qwen/Qwen2.5-3B,fictional_b1,fictional,1,last,4,16,5,0.0325,0.0333,0.0009,-0.0078,42,18
Qwen/Qwen2.5-3B,fictional_b1,fictional,1,last,8,2,0,0.0011,0.0299,0.0288,0.0133,42,18
Qwen/Qwen2.5-3B,fictional_b1,fictional,1,last,8,3,0,0.0005,0.0397,0.0392,-0.0025,42,18
Qwen/Qwen2.5-3B,fictional_b1,fictional,1,last,8,5,0,0.0242,0.1031,0.0789,0.0012,42,18
Qwen/Qwen2.5-3B,fictional_b1,fictional,1,last,8,8,0,0.0195,0.117,0.0975,-0.0365,42,18
Qwen/Qwen2.5-3B,fictional_b1,fictional,1,last,8,16,0,0.0352,0.0546,0.0193,-0.0044,42,18
Qwen/Qwen2.5-3B,fictional_b1,fictional,1,last,8,2,1,0.023,0.0047,-0.0183,-0.0202,42,18
Qwen/Qwen2.5-3B,fictional_b1,fictional,1,last,8,3,1,0.0199,0.0455,0.0256,-0.0035,42,18
Qwen/Qwen2.5-3B,fictional_b1,fictional,1,last,8,5,1,0.0266,0.1406,0.1139,-0.0194,42,18
Qwen/Qwen2.5-3B,fictional_b1,fictional,1,last,8,8,1,-0.0142,0.1302,0.1444,-0.0295,42,18
Qwen/Qwen2.5-3B,fictional_b1,fictional,1,last,8,16,1,0.0266,0.1411,0.1145,0.0381,42,18
Qwen/Qwen2.5-3B,fictional_b1,fictional,1,last,8,2,2,-0.0555,0.0171,0.0727,0.0089,42,18
Qwen/Qwen2.5-3B,fictional_b1,fictional,1,last,8,3,2,0.0152,0.0079,-0.0073,0.022,42,18
Qwen/Qwen2.5-3B,fictional_b1,fictional,1,last,8,5,2,0.0269,0.0357,0.0087,0.0171,42,18
Qwen/Qwen2.5-3B,fictional_b1,fictional,1,last,8,8,2,0.0075,0.0938,0.0863,-0.0004,42,18
Qwen/Qwen2.5-3B,fictional_b1,fictional,1,last,8,16,2,0.1011,0.0024,-0.0987,0.0022,42,18
Qwen/Qwen2.5-3B,fictional_b1,fictional,1,last,8,2,3,0.0375,-0.0054,-0.0429,0.0128,42,18
Qwen/Qwen2.5-3B,fictional_b1,fictional,1,last,8,3,3,-0.0165,0.013,0.0295,0.0392,42,18
Qwen/Qwen2.5-3B,fictional_b1,fictional,1,last,8,5,3,0.0099,0.0515,0.0416,-0.0072,42,18
Qwen/Qwen2.5-3B,fictional_b1,fictional,1,last,8,8,3,-0.0454,0.0914,0.1368,-0.0067,42,18
Qwen/Qwen2.5-3B,fictional_b1,fictional,1,last,8,16,3,0.0213,0.1807,0.1594,-0.0339,42,18
Qwen/Qwen2.5-3B,fictional_b1,fictional,1,last,8,2,4,-0.0118,0.0349,0.0467,0.0395,42,18
Qwen/Qwen2.5-3B,fictional_b1,fictional,1,last,8,3,4,-0.0195,0.0122,0.0317,0.015,42,18
Qwen/Qwen2.5-3B,fictional_b1,fictional,1,last,8,5,4,0.0271,0.0382,0.0111,0.0194,42,18
Qwen/Qwen2.5-3B,fictional_b1,fictional,1,last,8,8,4,0.0284,0.1171,0.0887,-0.0318,42,18
Qwen/Qwen2.5-3B,fictional_b1,fictional,1,last,8,16,4,0.0641,0.0109,-0.0533,0.0088,42,18
Qwen/Qwen2.5-3B,fictional_b1,fictional,1,last,8,2,5,0.0185,0.0362,0.0177,0.0064,42,18
Qwen/Qwen2.5-3B,fictional_b1,fictional,1,last,8,3,5,-0.0044,0.04,0.0444,0.0172,42,18
Qwen/Qwen2.5-3B,fictional_b1,fictional,1,last,8,5,5,0.0255,0.1476,0.1221,0.0043,42,18
Qwen/Qwen2.5-3B,fictional_b1,fictional,1,last,8,8,5,0.0571,0.1191,0.062,-0.0399,42,18
Qwen/Qwen2.5-3B,fictional_b1,fictional,1,last,8,16,5,0.0885,0.0975,0.009,0.0151,42,18
Qwen/Qwen2.5-3B,fictional_b1,fictional,1,last,12,2,0,0.0195,0.0001,-0.0194,-0.0171,42,18
Qwen/Qwen2.5-3B,fictional_b1,fictional,1,last,12,3,0,0.0479,0.0691,0.0212,-0.016,42,18
Qwen/Qwen2.5-3B,fictional_b1,fictional,1,last,12,5,0,0.0494,0.0894,0.04,-0.0284,42,18
Qwen/Qwen2.5-3B,fictional_b1,fictional,1,last,12,8,0,0.0379,0.1219,0.084,-0.0449,42,18
Qwen/Qwen2.5-3B,fictional_b1,fictional,1,last,12,16,0,0.0345,0.1261,0.0916,-0.0285,42,18
Qwen/Qwen2.5-3B,fictional_b1,fictional,1,last,12,2,1,-0.014,0.0473,0.0613,0.0068,42,18
Qwen/Qwen2.5-3B,fictional_b1,fictional,1,last,12,3,1,-0.041,0.0731,0.1141,0.0037,42,18
Qwen/Qwen2.5-3B,fictional_b1,fictional,1,last,12,5,1,0.0655,0.0329,-0.0327,-0.0301,42,18
Qwen/Qwen2.5-3B,fictional_b1,fictional,1,last,12,8,1,0.0094,0.0358,0.0264,-0.027,42,18
Qwen/Qwen2.5-3B,fictional_b1,fictional,1,last,12,16,1,0.0064,0.0821,0.0756,-0.0136,42,18
Qwen/Qwen2.5-3B,fictional_b1,fictional,1,last,12,2,2,-0.003,-0.0118,-0.0088,0.0261,42,18
Qwen/Qwen2.5-3B,fictional_b1,fictional,1,last,12,3,2,0.0001,0.0101,0.01,-0.0032,42,18
Qwen/Qwen2.5-3B,fictional_b1,fictional,1,last,12,5,2,-0.0221,0.0869,0.109,-0.0144,42,18
Qwen/Qwen2.5-3B,fictional_b1,fictional,1,last,12,8,2,0.004,0.1693,0.1653,-0.0184,42,18
Qwen/Qwen2.5-3B,fictional_b1,fictional,1,last,12,16,2,0.0668,0.0595,-0.0073,-0.0001,42,18
Qwen/Qwen2.5-3B,fictional_b1,fictional,1,last,12,2,3,0.0025,0.0124,0.0099,0.041,42,18
Qwen/Qwen2.5-3B,fictional_b1,fictional,1,last,12,3,3,-0.0385,0.061,0.0995,-0.0217,42,18
Qwen/Qwen2.5-3B,fictional_b1,fictional,1,last,12,5,3,0.0417,0.0924,0.0506,-0.023,42,18
Qwen/Qwen2.5-3B,fictional_b1,fictional,1,last,12,8,3,0.0124,0.0519,0.0395,-0.036,42,18
Qwen/Qwen2.5-3B,fictional_b1,fictional,1,last,12,16,3,0.0105,0.146,0.1356,-0.0238,42,18
Qwen/Qwen2.5-3B,fictional_b1,fictional,1,last,12,2,4,0.0126,0.0244,0.0118,-0.0014,42,18
Qwen/Qwen2.5-3B,fictional_b1,fictional,1,last,12,3,4,-0.0023,0.0231,0.0253,0.0293,42,18
Qwen/Qwen2.5-3B,fictional_b1,fictional,1,last,12,5,4,-0.0412,0.0694,0.1106,0.0194,42,18
Qwen/Qwen2.5-3B,fictional_b1,fictional,1,last,12,8,4,-0.008,0.0969,0.1049,-0.013,42,18
Qwen/Qwen2.5-3B,fictional_b1,fictional,1,last,12,16,4,0.0552,0.0804,0.0252,-0.0035,42,18
Qwen/Qwen2.5-3B,fictional_b1,fictional,1,last,12,2,5,-0.0407,0.0006,0.0413,-0.0085,42,18
Qwen/Qwen2.5-3B,fictional_b1,fictional,1,last,12,3,5,0.0118,-0.004,-0.0158,-0.0282,42,18
Qwen/Qwen2.5-3B,fictional_b1,fictional,1,last,12,5,5,-0.0111,0.0876,0.0987,0.0338,42,18
Qwen/Qwen2.5-3B,fictional_b1,fictional,1,last,12,8,5,0.0037,0.1109,0.1073,0.0272,42,18
Qwen/Qwen2.5-3B,fictional_b1,fictional,1,last,12,16,5,0.0496,0.1587,0.1091,0.0268,42,18
Qwen/Qwen2.5-3B,fictional_b1,fictional,1,last,16,2,0,0.0427,0.0086,-0.0342,0.0591,42,18
Qwen/Qwen2.5-3B,fictional_b1,fictional,1,last,16,3,0,-0.0069,-0.0305,-0.0236,0.0116,42,18
Qwen/Qwen2.5-3B,fictional_b1,fictional,1,last,16,5,0,-0.0032,0.0834,0.0866,-0.0157,42,18
Qwen/Qwen2.5-3B,fictional_b1,fictional,1,last,16,8,0,-0.0035,0.1055,0.109,-0.0133,42,18
Qwen/Qwen2.5-3B,fictional_b1,fictional,1,last,16,16,0,0.0564,0.1096,0.0532,0.0017,42,18
Qwen/Qwen2.5-3B,fictional_b1,fictional,1,last,16,2,1,-0.0072,-0.0017,0.0055,0.0153,42,18
Qwen/Qwen2.5-3B,fictional_b1,fictional,1,last,16,3,1,-0.004,0.018,0.022,-0.0286,42,18
Qwen/Qwen2.5-3B,fictional_b1,fictional,1,last,16,5,1,-0.007,0.1401,0.1472,-0.0165,42,18
Qwen/Qwen2.5-3B,fictional_b1,fictional,1,last,16,8,1,0.0228,0.1002,0.0774,-0.019,42,18
Qwen/Qwen2.5-3B,fictional_b1,fictional,1,last,16,16,1,0.0662,0.0588,-0.0073,0.0054,42,18
Qwen/Qwen2.5-3B,fictional_b1,fictional,1,last,16,2,2,0.0044,-0.0079,-0.0123,-0.0231,42,18
Qwen/Qwen2.5-3B,fictional_b1,fictional,1,last,16,3,2,-0.0252,0.0102,0.0354,-0.0416,42,18
Qwen/Qwen2.5-3B,fictional_b1,fictional,1,last,16,5,2,-0.0005,0.0797,0.0802,0.021,42,18
Qwen/Qwen2.5-3B,fictional_b1,fictional,1,last,16,8,2,0.0022,0.1001,0.0979,0.0024,42,18
Qwen/Qwen2.5-3B,fictional_b1,fictional,1,last,16,16,2,0.1179,0.0613,-0.0565,-0.0086,42,18
Qwen/Qwen2.5-3B,fictional_b1,fictional,1,last,16,2,3,-0.0142,0.0178,0.032,-0.0033,42,18
Qwen/Qwen2.5-3B,fictional_b1,fictional,1,last,16,3,3,0.0151,0.0006,-0.0145,-0.0078,42,18
Qwen/Qwen2.5-3B,fictional_b1,fictional,1,last,16,5,3,0.0084,0.0783,0.0699,0.0021,42,18
Qwen/Qwen2.5-3B,fictional_b1,fictional,1,last,16,8,3,0.0007,0.1166,0.1159,-0.0096,42,18
Qwen/Qwen2.5-3B,fictional_b1,fictional,1,last,16,16,3,0.0488,0.1282,0.0795,0.0108,42,18
Qwen/Qwen2.5-3B,fictional_b1,fictional,1,last,16,2,4,0.0007,0.0314,0.0307,0.0,42,18
Qwen/Qwen2.5-3B,fictional_b1,fictional,1,last,16,3,4,0.0159,-0.0006,-0.0166,0.0265,42,18
Qwen/Qwen2.5-3B,fictional_b1,fictional,1,last,16,5,4,0.0105,0.0991,0.0885,-0.0501,42,18
Qwen/Qwen2.5-3B,fictional_b1,fictional,1,last,16,8,4,-0.0196,0.1441,0.1637,-0.0103,42,18
Qwen/Qwen2.5-3B,fictional_b1,fictional,1,last,16,16,4,0.0934,0.1412,0.0478,-0.0293,42,18
Qwen/Qwen2.5-3B,fictional_b1,fictional,1,last,16,2,5,-0.0299,0.0242,0.054,-0.0261,42,18
Qwen/Qwen2.5-3B,fictional_b1,fictional,1,last,16,3,5,0.0009,0.0144,0.0135,-0.014,42,18
Qwen/Qwen2.5-3B,fictional_b1,fictional,1,last,16,5,5,0.0074,0.0945,0.0871,0.0169,42,18
Qwen/Qwen2.5-3B,fictional_b1,fictional,1,last,16,8,5,-0.0115,0.1368,0.1483,-0.0176,42,18
Qwen/Qwen2.5-3B,fictional_b1,fictional,1,last,16,16,5,0.0652,0.0353,-0.0298,-0.0078,42,18
Qwen/Qwen2.5-3B,fictional_b1,fictional,1,last,20,2,0,0.0939,0.0023,-0.0916,0.0069,42,18
Qwen/Qwen2.5-3B,fictional_b1,fictional,1,last,20,3,0,0.0299,0.0419,0.012,0.0282,42,18
Qwen/Qwen2.5-3B,fictional_b1,fictional,1,last,20,5,0,0.0253,0.0746,0.0493,-0.036,42,18
Qwen/Qwen2.5-3B,fictional_b1,fictional,1,last,20,8,0,0.0707,0.1377,0.067,-0.0031,42,18
Qwen/Qwen2.5-3B,fictional_b1,fictional,1,last,20,16,0,0.1064,0.1729,0.0665,-0.0153,42,18
Qwen/Qwen2.5-3B,fictional_b1,fictional,1,last,20,2,1,0.0195,0.0047,-0.0148,-0.0136,42,18
Qwen/Qwen2.5-3B,fictional_b1,fictional,1,last,20,3,1,0.0196,0.0838,0.0643,-0.0259,42,18
Qwen/Qwen2.5-3B,fictional_b1,fictional,1,last,20,5,1,0.0434,0.1104,0.067,-0.0124,42,18
Qwen/Qwen2.5-3B,fictional_b1,fictional,1,last,20,8,1,0.0617,0.1128,0.0511,-0.0429,42,18
Qwen/Qwen2.5-3B,fictional_b1,fictional,1,last,20,16,1,0.09,0.0807,-0.0093,-0.0061,42,18
Qwen/Qwen2.5-3B,fictional_b1,fictional,1,last,20,2,2,0.0354,0.0322,-0.0032,0.0168,42,18
Qwen/Qwen2.5-3B,fictional_b1,fictional,1,last,20,3,2,0.049,-0.0143,-0.0632,-0.0066,42,18
Qwen/Qwen2.5-3B,fictional_b1,fictional,1,last,20,5,2,0.0259,0.1335,0.1076,-0.0141,42,18
Qwen/Qwen2.5-3B,fictional_b1,fictional,1,last,20,8,2,0.0489,0.137,0.0881,0.004,42,18
Qwen/Qwen2.5-3B,fictional_b1,fictional,1,last,20,16,2,0.1005,0.202,0.1015,0.0272,42,18
Qwen/Qwen2.5-3B,fictional_b1,fictional,1,last,20,2,3,0.018,0.0356,0.0176,-0.0216,42,18
Qwen/Qwen2.5-3B,fictional_b1,fictional,1,last,20,3,3,-0.0022,0.1037,0.1059,-0.0273,42,18
Qwen/Qwen2.5-3B,fictional_b1,fictional,1,last,20,5,3,0.0148,0.0715,0.0567,0.0253,42,18
Qwen/Qwen2.5-3B,fictional_b1,fictional,1,last,20,8,3,0.0436,0.1141,0.0705,-0.0082,42,18
Qwen/Qwen2.5-3B,fictional_b1,fictional,1,last,20,16,3,0.0977,0.2092,0.1115,0.0079,42,18
Qwen/Qwen2.5-3B,fictional_b1,fictional,1,last,20,2,4,0.045,0.0657,0.0207,-0.0002,42,18
Qwen/Qwen2.5-3B,fictional_b1,fictional,1,last,20,3,4,0.0565,0.1048,0.0483,-0.0166,42,18
Qwen/Qwen2.5-3B,fictional_b1,fictional,1,last,20,5,4,0.0388,0.0625,0.0238,0.0002,42,18
Qwen/Qwen2.5-3B,fictional_b1,fictional,1,last,20,8,4,0.0244,0.1282,0.1038,-0.0278,42,18
Qwen/Qwen2.5-3B,fictional_b1,fictional,1,last,20,16,4,0.0944,0.0928,-0.0016,-0.0384,42,18
Qwen/Qwen2.5-3B,fictional_b1,fictional,1,last,20,2,5,0.0197,0.0343,0.0146,-0.0005,42,18
Qwen/Qwen2.5-3B,fictional_b1,fictional,1,last,20,3,5,0.0342,0.0307,-0.0034,0.0268,42,18
Qwen/Qwen2.5-3B,fictional_b1,fictional,1,last,20,5,5,0.0383,0.0992,0.0609,0.0439,42,18
Qwen/Qwen2.5-3B,fictional_b1,fictional,1,last,20,8,5,0.034,0.1357,0.1017,-0.0069,42,18
Qwen/Qwen2.5-3B,fictional_b1,fictional,1,last,20,16,5,0.1142,0.044,-0.0702,0.0018,42,18
Qwen/Qwen2.5-3B,fictional_b1,fictional,1,last,24,2,0,0.0649,0.0503,-0.0146,-0.0107,42,18
Qwen/Qwen2.5-3B,fictional_b1,fictional,1,last,24,3,0,0.0588,0.0869,0.0282,0.008,42,18
Qwen/Qwen2.5-3B,fictional_b1,fictional,1,last,24,5,0,0.1026,0.1025,-0.0,-0.0508,42,18
Qwen/Qwen2.5-3B,fictional_b1,fictional,1,last,24,8,0,0.0741,0.144,0.0699,-0.0408,42,18
Qwen/Qwen2.5-3B,fictional_b1,fictional,1,last,24,16,0,0.157,0.2246,0.0676,-0.0101,42,18
Qwen/Qwen2.5-3B,fictional_b1,fictional,1,last,24,2,1,0.0345,0.0288,-0.0058,0.0301,42,18
Qwen/Qwen2.5-3B,fictional_b1,fictional,1,last,24,3,1,0.0086,0.0405,0.0319,-0.025,42,18
Qwen/Qwen2.5-3B,fictional_b1,fictional,1,last,24,5,1,0.0552,0.1111,0.0559,-0.0085,42,18
Qwen/Qwen2.5-3B,fictional_b1,fictional,1,last,24,8,1,0.0852,0.186,0.1007,0.0015,42,18
Qwen/Qwen2.5-3B,fictional_b1,fictional,1,last,24,16,1,0.1305,0.148,0.0175,-0.0071,42,18
Qwen/Qwen2.5-3B,fictional_b1,fictional,1,last,24,2,2,0.0244,-0.0063,-0.0307,-0.0132,42,18
Qwen/Qwen2.5-3B,fictional_b1,fictional,1,last,24,3,2,0.1283,0.0385,-0.0898,0.0041,42,18
Qwen/Qwen2.5-3B,fictional_b1,fictional,1,last,24,5,2,0.0594,0.0888,0.0294,0.0404,42,18
Qwen/Qwen2.5-3B,fictional_b1,fictional,1,last,24,8,2,0.0915,0.1617,0.0702,0.0326,42,18
Qwen/Qwen2.5-3B,fictional_b1,fictional,1,last,24,16,2,0.1748,0.2642,0.0894,0.0308,42,18
Qwen/Qwen2.5-3B,fictional_b1,fictional,1,last,24,2,3,0.0614,0.0503,-0.0111,-0.0134,42,18
Qwen/Qwen2.5-3B,fictional_b1,fictional,1,last,24,3,3,0.037,0.0508,0.0138,0.0111,42,18
Qwen/Qwen2.5-3B,fictional_b1,fictional,1,last,24,5,3,0.0592,0.126,0.0668,0.0317,42,18
Qwen/Qwen2.5-3B,fictional_b1,fictional,1,last,24,8,3,0.0555,0.1097,0.0543,0.0345,42,18
Qwen/Qwen2.5-3B,fictional_b1,fictional,1,last,24,16,3,0.1429,0.0912,-0.0517,-0.0143,42,18
Qwen/Qwen2.5-3B,fictional_b1,fictional,1,last,24,2,4,-0.0015,0.0423,0.0438,0.0584,42,18
Qwen/Qwen2.5-3B,fictional_b1,fictional,1,last,24,3,4,0.0406,0.093,0.0524,0.0231,42,18
Qwen/Qwen2.5-3B,fictional_b1,fictional,1,last,24,5,4,0.0465,0.1355,0.089,-0.008,42,18
Qwen/Qwen2.5-3B,fictional_b1,fictional,1,last,24,8,4,0.0879,0.139,0.0511,-0.029,42,18
Qwen/Qwen2.5-3B,fictional_b1,fictional,1,last,24,16,4,0.1396,0.2319,0.0923,-0.0059,42,18
Qwen/Qwen2.5-3B,fictional_b1,fictional,1,last,24,2,5,0.0808,0.0689,-0.0119,-0.0365,42,18
Qwen/Qwen2.5-3B,fictional_b1,fictional,1,last,24,3,5,0.0297,0.0931,0.0634,-0.0152,42,18
Qwen/Qwen2.5-3B,fictional_b1,fictional,1,last,24,5,5,0.0543,0.0989,0.0446,0.0212,42,18
Qwen/Qwen2.5-3B,fictional_b1,fictional,1,last,24,8,5,0.0779,0.1249,0.047,0.0621,42,18
Qwen/Qwen2.5-3B,fictional_b1,fictional,1,last,24,16,5,0.2154,0.0762,-0.1392,0.0081,42,18
Qwen/Qwen2.5-3B,fictional_b1,fictional,1,last,28,2,0,0.0677,0.0359,-0.0319,0.0102,42,18
Qwen/Qwen2.5-3B,fictional_b1,fictional,1,last,28,3,0,0.0407,0.047,0.0063,-0.0163,42,18
Qwen/Qwen2.5-3B,fictional_b1,fictional,1,last,28,5,0,0.0604,0.1156,0.0552,0.0206,42,18
Qwen/Qwen2.5-3B,fictional_b1,fictional,1,last,28,8,0,0.1186,0.1102,-0.0084,0.0276,42,18
Qwen/Qwen2.5-3B,fictional_b1,fictional,1,last,28,16,0,0.1641,0.1207,-0.0434,-0.0299,42,18
Qwen/Qwen2.5-3B,fictional_b1,fictional,1,last,28,2,1,-0.0137,0.0536,0.0673,-0.0206,42,18
Qwen/Qwen2.5-3B,fictional_b1,fictional,1,last,28,3,1,0.061,0.0768,0.0158,-0.0041,42,18
Qwen/Qwen2.5-3B,fictional_b1,fictional,1,last,28,5,1,0.0852,0.1698,0.0846,-0.0148,42,18
Qwen/Qwen2.5-3B,fictional_b1,fictional,1,last,28,8,1,0.0502,0.1019,0.0517,0.0093,42,18
Qwen/Qwen2.5-3B,fictional_b1,fictional,1,last,28,16,1,0.1511,0.1088,-0.0423,0.0288,42,18
Qwen/Qwen2.5-3B,fictional_b1,fictional,1,last,28,2,2,0.0141,0.0616,0.0475,-0.0046,42,18
Qwen/Qwen2.5-3B,fictional_b1,fictional,1,last,28,3,2,0.0775,0.0688,-0.0086,0.0045,42,18
Qwen/Qwen2.5-3B,fictional_b1,fictional,1,last,28,5,2,0.0581,0.1006,0.0425,0.0603,42,18
Qwen/Qwen2.5-3B,fictional_b1,fictional,1,last,28,8,2,0.079,0.1526,0.0736,0.0321,42,18
Qwen/Qwen2.5-3B,fictional_b1,fictional,1,last,28,16,2,0.188,0.2199,0.0319,0.0036,42,18
Qwen/Qwen2.5-3B,fictional_b1,fictional,1,last,28,2,3,0.0616,0.027,-0.0346,0.018,42,18
Qwen/Qwen2.5-3B,fictional_b1,fictional,1,last,28,3,3,0.0994,0.0295,-0.0699,-0.0063,42,18
Qwen/Qwen2.5-3B,fictional_b1,fictional,1,last,28,5,3,0.1283,0.155,0.0267,-0.0225,42,18
Qwen/Qwen2.5-3B,fictional_b1,fictional,1,last,28,8,3,0.0657,0.1408,0.0751,0.0294,42,18
Qwen/Qwen2.5-3B,fictional_b1,fictional,1,last,28,16,3,0.1291,0.0603,-0.0689,0.0164,42,18
Qwen/Qwen2.5-3B,fictional_b1,fictional,1,last,28,2,4,0.0932,-0.0074,-0.1006,-0.0137,42,18
Qwen/Qwen2.5-3B,fictional_b1,fictional,1,last,28,3,4,0.018,0.0236,0.0056,0.0236,42,18
Qwen/Qwen2.5-3B,fictional_b1,fictional,1,last,28,5,4,0.0393,0.1095,0.0702,0.0347,42,18
Qwen/Qwen2.5-3B,fictional_b1,fictional,1,last,28,8,4,0.0743,0.1344,0.0601,-0.0324,42,18
Qwen/Qwen2.5-3B,fictional_b1,fictional,1,last,28,16,4,0.1828,-0.0162,-0.199,0.0147,42,18
Qwen/Qwen2.5-3B,fictional_b1,fictional,1,last,28,2,5,0.0377,0.0698,0.0321,-0.0313,42,18
Qwen/Qwen2.5-3B,fictional_b1,fictional,1,last,28,3,5,0.1148,0.0714,-0.0434,-0.024,42,18
Qwen/Qwen2.5-3B,fictional_b1,fictional,1,last,28,5,5,0.0584,0.1568,0.0984,-0.0144,42,18
Qwen/Qwen2.5-3B,fictional_b1,fictional,1,last,28,8,5,0.106,0.1476,0.0417,0.0126,42,18
Qwen/Qwen2.5-3B,fictional_b1,fictional,1,last,28,16,5,0.167,0.0072,-0.1598,0.0233,42,18
Qwen/Qwen2.5-3B,fictional_b1,fictional,1,last,32,2,0,0.0456,0.0025,-0.0432,-0.0003,42,18
Qwen/Qwen2.5-3B,fictional_b1,fictional,1,last,32,3,0,0.0043,-0.003,-0.0073,0.0156,42,18
Qwen/Qwen2.5-3B,fictional_b1,fictional,1,last,32,5,0,0.0384,0.1205,0.0821,0.0336,42,18
Qwen/Qwen2.5-3B,fictional_b1,fictional,1,last,32,8,0,0.1044,0.1521,0.0477,-0.0098,42,18
Qwen/Qwen2.5-3B,fictional_b1,fictional,1,last,32,16,0,0.1211,0.0488,-0.0723,0.0031,42,18
Qwen/Qwen2.5-3B,fictional_b1,fictional,1,last,32,2,1,0.0576,0.0931,0.0354,-0.0009,42,18
Qwen/Qwen2.5-3B,fictional_b1,fictional,1,last,32,3,1,0.0348,0.0433,0.0085,0.0106,42,18
Qwen/Qwen2.5-3B,fictional_b1,fictional,1,last,32,5,1,0.1362,0.1143,-0.0218,0.0103,42,18
Qwen/Qwen2.5-3B,fictional_b1,fictional,1,last,32,8,1,0.1352,0.1774,0.0422,-0.0057,42,18
Qwen/Qwen2.5-3B,fictional_b1,fictional,1,last,32,16,1,0.1698,0.0415,-0.1283,0.0109,42,18
Qwen/Qwen2.5-3B,fictional_b1,fictional,1,last,32,2,2,0.0719,0.0362,-0.0356,-0.0275,42,18
Qwen/Qwen2.5-3B,fictional_b1,fictional,1,last,32,3,2,0.0689,0.0475,-0.0214,0.0183,42,18
Qwen/Qwen2.5-3B,fictional_b1,fictional,1,last,32,5,2,0.0529,0.0886,0.0357,-0.0037,42,18
Qwen/Qwen2.5-3B,fictional_b1,fictional,1,last,32,8,2,0.0772,0.1971,0.12,-0.0176,42,18
Qwen/Qwen2.5-3B,fictional_b1,fictional,1,last,32,16,2,0.1085,0.1069,-0.0016,0.0079,42,18
Qwen/Qwen2.5-3B,fictional_b1,fictional,1,last,32,2,3,0.0369,0.0428,0.0059,0.0031,42,18
Qwen/Qwen2.5-3B,fictional_b1,fictional,1,last,32,3,3,0.028,0.0663,0.0384,-0.0269,42,18
Qwen/Qwen2.5-3B,fictional_b1,fictional,1,last,32,5,3,0.0393,0.0979,0.0586,-0.0325,42,18
Qwen/Qwen2.5-3B,fictional_b1,fictional,1,last,32,8,3,0.0467,0.0942,0.0474,-0.0135,42,18
Qwen/Qwen2.5-3B,fictional_b1,fictional,1,last,32,16,3,0.1891,0.0441,-0.145,-0.0097,42,18
Qwen/Qwen2.5-3B,fictional_b1,fictional,1,last,32,2,4,0.0136,0.0517,0.0381,-0.0166,42,18
Qwen/Qwen2.5-3B,fictional_b1,fictional,1,last,32,3,4,0.0331,0.0647,0.0316,-0.0213,42,18
Qwen/Qwen2.5-3B,fictional_b1,fictional,1,last,32,5,4,0.0361,0.1035,0.0674,-0.0354,42,18
Qwen/Qwen2.5-3B,fictional_b1,fictional,1,last,32,8,4,0.095,0.1568,0.0618,-0.0358,42,18
Qwen/Qwen2.5-3B,fictional_b1,fictional,1,last,32,16,4,0.1273,0.0395,-0.0878,-0.023,42,18
Qwen/Qwen2.5-3B,fictional_b1,fictional,1,last,32,2,5,0.0217,-0.0052,-0.0269,-0.0136,42,18
Qwen/Qwen2.5-3B,fictional_b1,fictional,1,last,32,3,5,0.0546,0.0529,-0.0017,0.0244,42,18
Qwen/Qwen2.5-3B,fictional_b1,fictional,1,last,32,5,5,0.102,0.1077,0.0057,0.05,42,18
Qwen/Qwen2.5-3B,fictional_b1,fictional,1,last,32,8,5,0.0391,0.0984,0.0594,0.0358,42,18
Qwen/Qwen2.5-3B,fictional_b1,fictional,1,last,32,16,5,0.1189,0.0612,-0.0577,-0.0208,42,18
Qwen/Qwen2.5-3B,fictional_b1,fictional,1,last,36,2,0,0.0108,0.0446,0.0338,0.0104,42,18
Qwen/Qwen2.5-3B,fictional_b1,fictional,1,last,36,3,0,0.0397,0.036,-0.0037,0.0277,42,18
Qwen/Qwen2.5-3B,fictional_b1,fictional,1,last,36,5,0,0.0898,0.12,0.0303,-0.0457,42,18
Qwen/Qwen2.5-3B,fictional_b1,fictional,1,last,36,8,0,0.0631,0.0675,0.0044,0.0335,42,18
Qwen/Qwen2.5-3B,fictional_b1,fictional,1,last,36,16,0,0.1386,0.0784,-0.0602,0.0125,42,18
Qwen/Qwen2.5-3B,fictional_b1,fictional,1,last,36,2,1,0.0064,0.0324,0.026,0.0039,42,18
Qwen/Qwen2.5-3B,fictional_b1,fictional,1,last,36,3,1,0.0209,0.0685,0.0476,-0.0207,42,18
Qwen/Qwen2.5-3B,fictional_b1,fictional,1,last,36,5,1,0.0523,0.1562,0.1038,-0.0185,42,18
Qwen/Qwen2.5-3B,fictional_b1,fictional,1,last,36,8,1,0.0772,0.1432,0.066,-0.0344,42,18
Qwen/Qwen2.5-3B,fictional_b1,fictional,1,last,36,16,1,0.122,0.086,-0.036,-0.031,42,18
Qwen/Qwen2.5-3B,fictional_b1,fictional,1,last,36,2,2,0.0257,0.0904,0.0647,-0.009,42,18
Qwen/Qwen2.5-3B,fictional_b1,fictional,1,last,36,3,2,0.0648,0.1394,0.0747,-0.0259,42,18
Qwen/Qwen2.5-3B,fictional_b1,fictional,1,last,36,5,2,0.0845,0.0809,-0.0036,0.0178,42,18
Qwen/Qwen2.5-3B,fictional_b1,fictional,1,last,36,8,2,0.1353,0.206,0.0707,-0.0094,42,18
Qwen/Qwen2.5-3B,fictional_b1,fictional,1,last,36,16,2,0.1765,0.1599,-0.0166,-0.0127,42,18
Qwen/Qwen2.5-3B,fictional_b1,fictional,1,last,36,2,3,0.1156,0.0875,-0.0281,-0.0097,42,18
Qwen/Qwen2.5-3B,fictional_b1,fictional,1,last,36,3,3,0.0421,0.0686,0.0265,-0.0028,42,18
Qwen/Qwen2.5-3B,fictional_b1,fictional,1,last,36,5,3,0.1046,0.0705,-0.034,-0.0161,42,18
Qwen/Qwen2.5-3B,fictional_b1,fictional,1,last,36,8,3,0.1081,0.136,0.0279,-0.0238,42,18
Qwen/Qwen2.5-3B,fictional_b1,fictional,1,last,36,16,3,0.1066,0.0936,-0.013,-0.0141,42,18
Qwen/Qwen2.5-3B,fictional_b1,fictional,1,last,36,2,4,0.048,0.0087,-0.0393,0.0268,42,18
Qwen/Qwen2.5-3B,fictional_b1,fictional,1,last,36,3,4,0.0349,0.036,0.0011,-0.0147,42,18
Qwen/Qwen2.5-3B,fictional_b1,fictional,1,last,36,5,4,0.0387,0.0746,0.036,-0.0072,42,18
Qwen/Qwen2.5-3B,fictional_b1,fictional,1,last,36,8,4,0.0012,0.1078,0.1067,-0.0247,42,18
Qwen/Qwen2.5-3B,fictional_b1,fictional,1,last,36,16,4,0.1778,0.1261,-0.0517,0.0205,42,18
Qwen/Qwen2.5-3B,fictional_b1,fictional,1,last,36,2,5,0.061,0.0812,0.0202,-0.0139,42,18
Qwen/Qwen2.5-3B,fictional_b1,fictional,1,last,36,3,5,0.1122,0.0706,-0.0417,-0.0326,42,18
Qwen/Qwen2.5-3B,fictional_b1,fictional,1,last,36,5,5,0.05,0.1115,0.0615,0.0103,42,18
Qwen/Qwen2.5-3B,fictional_b1,fictional,1,last,36,8,5,0.0865,0.0927,0.0062,-0.0226,42,18
Qwen/Qwen2.5-3B,fictional_b1,fictional,1,last,36,16,5,0.1493,0.1687,0.0194,-0.0541,42,18
Qwen/Qwen2.5-3B,fictional_b2,fictional,2,premise,0,2,0,-0.0659,-0.0659,0.0,0.0099,42,18
Qwen/Qwen2.5-3B,fictional_b2,fictional,2,premise,0,3,0,-0.0659,-0.0542,0.0117,0.0006,42,18
Qwen/Qwen2.5-3B,fictional_b2,fictional,2,premise,0,5,0,-0.0659,-0.0496,0.0163,0.0099,42,18
Qwen/Qwen2.5-3B,fictional_b2,fictional,2,premise,0,8,0,-0.0659,-0.0496,0.0163,0.0006,42,18
Qwen/Qwen2.5-3B,fictional_b2,fictional,2,premise,0,16,0,-0.0659,-0.0659,0.0,0.0099,42,18
Qwen/Qwen2.5-3B,fictional_b2,fictional,2,premise,0,2,1,-0.0514,-0.0514,0.0,-0.0011,42,18
Qwen/Qwen2.5-3B,fictional_b2,fictional,2,premise,0,3,1,-0.0514,-0.038,0.0134,-0.0011,42,18
Qwen/Qwen2.5-3B,fictional_b2,fictional,2,premise,0,5,1,-0.0514,-0.038,0.0134,-0.0011,42,18
Qwen/Qwen2.5-3B,fictional_b2,fictional,2,premise,0,8,1,-0.0514,-0.0514,0.0,-0.0106,42,18
Qwen/Qwen2.5-3B,fictional_b2,fictional,2,premise,0,16,1,-0.0514,-0.0514,0.0,0.0028,42,18
Qwen/Qwen2.5-3B,fictional_b2,fictional,2,premise,0,2,2,-0.0319,-0.0166,0.0153,0.0263,42,18
Qwen/Qwen2.5-3B,fictional_b2,fictional,2,premise,0,3,2,-0.0319,-0.0319,0.0,0.0315,42,18
Qwen/Qwen2.5-3B,fictional_b2,fictional,2,premise,0,5,2,-0.0319,-0.0319,0.0,0.0315,42,18
Qwen/Qwen2.5-3B,fictional_b2,fictional,2,premise,0,8,2,-0.0319,-0.0136,0.0184,0.0361,42,18
Qwen/Qwen2.5-3B,fictional_b2,fictional,2,premise,0,16,2,-0.0319,-0.0319,0.0,0.0315,42,18
Qwen/Qwen2.5-3B,fictional_b2,fictional,2,premise,0,2,3,-0.0454,-0.0343,0.0112,0.0326,42,18
Qwen/Qwen2.5-3B,fictional_b2,fictional,2,premise,0,3,3,-0.0454,-0.0343,0.0112,0.0326,42,18
Qwen/Qwen2.5-3B,fictional_b2,fictional,2,premise,0,5,3,-0.0454,-0.0454,0.0,0.0243,42,18
Qwen/Qwen2.5-3B,fictional_b2,fictional,2,premise,0,8,3,-0.0454,-0.0262,0.0193,0.0201,42,18
Qwen/Qwen2.5-3B,fictional_b2,fictional,2,premise,0,16,3,-0.0454,-0.0454,0.0,0.0243,42,18
Qwen/Qwen2.5-3B,fictional_b2,fictional,2,premise,0,2,4,-0.0572,-0.0572,0.0,0.0132,42,18
Qwen/Qwen2.5-3B,fictional_b2,fictional,2,premise,0,3,4,-0.0572,-0.0572,0.0,0.0132,42,18
Qwen/Qwen2.5-3B,fictional_b2,fictional,2,premise,0,5,4,-0.0572,-0.0448,0.0124,0.0217,42,18
Qwen/Qwen2.5-3B,fictional_b2,fictional,2,premise,0,8,4,-0.0572,-0.0572,0.0,0.0132,42,18
Qwen/Qwen2.5-3B,fictional_b2,fictional,2,premise,0,16,4,-0.0572,-0.0572,0.0,0.0132,42,18
Qwen/Qwen2.5-3B,fictional_b2,fictional,2,premise,0,2,5,-0.0453,-0.0362,0.0091,0.0445,42,18
Qwen/Qwen2.5-3B,fictional_b2,fictional,2,premise,0,3,5,-0.0453,-0.0453,0.0,0.0417,42,18
Qwen/Qwen2.5-3B,fictional_b2,fictional,2,premise,0,5,5,-0.0453,-0.0362,0.0091,0.0445,42,18
Qwen/Qwen2.5-3B,fictional_b2,fictional,2,premise,0,8,5,-0.0453,-0.0362,0.0091,0.0445,42,18
Qwen/Qwen2.5-3B,fictional_b2,fictional,2,premise,0,16,5,-0.0453,-0.0453,0.0,0.0417,42,18
Qwen/Qwen2.5-3B,fictional_b2,fictional,2,premise,4,2,0,0.0555,0.0647,0.0092,-0.0125,42,18
Qwen/Qwen2.5-3B,fictional_b2,fictional,2,premise,4,3,0,-0.0032,0.0831,0.0863,0.0081,42,18
Qwen/Qwen2.5-3B,fictional_b2,fictional,2,premise,4,5,0,0.0662,0.1267,0.0605,-0.0119,42,18
Qwen/Qwen2.5-3B,fictional_b2,fictional,2,premise,4,8,0,0.1055,0.1515,0.046,0.0267,42,18
Qwen/Qwen2.5-3B,fictional_b2,fictional,2,premise,4,16,0,0.1668,0.0036,-0.1631,0.0238,42,18
Qwen/Qwen2.5-3B,fictional_b2,fictional,2,premise,4,2,1,0.0144,0.0416,0.0272,0.0048,42,18
Qwen/Qwen2.5-3B,fictional_b2,fictional,2,premise,4,3,1,0.0149,0.1158,0.1008,-0.0275,42,18
Qwen/Qwen2.5-3B,fictional_b2,fictional,2,premise,4,5,1,0.0644,0.152,0.0876,-0.0262,42,18
Qwen/Qwen2.5-3B,fictional_b2,fictional,2,premise,4,8,1,0.1017,0.1386,0.037,0.0041,42,18
Qwen/Qwen2.5-3B,fictional_b2,fictional,2,premise,4,16,1,0.1659,0.0128,-0.1531,0.0401,42,18
Qwen/Qwen2.5-3B,fictional_b2,fictional,2,premise,4,2,2,-0.0163,0.0184,0.0347,0.011,42,18
Qwen/Qwen2.5-3B,fictional_b2,fictional,2,premise,4,3,2,0.0526,0.0803,0.0278,0.0092,42,18
Qwen/Qwen2.5-3B,fictional_b2,fictional,2,premise,4,5,2,0.0627,0.155,0.0923,0.0553,42,18
Qwen/Qwen2.5-3B,fictional_b2,fictional,2,premise,4,8,2,0.0627,0.1254,0.0627,-0.0276,42,18
Qwen/Qwen2.5-3B,fictional_b2,fictional,2,premise,4,16,2,0.1863,-0.021,-0.2073,-0.0355,42,18
Qwen/Qwen2.5-3B,fictional_b2,fictional,2,premise,4,2,3,0.0126,0.0412,0.0286,-0.0082,42,18
Qwen/Qwen2.5-3B,fictional_b2,fictional,2,premise,4,3,3,0.0208,0.1028,0.082,-0.0295,42,18
Qwen/Qwen2.5-3B,fictional_b2,fictional,2,premise,4,5,3,0.0224,0.1279,0.1055,-0.0164,42,18
Qwen/Qwen2.5-3B,fictional_b2,fictional,2,premise,4,8,3,0.0787,0.1228,0.0441,0.0247,42,18
Qwen/Qwen2.5-3B,fictional_b2,fictional,2,premise,4,16,3,0.185,0.064,-0.1209,0.0032,42,18
Qwen/Qwen2.5-3B,fictional_b2,fictional,2,premise,4,2,4,0.0216,0.0167,-0.0049,-0.0205,42,18
Qwen/Qwen2.5-3B,fictional_b2,fictional,2,premise,4,3,4,0.0385,0.0623,0.0238,-0.0215,42,18
Qwen/Qwen2.5-3B,fictional_b2,fictional,2,premise,4,5,4,0.018,0.1107,0.0927,-0.0346,42,18
Qwen/Qwen2.5-3B,fictional_b2,fictional,2,premise,4,8,4,0.0876,0.1087,0.0211,-0.0192,42,18
Qwen/Qwen2.5-3B,fictional_b2,fictional,2,premise,4,16,4,0.1698,0.0795,-0.0903,0.0019,42,18
Qwen/Qwen2.5-3B,fictional_b2,fictional,2,premise,4,2,5,-0.0045,0.0824,0.0869,0.0007,42,18
Qwen/Qwen2.5-3B,fictional_b2,fictional,2,premise,4,3,5,0.0684,0.0919,0.0235,-0.0226,42,18
Qwen/Qwen2.5-3B,fictional_b2,fictional,2,premise,4,5,5,0.0845,0.1624,0.0779,0.0376,42,18
Qwen/Qwen2.5-3B,fictional_b2,fictional,2,premise,4,8,5,0.0603,0.1195,0.0592,0.0255,42,18
Qwen/Qwen2.5-3B,fictional_b2,fictional,2,premise,4,16,5,0.1232,0.039,-0.0842,-0.0008,42,18
Qwen/Qwen2.5-3B,fictional_b2,fictional,2,premise,8,2,0,0.0414,0.112,0.0707,-0.0199,42,18
Qwen/Qwen2.5-3B,fictional_b2,fictional,2,premise,8,3,0,0.0166,0.0975,0.0809,0.0128,42,18
Qwen/Qwen2.5-3B,fictional_b2,fictional,2,premise,8,5,0,0.0722,0.2517,0.1795,-0.0229,42,18
Qwen/Qwen2.5-3B,fictional_b2,fictional,2,premise,8,8,0,0.1518,0.2561,0.1042,-0.021,42,18
Qwen/Qwen2.5-3B,fictional_b2,fictional,2,premise,8,16,0,0.2293,0.2906,0.0613,-0.0394,42,18
Qwen/Qwen2.5-3B,fictional_b2,fictional,2,premise,8,2,1,0.0259,0.0444,0.0186,0.0183,42,18
Qwen/Qwen2.5-3B,fictional_b2,fictional,2,premise,8,3,1,0.0616,0.1098,0.0483,-0.0206,42,18
Qwen/Qwen2.5-3B,fictional_b2,fictional,2,premise,8,5,1,0.056,0.2652,0.2092,-0.0218,42,18
Qwen/Qwen2.5-3B,fictional_b2,fictional,2,premise,8,8,1,0.1473,0.2088,0.0615,-0.0034,42,18
Qwen/Qwen2.5-3B,fictional_b2,fictional,2,premise,8,16,1,0.2085,0.1434,-0.0651,-0.0052,42,18
Qwen/Qwen2.5-3B,fictional_b2,fictional,2,premise,8,2,2,0.0529,0.0304,-0.0225,0.0004,42,18
Qwen/Qwen2.5-3B,fictional_b2,fictional,2,premise,8,3,2,0.0099,0.1453,0.1355,0.0041,42,18
Qwen/Qwen2.5-3B,fictional_b2,fictional,2,premise,8,5,2,0.074,0.2146,0.1406,0.0281,42,18
Qwen/Qwen2.5-3B,fictional_b2,fictional,2,premise,8,8,2,0.1368,0.0691,-0.0677,-0.0125,42,18
Qwen/Qwen2.5-3B,fictional_b2,fictional,2,premise,8,16,2,0.2295,0.0888,-0.1407,-0.0237,42,18
Qwen/Qwen2.5-3B,fictional_b2,fictional,2,premise,8,2,3,0.0292,0.0601,0.031,-0.0067,42,18
Qwen/Qwen2.5-3B,fictional_b2,fictional,2,premise,8,3,3,0.0567,0.1365,0.0799,0.0155,42,18
Qwen/Qwen2.5-3B,fictional_b2,fictional,2,premise,8,5,3,0.0737,0.2228,0.1491,0.002,42,18
Qwen/Qwen2.5-3B,fictional_b2,fictional,2,premise,8,8,3,0.1244,0.2535,0.1292,0.0029,42,18
Qwen/Qwen2.5-3B,fictional_b2,fictional,2,premise,8,16,3,0.2318,0.3362,0.1044,-0.0466,42,18
Qwen/Qwen2.5-3B,fictional_b2,fictional,2,premise,8,2,4,0.0228,0.0471,0.0243,-0.0116,42,18
Qwen/Qwen2.5-3B,fictional_b2,fictional,2,premise,8,3,4,0.0475,0.1513,0.1038,0.0307,42,18
Qwen/Qwen2.5-3B,fictional_b2,fictional,2,premise,8,5,4,0.0292,0.2768,0.2476,0.0241,42,18
Qwen/Qwen2.5-3B,fictional_b2,fictional,2,premise,8,8,4,0.1439,0.2673,0.1234,0.0166,42,18
Qwen/Qwen2.5-3B,fictional_b2,fictional,2,premise,8,16,4,0.2628,0.2552,-0.0076,-0.0077,42,18
Qwen/Qwen2.5-3B,fictional_b2,fictional,2,premise,8,2,5,0.0143,0.053,0.0387,-0.0003,42,18
Qwen/Qwen2.5-3B,fictional_b2,fictional,2,premise,8,3,5,0.1002,0.1538,0.0536,-0.0126,42,18
Qwen/Qwen2.5-3B,fictional_b2,fictional,2,premise,8,5,5,0.0712,0.216,0.1448,-0.0468,42,18
Qwen/Qwen2.5-3B,fictional_b2,fictional,2,premise,8,8,5,0.0859,0.1943,0.1084,-0.0334,42,18
Qwen/Qwen2.5-3B,fictional_b2,fictional,2,premise,8,16,5,0.2108,0.1123,-0.0985,-0.0029,42,18
Qwen/Qwen2.5-3B,fictional_b2,fictional,2,premise,12,2,0,-0.0032,0.0742,0.0774,0.0181,42,18
Qwen/Qwen2.5-3B,fictional_b2,fictional,2,premise,12,3,0,-0.0057,0.1606,0.1663,0.0069,42,18
Qwen/Qwen2.5-3B,fictional_b2,fictional,2,premise,12,5,0,0.0233,0.2743,0.2511,-0.0252,42,18
Qwen/Qwen2.5-3B,fictional_b2,fictional,2,premise,12,8,0,0.1122,0.2138,0.1016,-0.0391,42,18
Qwen/Qwen2.5-3B,fictional_b2,fictional,2,premise,12,16,0,0.2425,0.2842,0.0417,0.0021,42,18
Qwen/Qwen2.5-3B,fictional_b2,fictional,2,premise,12,2,1,0.0232,0.0919,0.0687,-0.0276,42,18
Qwen/Qwen2.5-3B,fictional_b2,fictional,2,premise,12,3,1,0.0559,0.2114,0.1555,0.023,42,18
Qwen/Qwen2.5-3B,fictional_b2,fictional,2,premise,12,5,1,0.0804,0.201,0.1206,0.0289,42,18
Qwen/Qwen2.5-3B,fictional_b2,fictional,2,premise,12,8,1,0.1764,0.2429,0.0665,0.0073,42,18
Qwen/Qwen2.5-3B,fictional_b2,fictional,2,premise,12,16,1,0.2593,0.2338,-0.0255,-0.0024,42,18
Qwen/Qwen2.5-3B,fictional_b2,fictional,2,premise,12,2,2,-0.0009,0.1167,0.1175,0.0116,42,18
Qwen/Qwen2.5-3B,fictional_b2,fictional,2,premise,12,3,2,0.035,0.2007,0.1657,-0.0241,42,18
Qwen/Qwen2.5-3B,fictional_b2,fictional,2,premise,12,5,2,0.0559,0.2346,0.1787,-0.0229,42,18
Qwen/Qwen2.5-3B,fictional_b2,fictional,2,premise,12,8,2,0.1707,0.2183,0.0475,-0.0274,42,18
Qwen/Qwen2.5-3B,fictional_b2,fictional,2,premise,12,16,2,0.2319,0.3101,0.0782,0.0052,42,18
Qwen/Qwen2.5-3B,fictional_b2,fictional,2,premise,12,2,3,0.0466,0.1025,0.0558,-0.0054,42,18
Qwen/Qwen2.5-3B,fictional_b2,fictional,2,premise,12,3,3,0.0252,0.1559,0.1307,0.0008,42,18
Qwen/Qwen2.5-3B,fictional_b2,fictional,2,premise,12,5,3,0.0337,0.2257,0.192,-0.039,42,18
Qwen/Qwen2.5-3B,fictional_b2,fictional,2,premise,12,8,3,0.1467,0.2337,0.087,-0.0125,42,18
Qwen/Qwen2.5-3B,fictional_b2,fictional,2,premise,12,16,3,0.2355,0.26,0.0244,-0.015,42,18
Qwen/Qwen2.5-3B,fictional_b2,fictional,2,premise,12,2,4,0.0066,0.0647,0.0581,-0.0551,42,18
Qwen/Qwen2.5-3B,fictional_b2,fictional,2,premise,12,3,4,0.0513,0.205,0.1537,0.0057,42,18
Qwen/Qwen2.5-3B,fictional_b2,fictional,2,premise,12,5,4,0.0564,0.266,0.2096,0.0198,42,18
Qwen/Qwen2.5-3B,fictional_b2,fictional,2,premise,12,8,4,0.1394,0.2848,0.1453,0.0006,42,18
Qwen/Qwen2.5-3B,fictional_b2,fictional,2,premise,12,16,4,0.2599,0.3783,0.1184,-0.0279,42,18
Qwen/Qwen2.5-3B,fictional_b2,fictional,2,premise,12,2,5,0.0281,0.0864,0.0583,-0.0298,42,18
Qwen/Qwen2.5-3B,fictional_b2,fictional,2,premise,12,3,5,0.0373,0.1571,0.1198,0.0035,42,18
Qwen/Qwen2.5-3B,fictional_b2,fictional,2,premise,12,5,5,0.1048,0.221,0.1162,-0.0239,42,18
Qwen/Qwen2.5-3B,fictional_b2,fictional,2,premise,12,8,5,0.1278,0.2801,0.1522,-0.0374,42,18
Qwen/Qwen2.5-3B,fictional_b2,fictional,2,premise,12,16,5,0.1929,0.3069,0.114,-0.0676,42,18
Qwen/Qwen2.5-3B,fictional_b2,fictional,2,premise,16,2,0,0.0685,0.1116,0.0431,-0.0371,42,18
Qwen/Qwen2.5-3B,fictional_b2,fictional,2,premise,16,3,0,0.0688,0.1573,0.0885,-0.0192,42,18
Qwen/Qwen2.5-3B,fictional_b2,fictional,2,premise,16,5,0,0.1351,0.2291,0.094,-0.0399,42,18
Qwen/Qwen2.5-3B,fictional_b2,fictional,2,premise,16,8,0,0.1091,0.2424,0.1333,0.0052,42,18
Qwen/Qwen2.5-3B,fictional_b2,fictional,2,premise,16,16,0,0.2714,0.217,-0.0544,0.0173,42,18
Qwen/Qwen2.5-3B,fictional_b2,fictional,2,premise,16,2,1,0.0296,0.0773,0.0478,-0.0254,42,18
Qwen/Qwen2.5-3B,fictional_b2,fictional,2,premise,16,3,1,0.0555,0.1509,0.0954,0.0431,42,18
Qwen/Qwen2.5-3B,fictional_b2,fictional,2,premise,16,5,1,0.064,0.2519,0.1879,-0.0168,42,18
Qwen/Qwen2.5-3B,fictional_b2,fictional,2,premise,16,8,1,0.1222,0.2137,0.0915,-0.0255,42,18
Qwen/Qwen2.5-3B,fictional_b2,fictional,2,premise,16,16,1,0.2555,0.1098,-0.1458,-0.0303,42,18
Qwen/Qwen2.5-3B,fictional_b2,fictional,2,premise,16,2,2,0.0163,0.1061,0.0898,-0.0087,42,18
Qwen/Qwen2.5-3B,fictional_b2,fictional,2,premise,16,3,2,0.0369,0.148,0.1111,-0.0005,42,18
Qwen/Qwen2.5-3B,fictional_b2,fictional,2,premise,16,5,2,0.0766,0.2464,0.1698,-0.0042,42,18
Qwen/Qwen2.5-3B,fictional_b2,fictional,2,premise,16,8,2,0.0835,0.2022,0.1188,0.0013,42,18
Qwen/Qwen2.5-3B,fictional_b2,fictional,2,premise,16,16,2,0.2472,0.0717,-0.1754,0.0112,42,18
Qwen/Qwen2.5-3B,fictional_b2,fictional,2,premise,16,2,3,0.0382,0.1141,0.0759,-0.0112,42,18
Qwen/Qwen2.5-3B,fictional_b2,fictional,2,premise,16,3,3,0.052,0.1637,0.1116,0.0538,42,18
Qwen/Qwen2.5-3B,fictional_b2,fictional,2,premise,16,5,3,0.0524,0.2892,0.2368,-0.0254,42,18
Qwen/Qwen2.5-3B,fictional_b2,fictional,2,premise,16,8,3,0.1222,0.2785,0.1562,-0.0048,42,18
Qwen/Qwen2.5-3B,fictional_b2,fictional,2,premise,16,16,3,0.241,0.0374,-0.2037,-0.0008,42,18
Qwen/Qwen2.5-3B,fictional_b2,fictional,2,premise,16,2,4,0.0552,0.1044,0.0492,0.0207,42,18
Qwen/Qwen2.5-3B,fictional_b2,fictional,2,premise,16,3,4,0.0824,0.1999,0.1175,0.0051,42,18
Qwen/Qwen2.5-3B,fictional_b2,fictional,2,premise,16,5,4,0.1116,0.3044,0.1928,-0.0386,42,18
Qwen/Qwen2.5-3B,fictional_b2,fictional,2,premise,16,8,4,0.1327,0.3342,0.2015,-0.0109,42,18
Qwen/Qwen2.5-3B,fictional_b2,fictional,2,premise,16,16,4,0.2796,0.3057,0.0261,0.0371,42,18
Qwen/Qwen2.5-3B,fictional_b2,fictional,2,premise,16,2,5,0.0239,0.0551,0.0312,-0.0212,42,18
Qwen/Qwen2.5-3B,fictional_b2,fictional,2,premise,16,3,5,0.0439,0.1452,0.1013,-0.035,42,18
Qwen/Qwen2.5-3B,fictional_b2,fictional,2,premise,16,5,5,0.0722,0.2142,0.142,0.0113,42,18
Qwen/Qwen2.5-3B,fictional_b2,fictional,2,premise,16,8,5,0.102,0.191,0.089,0.0122,42,18
Qwen/Qwen2.5-3B,fictional_b2,fictional,2,premise,16,16,5,0.2237,0.2296,0.0058,-0.0473,42,18
Qwen/Qwen2.5-3B,fictional_b2,fictional,2,premise,20,2,0,0.0549,0.034,-0.0209,0.0037,42,18
Qwen/Qwen2.5-3B,fictional_b2,fictional,2,premise,20,3,0,0.0886,0.1839,0.0953,-0.0162,42,18
Qwen/Qwen2.5-3B,fictional_b2,fictional,2,premise,20,5,0,0.0914,0.2338,0.1424,-0.0537,42,18
Qwen/Qwen2.5-3B,fictional_b2,fictional,2,premise,20,8,0,0.0986,0.2189,0.1203,-0.0399,42,18
Qwen/Qwen2.5-3B,fictional_b2,fictional,2,premise,20,16,0,0.2459,0.2293,-0.0166,-0.0724,42,18
Qwen/Qwen2.5-3B,fictional_b2,fictional,2,premise,20,2,1,-0.0085,0.0899,0.0984,0.005,42,18
Qwen/Qwen2.5-3B,fictional_b2,fictional,2,premise,20,3,1,0.0474,0.1696,0.1222,-0.0335,42,18
Qwen/Qwen2.5-3B,fictional_b2,fictional,2,premise,20,5,1,0.0998,0.2197,0.1199,-0.0631,42,18
Qwen/Qwen2.5-3B,fictional_b2,fictional,2,premise,20,8,1,0.1126,0.3121,0.1995,-0.0206,42,18
Qwen/Qwen2.5-3B,fictional_b2,fictional,2,premise,20,16,1,0.2589,0.3639,0.105,0.011,42,18
Qwen/Qwen2.5-3B,fictional_b2,fictional,2,premise,20,2,2,0.0228,0.1282,0.1054,0.0105,42,18
Qwen/Qwen2.5-3B,fictional_b2,fictional,2,premise,20,3,2,0.0477,0.2147,0.167,0.0263,42,18
Qwen/Qwen2.5-3B,fictional_b2,fictional,2,premise,20,5,2,0.0441,0.2909,0.2468,-0.0316,42,18
Qwen/Qwen2.5-3B,fictional_b2,fictional,2,premise,20,8,2,0.1202,0.271,0.1508,-0.0074,42,18
Qwen/Qwen2.5-3B,fictional_b2,fictional,2,premise,20,16,2,0.2563,0.2972,0.0409,-0.0355,42,18
Qwen/Qwen2.5-3B,fictional_b2,fictional,2,premise,20,2,3,0.0298,0.035,0.0052,0.0097,42,18
Qwen/Qwen2.5-3B,fictional_b2,fictional,2,premise,20,3,3,0.0804,0.1704,0.09,-0.0242,42,18
Qwen/Qwen2.5-3B,fictional_b2,fictional,2,premise,20,5,3,0.0559,0.2396,0.1837,-0.0254,42,18
Qwen/Qwen2.5-3B,fictional_b2,fictional,2,premise,20,8,3,0.1281,0.2556,0.1275,-0.0468,42,18
Qwen/Qwen2.5-3B,fictional_b2,fictional,2,premise,20,16,3,0.2378,0.3516,0.1138,-0.0243,42,18
Qwen/Qwen2.5-3B,fictional_b2,fictional,2,premise,20,2,4,0.0055,0.0343,0.0288,-0.0271,42,18
Qwen/Qwen2.5-3B,fictional_b2,fictional,2,premise,20,3,4,0.0214,0.1467,0.1252,-0.0508,42,18
Qwen/Qwen2.5-3B,fictional_b2,fictional,2,premise,20,5,4,0.1137,0.2613,0.1477,0.0387,42,18
Qwen/Qwen2.5-3B,fictional_b2,fictional,2,premise,20,8,4,0.1433,0.2664,0.1231,0.0227,42,18
Qwen/Qwen2.5-3B,fictional_b2,fictional,2,premise,20,16,4,0.2776,0.3159,0.0383,0.0381,42,18
Qwen/Qwen2.5-3B,fictional_b2,fictional,2,premise,20,2,5,0.0376,0.1028,0.0652,0.0238,42,18
Qwen/Qwen2.5-3B,fictional_b2,fictional,2,premise,20,3,5,0.0743,0.1536,0.0794,-0.0254,42,18
Qwen/Qwen2.5-3B,fictional_b2,fictional,2,premise,20,5,5,0.0307,0.2698,0.2391,-0.0379,42,18
Qwen/Qwen2.5-3B,fictional_b2,fictional,2,premise,20,8,5,0.128,0.3004,0.1724,-0.0217,42,18
Qwen/Qwen2.5-3B,fictional_b2,fictional,2,premise,20,16,5,0.2344,0.3016,0.0672,-0.0051,42,18
Qwen/Qwen2.5-3B,fictional_b2,fictional,2,premise,24,2,0,0.0335,0.0835,0.05,-0.0059,42,18
Qwen/Qwen2.5-3B,fictional_b2,fictional,2,premise,24,3,0,-0.0007,0.1192,0.1199,-0.0318,42,18
Qwen/Qwen2.5-3B,fictional_b2,fictional,2,premise,24,5,0,0.0716,0.2491,0.1775,0.0207,42,18
Qwen/Qwen2.5-3B,fictional_b2,fictional,2,premise,24,8,0,0.1073,0.2555,0.1481,0.008,42,18
Qwen/Qwen2.5-3B,fictional_b2,fictional,2,premise,24,16,0,0.2467,0.2897,0.0429,-0.0346,42,18
Qwen/Qwen2.5-3B,fictional_b2,fictional,2,premise,24,2,1,0.0322,0.0929,0.0607,-0.0045,42,18
Qwen/Qwen2.5-3B,fictional_b2,fictional,2,premise,24,3,1,0.0829,0.14,0.0571,0.0461,42,18
Qwen/Qwen2.5-3B,fictional_b2,fictional,2,premise,24,5,1,0.0683,0.249,0.1807,-0.0264,42,18
Qwen/Qwen2.5-3B,fictional_b2,fictional,2,premise,24,8,1,0.1105,0.314,0.2035,0.0107,42,18
Qwen/Qwen2.5-3B,fictional_b2,fictional,2,premise,24,16,1,0.2721,0.3182,0.0462,0.0225,42,18
Qwen/Qwen2.5-3B,fictional_b2,fictional,2,premise,24,2,2,0.0445,0.0949,0.0504,-0.0214,42,18
Qwen/Qwen2.5-3B,fictional_b2,fictional,2,premise,24,3,2,0.0598,0.1459,0.0861,-0.0115,42,18
Qwen/Qwen2.5-3B,fictional_b2,fictional,2,premise,24,5,2,0.1227,0.2414,0.1188,0.0083,42,18
Qwen/Qwen2.5-3B,fictional_b2,fictional,2,premise,24,8,2,0.1427,0.2456,0.1028,-0.033,42,18
Qwen/Qwen2.5-3B,fictional_b2,fictional,2,premise,24,16,2,0.2408,0.325,0.0843,-0.0488,42,18
Qwen/Qwen2.5-3B,fictional_b2,fictional,2,premise,24,2,3,-0.0264,0.0327,0.059,-0.001,42,18
Qwen/Qwen2.5-3B,fictional_b2,fictional,2,premise,24,3,3,0.0677,0.1004,0.0327,-0.0477,42,18
Qwen/Qwen2.5-3B,fictional_b2,fictional,2,premise,24,5,3,0.0613,0.2222,0.1609,-0.0201,42,18
Qwen/Qwen2.5-3B,fictional_b2,fictional,2,premise,24,8,3,0.1024,0.2435,0.1411,-0.0168,42,18
Qwen/Qwen2.5-3B,fictional_b2,fictional,2,premise,24,16,3,0.2151,0.1571,-0.0579,-0.0268,42,18
Qwen/Qwen2.5-3B,fictional_b2,fictional,2,premise,24,2,4,0.0162,0.0893,0.073,-0.0321,42,18
Qwen/Qwen2.5-3B,fictional_b2,fictional,2,premise,24,3,4,0.0805,0.1558,0.0752,-0.0048,42,18
Qwen/Qwen2.5-3B,fictional_b2,fictional,2,premise,24,5,4,0.0838,0.2664,0.1826,0.0094,42,18
Qwen/Qwen2.5-3B,fictional_b2,fictional,2,premise,24,8,4,0.1354,0.3177,0.1823,0.0141,42,18
Qwen/Qwen2.5-3B,fictional_b2,fictional,2,premise,24,16,4,0.2738,0.37,0.0962,0.0171,42,18
Qwen/Qwen2.5-3B,fictional_b2,fictional,2,premise,24,2,5,0.0238,0.0564,0.0326,-0.0006,42,18
Qwen/Qwen2.5-3B,fictional_b2,fictional,2,premise,24,3,5,0.0172,0.2071,0.1899,-0.0375,42,18
Qwen/Qwen2.5-3B,fictional_b2,fictional,2,premise,24,5,5,0.0774,0.2652,0.1878,0.0052,42,18
Qwen/Qwen2.5-3B,fictional_b2,fictional,2,premise,24,8,5,0.1146,0.2974,0.1828,-0.038,42,18
Qwen/Qwen2.5-3B,fictional_b2,fictional,2,premise,24,16,5,0.2276,0.2663,0.0387,-0.0224,42,18
Qwen/Qwen2.5-3B,fictional_b2,fictional,2,premise,28,2,0,0.0399,0.0768,0.0369,0.0076,42,18
Qwen/Qwen2.5-3B,fictional_b2,fictional,2,premise,28,3,0,0.0263,0.0592,0.0329,0.0203,42,18
Qwen/Qwen2.5-3B,fictional_b2,fictional,2,premise,28,5,0,0.0743,0.2018,0.1275,-0.0058,42,18
Qwen/Qwen2.5-3B,fictional_b2,fictional,2,premise,28,8,0,0.1052,0.1275,0.0223,-0.046,42,18
Qwen/Qwen2.5-3B,fictional_b2,fictional,2,premise,28,16,0,0.2186,0.1439,-0.0747,0.0068,42,18
Qwen/Qwen2.5-3B,fictional_b2,fictional,2,premise,28,2,1,0.0332,0.0677,0.0344,-0.0135,42,18
Qwen/Qwen2.5-3B,fictional_b2,fictional,2,premise,28,3,1,0.1176,0.0997,-0.0179,-0.0164,42,18
Qwen/Qwen2.5-3B,fictional_b2,fictional,2,premise,28,5,1,0.1111,0.2412,0.1301,0.0148,42,18
Qwen/Qwen2.5-3B,fictional_b2,fictional,2,premise,28,8,1,0.1448,0.2443,0.0995,0.0057,42,18
Qwen/Qwen2.5-3B,fictional_b2,fictional,2,premise,28,16,1,0.2329,0.1674,-0.0654,0.007,42,18
Qwen/Qwen2.5-3B,fictional_b2,fictional,2,premise,28,2,2,0.0319,0.0707,0.0388,-0.0418,42,18
Qwen/Qwen2.5-3B,fictional_b2,fictional,2,premise,28,3,2,0.0662,0.1358,0.0695,-0.0486,42,18
Qwen/Qwen2.5-3B,fictional_b2,fictional,2,premise,28,5,2,0.0913,0.2002,0.1089,-0.0425,42,18
Qwen/Qwen2.5-3B,fictional_b2,fictional,2,premise,28,8,2,0.1738,0.2011,0.0274,-0.0487,42,18
Qwen/Qwen2.5-3B,fictional_b2,fictional,2,premise,28,16,2,0.2597,0.1131,-0.1466,-0.0015,42,18
Qwen/Qwen2.5-3B,fictional_b2,fictional,2,premise,28,2,3,0.0237,0.1116,0.088,-0.0405,42,18
Qwen/Qwen2.5-3B,fictional_b2,fictional,2,premise,28,3,3,0.0218,0.0874,0.0657,-0.0007,42,18
Qwen/Qwen2.5-3B,fictional_b2,fictional,2,premise,28,5,3,0.1312,0.1781,0.047,-0.0151,42,18
Qwen/Qwen2.5-3B,fictional_b2,fictional,2,premise,28,8,3,0.1323,0.1928,0.0605,-0.0637,42,18
Qwen/Qwen2.5-3B,fictional_b2,fictional,2,premise,28,16,3,0.2001,0.223,0.0229,-0.013,42,18
Qwen/Qwen2.5-3B,fictional_b2,fictional,2,premise,28,2,4,0.0029,0.0536,0.0507,0.0061,42,18
Qwen/Qwen2.5-3B,fictional_b2,fictional,2,premise,28,3,4,0.0212,0.121,0.0998,0.0079,42,18
Qwen/Qwen2.5-3B,fictional_b2,fictional,2,premise,28,5,4,0.1015,0.1861,0.0846,-0.0088,42,18
Qwen/Qwen2.5-3B,fictional_b2,fictional,2,premise,28,8,4,0.1369,0.1743,0.0374,-0.0418,42,18
Qwen/Qwen2.5-3B,fictional_b2,fictional,2,premise,28,16,4,0.2831,0.3709,0.0879,-0.0155,42,18
Qwen/Qwen2.5-3B,fictional_b2,fictional,2,premise,28,2,5,0.066,0.1309,0.0648,0.0068,42,18
Qwen/Qwen2.5-3B,fictional_b2,fictional,2,premise,28,3,5,0.0858,0.145,0.0593,0.0065,42,18
Qwen/Qwen2.5-3B,fictional_b2,fictional,2,premise,28,5,5,0.1034,0.1848,0.0814,0.0027,42,18
Qwen/Qwen2.5-3B,fictional_b2,fictional,2,premise,28,8,5,0.1399,0.2434,0.1035,-0.0215,42,18
Qwen/Qwen2.5-3B,fictional_b2,fictional,2,premise,28,16,5,0.2449,0.1458,-0.0991,0.0052,42,18
Qwen/Qwen2.5-3B,fictional_b2,fictional,2,premise,32,2,0,0.0432,0.0241,-0.0191,0.016,42,18
Qwen/Qwen2.5-3B,fictional_b2,fictional,2,premise,32,3,0,0.027,0.147,0.12,-0.0299,42,18
Qwen/Qwen2.5-3B,fictional_b2,fictional,2,premise,32,5,0,0.0724,0.1582,0.0858,-0.0361,42,18
Qwen/Qwen2.5-3B,fictional_b2,fictional,2,premise,32,8,0,0.1005,0.1776,0.0771,-0.0417,42,18
Qwen/Qwen2.5-3B,fictional_b2,fictional,2,premise,32,16,0,0.2133,0.0349,-0.1784,0.0052,42,18
Qwen/Qwen2.5-3B,fictional_b2,fictional,2,premise,32,2,1,0.0115,-0.0071,-0.0186,0.0072,42,18
Qwen/Qwen2.5-3B,fictional_b2,fictional,2,premise,32,3,1,0.0586,0.0723,0.0137,0.0177,42,18
Qwen/Qwen2.5-3B,fictional_b2,fictional,2,premise,32,5,1,0.0718,0.1775,0.1057,-0.0469,42,18
Qwen/Qwen2.5-3B,fictional_b2,fictional,2,premise,32,8,1,0.0716,0.166,0.0944,-0.0259,42,18
Qwen/Qwen2.5-3B,fictional_b2,fictional,2,premise,32,16,1,0.2336,0.3534,0.1198,-0.0095,42,18
Qwen/Qwen2.5-3B,fictional_b2,fictional,2,premise,32,2,2,0.0368,0.0622,0.0254,0.0153,42,18
Qwen/Qwen2.5-3B,fictional_b2,fictional,2,premise,32,3,2,0.0152,0.0806,0.0654,-0.0417,42,18
Qwen/Qwen2.5-3B,fictional_b2,fictional,2,premise,32,5,2,0.0691,0.1667,0.0976,-0.0571,42,18
Qwen/Qwen2.5-3B,fictional_b2,fictional,2,premise,32,8,2,0.0997,0.1621,0.0623,-0.0331,42,18
Qwen/Qwen2.5-3B,fictional_b2,fictional,2,premise,32,16,2,0.2022,-0.0398,-0.242,-0.0725,42,18
Qwen/Qwen2.5-3B,fictional_b2,fictional,2,premise,32,2,3,0.0521,0.0506,-0.0015,-0.0328,42,18
Qwen/Qwen2.5-3B,fictional_b2,fictional,2,premise,32,3,3,0.0345,0.109,0.0746,0.0035,42,18
Qwen/Qwen2.5-3B,fictional_b2,fictional,2,premise,32,5,3,0.0595,0.2167,0.1572,-0.0273,42,18
Qwen/Qwen2.5-3B,fictional_b2,fictional,2,premise,32,8,3,0.1278,0.0708,-0.057,0.0093,42,18
Qwen/Qwen2.5-3B,fictional_b2,fictional,2,premise,32,16,3,0.2178,0.1083,-0.1095,0.0117,42,18
Qwen/Qwen2.5-3B,fictional_b2,fictional,2,premise,32,2,4,0.1098,0.078,-0.0318,-0.0237,42,18
Qwen/Qwen2.5-3B,fictional_b2,fictional,2,premise,32,3,4,0.0778,0.1435,0.0657,0.0183,42,18
Qwen/Qwen2.5-3B,fictional_b2,fictional,2,premise,32,5,4,0.0493,0.2252,0.1759,0.0105,42,18
Qwen/Qwen2.5-3B,fictional_b2,fictional,2,premise,32,8,4,0.1301,0.1503,0.0202,-0.0074,42,18
Qwen/Qwen2.5-3B,fictional_b2,fictional,2,premise,32,16,4,0.1672,-0.0252,-0.1924,-0.0038,42,18
Qwen/Qwen2.5-3B,fictional_b2,fictional,2,premise,32,2,5,0.0418,0.0863,0.0444,-0.0117,42,18
Qwen/Qwen2.5-3B,fictional_b2,fictional,2,premise,32,3,5,0.0618,0.1017,0.0399,-0.0156,42,18
Qwen/Qwen2.5-3B,fictional_b2,fictional,2,premise,32,5,5,0.1208,0.2217,0.1009,-0.0443,42,18
Qwen/Qwen2.5-3B,fictional_b2,fictional,2,premise,32,8,5,0.0864,0.1896,0.1032,-0.0081,42,18
Qwen/Qwen2.5-3B,fictional_b2,fictional,2,premise,32,16,5,0.2203,0.0045,-0.2158,0.0232,42,18
Qwen/Qwen2.5-3B,fictional_b2,fictional,2,premise,36,2,0,0.056,0.0704,0.0143,0.0093,42,18
Qwen/Qwen2.5-3B,fictional_b2,fictional,2,premise,36,3,0,0.0497,0.1221,0.0724,-0.0115,42,18
Qwen/Qwen2.5-3B,fictional_b2,fictional,2,premise,36,5,0,0.1036,0.1741,0.0705,0.053,42,18
Qwen/Qwen2.5-3B,fictional_b2,fictional,2,premise,36,8,0,0.1042,0.1301,0.0258,-0.0023,42,18
Qwen/Qwen2.5-3B,fictional_b2,fictional,2,premise,36,16,0,0.2261,0.0255,-0.2006,-0.0447,42,18
Qwen/Qwen2.5-3B,fictional_b2,fictional,2,premise,36,2,1,0.0921,0.1458,0.0537,-0.0316,42,18
Qwen/Qwen2.5-3B,fictional_b2,fictional,2,premise,36,3,1,0.0785,0.1453,0.0668,-0.0395,42,18
Qwen/Qwen2.5-3B,fictional_b2,fictional,2,premise,36,5,1,0.0887,0.1848,0.0961,0.0034,42,18
Qwen/Qwen2.5-3B,fictional_b2,fictional,2,premise,36,8,1,0.1747,0.1868,0.0122,-0.0384,42,18
Qwen/Qwen2.5-3B,fictional_b2,fictional,2,premise,36,16,1,0.2996,0.045,-0.2546,0.0041,42,18
Qwen/Qwen2.5-3B,fictional_b2,fictional,2,premise,36,2,2,0.0696,0.1197,0.05,-0.0087,42,18
Qwen/Qwen2.5-3B,fictional_b2,fictional,2,premise,36,3,2,0.0813,0.1678,0.0865,0.0087,42,18
Qwen/Qwen2.5-3B,fictional_b2,fictional,2,premise,36,5,2,0.125,0.1585,0.0335,-0.0397,42,18
Qwen/Qwen2.5-3B,fictional_b2,fictional,2,premise,36,8,2,0.1873,0.0904,-0.0969,-0.0081,42,18
Qwen/Qwen2.5-3B,fictional_b2,fictional,2,premise,36,16,2,0.2566,0.1593,-0.0973,0.0437,42,18
Qwen/Qwen2.5-3B,fictional_b2,fictional,2,premise,36,2,3,0.0426,0.092,0.0495,0.0077,42,18
Qwen/Qwen2.5-3B,fictional_b2,fictional,2,premise,36,3,3,0.061,0.1217,0.0607,0.0082,42,18
Qwen/Qwen2.5-3B,fictional_b2,fictional,2,premise,36,5,3,0.1147,0.1552,0.0405,-0.0708,42,18
Qwen/Qwen2.5-3B,fictional_b2,fictional,2,premise,36,8,3,0.1379,0.068,-0.0699,-0.0013,42,18
Qwen/Qwen2.5-3B,fictional_b2,fictional,2,premise,36,16,3,0.2162,0.0723,-0.1439,-0.0189,42,18
Qwen/Qwen2.5-3B,fictional_b2,fictional,2,premise,36,2,4,0.0678,0.061,-0.0068,-0.0456,42,18
Qwen/Qwen2.5-3B,fictional_b2,fictional,2,premise,36,3,4,0.105,0.1447,0.0396,-0.0226,42,18
Qwen/Qwen2.5-3B,fictional_b2,fictional,2,premise,36,5,4,0.0781,0.2255,0.1474,0.0025,42,18
Qwen/Qwen2.5-3B,fictional_b2,fictional,2,premise,36,8,4,0.2063,0.1405,-0.0658,-0.0558,42,18
Qwen/Qwen2.5-3B,fictional_b2,fictional,2,premise,36,16,4,0.2536,0.0433,-0.2103,-0.0262,42,18
Qwen/Qwen2.5-3B,fictional_b2,fictional,2,premise,36,2,5,0.0623,0.0975,0.0352,-0.0256,42,18
Qwen/Qwen2.5-3B,fictional_b2,fictional,2,premise,36,3,5,0.0854,0.153,0.0676,0.0066,42,18
Qwen/Qwen2.5-3B,fictional_b2,fictional,2,premise,36,5,5,0.1015,0.1962,0.0947,-0.0296,42,18
Qwen/Qwen2.5-3B,fictional_b2,fictional,2,premise,36,8,5,0.1426,0.1258,-0.0168,0.0046,42,18
Qwen/Qwen2.5-3B,fictional_b2,fictional,2,premise,36,16,5,0.2353,-0.0365,-0.2718,-0.013,42,18
Qwen/Qwen2.5-3B,fictional_b2,fictional,2,last,0,2,0,-0.0659,-0.0659,0.0,0.0099,42,18
Qwen/Qwen2.5-3B,fictional_b2,fictional,2,last,0,3,0,-0.0659,-0.0659,0.0,-0.0005,42,18
Qwen/Qwen2.5-3B,fictional_b2,fictional,2,last,0,5,0,-0.0659,-0.0659,0.0,-0.0005,42,18
Qwen/Qwen2.5-3B,fictional_b2,fictional,2,last,0,8,0,-0.0659,-0.0659,0.0,0.0099,42,18
Qwen/Qwen2.5-3B,fictional_b2,fictional,2,last,0,16,0,-0.0659,-0.0496,0.0163,0.0099,42,18
Qwen/Qwen2.5-3B,fictional_b2,fictional,2,last,0,2,1,-0.0514,-0.0514,0.0,0.0028,42,18
Qwen/Qwen2.5-3B,fictional_b2,fictional,2,last,0,3,1,-0.0514,-0.0286,0.0228,0.0028,42,18
Qwen/Qwen2.5-3B,fictional_b2,fictional,2,last,0,5,1,-0.0514,-0.0514,0.0,0.0028,42,18
Qwen/Qwen2.5-3B,fictional_b2,fictional,2,last,0,8,1,-0.0514,-0.0514,0.0,0.0028,42,18
Qwen/Qwen2.5-3B,fictional_b2,fictional,2,last,0,16,1,-0.0514,-0.0514,0.0,0.0028,42,18
Qwen/Qwen2.5-3B,fictional_b2,fictional,2,last,0,2,2,-0.0319,-0.0319,0.0,0.0315,42,18
Qwen/Qwen2.5-3B,fictional_b2,fictional,2,last,0,3,2,-0.0319,-0.0319,0.0,0.0263,42,18
Qwen/Qwen2.5-3B,fictional_b2,fictional,2,last,0,5,2,-0.0319,-0.0133,0.0186,0.0369,42,18
Qwen/Qwen2.5-3B,fictional_b2,fictional,2,last,0,8,2,-0.0319,-0.0319,0.0,0.0315,42,18
Qwen/Qwen2.5-3B,fictional_b2,fictional,2,last,0,16,2,-0.0319,-0.0319,0.0,0.0361,42,18
Qwen/Qwen2.5-3B,fictional_b2,fictional,2,last,0,2,3,-0.0454,-0.0262,0.0193,0.0201,42,18
Qwen/Qwen2.5-3B,fictional_b2,fictional,2,last,0,3,3,-0.0454,-0.0454,0.0,0.0243,42,18
Qwen/Qwen2.5-3B,fictional_b2,fictional,2,last,0,5,3,-0.0454,-0.0454,0.0,0.0243,42,18
Qwen/Qwen2.5-3B,fictional_b2,fictional,2,last,0,8,3,-0.0454,-0.0454,0.0,0.0201,42,18
Qwen/Qwen2.5-3B,fictional_b2,fictional,2,last,0,16,3,-0.0454,-0.0343,0.0112,0.0326,42,18
Qwen/Qwen2.5-3B,fictional_b2,fictional,2,last,0,2,4,-0.0572,-0.0551,0.0021,0.0186,42,18
Qwen/Qwen2.5-3B,fictional_b2,fictional,2,last,0,3,4,-0.0572,-0.0572,0.0,0.0132,42,18
Qwen/Qwen2.5-3B,fictional_b2,fictional,2,last,0,5,4,-0.0572,-0.0572,0.0,0.0132,42,18
Qwen/Qwen2.5-3B,fictional_b2,fictional,2,last,0,8,4,-0.0572,-0.0572,0.0,0.0132,42,18
Qwen/Qwen2.5-3B,fictional_b2,fictional,2,last,0,16,4,-0.0572,-0.0572,0.0,0.0132,42,18
Qwen/Qwen2.5-3B,fictional_b2,fictional,2,last,0,2,5,-0.0453,-0.0453,0.0,0.0417,42,18
Qwen/Qwen2.5-3B,fictional_b2,fictional,2,last,0,3,5,-0.0453,-0.0453,0.0,0.0417,42,18
Qwen/Qwen2.5-3B,fictional_b2,fictional,2,last,0,5,5,-0.0453,-0.0453,0.0,0.0417,42,18
Qwen/Qwen2.5-3B,fictional_b2,fictional,2,last,0,8,5,-0.0453,-0.0453,0.0,0.0417,42,18
Qwen/Qwen2.5-3B,fictional_b2,fictional,2,last,0,16,5,-0.0453,-0.0453,0.0,0.0417,42,18
Qwen/Qwen2.5-3B,fictional_b2,fictional,2,last,4,2,0,0.01,0.0729,0.0629,-0.003,42,18
Qwen/Qwen2.5-3B,fictional_b2,fictional,2,last,4,3,0,0.0763,0.0961,0.0198,-0.0181,42,18
Qwen/Qwen2.5-3B,fictional_b2,fictional,2,last,4,5,0,0.0676,0.078,0.0104,0.0375,42,18
Qwen/Qwen2.5-3B,fictional_b2,fictional,2,last,4,8,0,0.0263,0.0951,0.0687,-0.0003,42,18
Qwen/Qwen2.5-3B,fictional_b2,fictional,2,last,4,16,0,0.13,0.0033,-0.1267,-0.0029,42,18
Qwen/Qwen2.5-3B,fictional_b2,fictional,2,last,4,2,1,-0.005,0.028,0.033,-0.0463,42,18
Qwen/Qwen2.5-3B,fictional_b2,fictional,2,last,4,3,1,0.0236,0.0751,0.0515,-0.0225,42,18
Qwen/Qwen2.5-3B,fictional_b2,fictional,2,last,4,5,1,0.036,0.136,0.1,-0.0457,42,18
Qwen/Qwen2.5-3B,fictional_b2,fictional,2,last,4,8,1,0.1039,0.0944,-0.0095,-0.0346,42,18
Qwen/Qwen2.5-3B,fictional_b2,fictional,2,last,4,16,1,0.151,0.0726,-0.0784,0.0011,42,18
Qwen/Qwen2.5-3B,fictional_b2,fictional,2,last,4,2,2,0.0661,0.0911,0.025,-0.0244,42,18
Qwen/Qwen2.5-3B,fictional_b2,fictional,2,last,4,3,2,0.034,0.1081,0.0742,-0.0182,42,18
Qwen/Qwen2.5-3B,fictional_b2,fictional,2,last,4,5,2,0.0455,0.1291,0.0836,-0.0566,42,18
Qwen/Qwen2.5-3B,fictional_b2,fictional,2,last,4,8,2,0.0688,0.1426,0.0738,-0.0372,42,18
Qwen/Qwen2.5-3B,fictional_b2,fictional,2,last,4,16,2,0.1462,0.0041,-0.1421,0.0006,42,18
Qwen/Qwen2.5-3B,fictional_b2,fictional,2,last,4,2,3,0.0288,0.0246,-0.0042,0.0078,42,18
Qwen/Qwen2.5-3B,fictional_b2,fictional,2,last,4,3,3,0.0013,0.1044,0.1031,0.0561,42,18
Qwen/Qwen2.5-3B,fictional_b2,fictional,2,last,4,5,3,0.0318,0.1301,0.0983,-0.0345,42,18
Qwen/Qwen2.5-3B,fictional_b2,fictional,2,last,4,8,3,0.0584,0.1529,0.0945,-0.0109,42,18
Qwen/Qwen2.5-3B,fictional_b2,fictional,2,last,4,16,3,0.1505,0.0604,-0.0901,0.0592,42,18
Qwen/Qwen2.5-3B,fictional_b2,fictional,2,last,4,2,4,0.0265,0.0425,0.016,0.0131,42,18
Qwen/Qwen2.5-3B,fictional_b2,fictional,2,last,4,3,4,0.0536,0.1062,0.0526,0.004,42,18
Qwen/Qwen2.5-3B,fictional_b2,fictional,2,last,4,5,4,0.055,0.1027,0.0478,0.0106,42,18
Qwen/Qwen2.5-3B,fictional_b2,fictional,2,last,4,8,4,0.0916,0.1444,0.0528,-0.0346,42,18
Qwen/Qwen2.5-3B,fictional_b2,fictional,2,last,4,16,4,0.1507,0.056,-0.0947,0.0399,42,18
Qwen/Qwen2.5-3B,fictional_b2,fictional,2,last,4,2,5,0.0286,0.0949,0.0663,-0.0233,42,18
Qwen/Qwen2.5-3B,fictional_b2,fictional,2,last,4,3,5,0.0124,0.09,0.0776,-0.0169,42,18
Qwen/Qwen2.5-3B,fictional_b2,fictional,2,last,4,5,5,0.0674,0.1239,0.0565,-0.0024,42,18
Qwen/Qwen2.5-3B,fictional_b2,fictional,2,last,4,8,5,0.1073,0.1135,0.0062,-0.0372,42,18
Qwen/Qwen2.5-3B,fictional_b2,fictional,2,last,4,16,5,0.1478,0.0468,-0.1011,0.0219,42,18
Qwen/Qwen2.5-3B,fictional_b2,fictional,2,last,8,2,0,0.0273,0.0478,0.0204,-0.0093,42,18
Qwen/Qwen2.5-3B,fictional_b2,fictional,2,last,8,3,0,0.0465,0.128,0.0815,0.0167,42,18
Qwen/Qwen2.5-3B,fictional_b2,fictional,2,last,8,5,0,0.0488,0.2127,0.1639,-0.0377,42,18
Qwen/Qwen2.5-3B,fictional_b2,fictional,2,last,8,8,0,0.0837,0.1993,0.1156,-0.0469,42,18
Qwen/Qwen2.5-3B,fictional_b2,fictional,2,last,8,16,0,0.1779,0.2924,0.1145,-0.0328,42,18
Qwen/Qwen2.5-3B,fictional_b2,fictional,2,last,8,2,1,-0.0079,0.0781,0.086,-0.0061,42,18
Qwen/Qwen2.5-3B,fictional_b2,fictional,2,last,8,3,1,0.0125,0.1028,0.0903,0.0193,42,18
Qwen/Qwen2.5-3B,fictional_b2,fictional,2,last,8,5,1,0.0914,0.2115,0.1201,0.001,42,18
Qwen/Qwen2.5-3B,fictional_b2,fictional,2,last,8,8,1,0.1142,0.2121,0.098,0.006,42,18
Qwen/Qwen2.5-3B,fictional_b2,fictional,2,last,8,16,1,0.2229,0.115,-0.1079,0.0067,42,18
Qwen/Qwen2.5-3B,fictional_b2,fictional,2,last,8,2,2,0.0138,0.1099,0.0961,-0.0354,42,18
Qwen/Qwen2.5-3B,fictional_b2,fictional,2,last,8,3,2,0.0256,0.1285,0.1029,-0.006,42,18
Qwen/Qwen2.5-3B,fictional_b2,fictional,2,last,8,5,2,0.0915,0.1764,0.085,0.0074,42,18
Qwen/Qwen2.5-3B,fictional_b2,fictional,2,last,8,8,2,0.0992,0.2041,0.1049,0.0012,42,18
Qwen/Qwen2.5-3B,fictional_b2,fictional,2,last,8,16,2,0.1809,0.2253,0.0443,-0.0169,42,18
Qwen/Qwen2.5-3B,fictional_b2,fictional,2,last,8,2,3,0.0391,0.0373,-0.0018,-0.0095,42,18
Qwen/Qwen2.5-3B,fictional_b2,fictional,2,last,8,3,3,0.0846,0.148,0.0635,-0.0638,42,18
Qwen/Qwen2.5-3B,fictional_b2,fictional,2,last,8,5,3,0.1097,0.207,0.0973,-0.0349,42,18
Qwen/Qwen2.5-3B,fictional_b2,fictional,2,last,8,8,3,0.1103,0.1746,0.0643,0.0013,42,18
Qwen/Qwen2.5-3B,fictional_b2,fictional,2,last,8,16,3,0.2206,0.1846,-0.036,-0.0242,42,18
Qwen/Qwen2.5-3B,fictional_b2,fictional,2,last,8,2,4,0.0311,0.0765,0.0454,-0.0203,42,18
Qwen/Qwen2.5-3B,fictional_b2,fictional,2,last,8,3,4,0.054,0.1775,0.1235,0.0021,42,18
Qwen/Qwen2.5-3B,fictional_b2,fictional,2,last,8,5,4,0.0794,0.1919,0.1125,-0.0086,42,18
Qwen/Qwen2.5-3B,fictional_b2,fictional,2,last,8,8,4,0.1456,0.2509,0.1054,0.0222,42,18
Qwen/Qwen2.5-3B,fictional_b2,fictional,2,last,8,16,4,0.2512,0.1053,-0.1459,-0.0088,42,18
Qwen/Qwen2.5-3B,fictional_b2,fictional,2,last,8,2,5,0.0036,0.0809,0.0773,-0.0178,42,18
Qwen/Qwen2.5-3B,fictional_b2,fictional,2,last,8,3,5,0.0382,0.1383,0.1001,-0.0314,42,18
Qwen/Qwen2.5-3B,fictional_b2,fictional,2,last,8,5,5,0.0727,0.1373,0.0647,-0.0598,42,18
Qwen/Qwen2.5-3B,fictional_b2,fictional,2,last,8,8,5,0.0772,0.2014,0.1242,-0.0451,42,18
Qwen/Qwen2.5-3B,fictional_b2,fictional,2,last,8,16,5,0.1881,0.0333,-0.1548,-0.0545,42,18
Qwen/Qwen2.5-3B,fictional_b2,fictional,2,last,12,2,0,0.0486,0.0866,0.038,-0.01,42,18
Qwen/Qwen2.5-3B,fictional_b2,fictional,2,last,12,3,0,0.0317,0.1227,0.091,-0.0384,42,18
Qwen/Qwen2.5-3B,fictional_b2,fictional,2,last,12,5,0,0.051,0.1989,0.1479,0.0298,42,18
Qwen/Qwen2.5-3B,fictional_b2,fictional,2,last,12,8,0,0.1255,0.2516,0.1261,-0.0212,42,18
Qwen/Qwen2.5-3B,fictional_b2,fictional,2,last,12,16,0,0.2448,0.2979,0.053,-0.0553,42,18
Qwen/Qwen2.5-3B,fictional_b2,fictional,2,last,12,2,1,-0.0039,0.0572,0.0611,0.007,42,18
Qwen/Qwen2.5-3B,fictional_b2,fictional,2,last,12,3,1,0.0742,0.1234,0.0493,0.0161,42,18
Qwen/Qwen2.5-3B,fictional_b2,fictional,2,last,12,5,1,0.0814,0.2231,0.1418,-0.0123,42,18
Qwen/Qwen2.5-3B,fictional_b2,fictional,2,last,12,8,1,0.0947,0.1869,0.0922,-0.0216,42,18
Qwen/Qwen2.5-3B,fictional_b2,fictional,2,last,12,16,1,0.2359,0.1618,-0.0741,0.0112,42,18
Qwen/Qwen2.5-3B,fictional_b2,fictional,2,last,12,2,2,-0.0179,0.0862,0.1041,-0.0039,42,18
Qwen/Qwen2.5-3B,fictional_b2,fictional,2,last,12,3,2,0.0413,0.1108,0.0695,-0.0082,42,18
Qwen/Qwen2.5-3B,fictional_b2,fictional,2,last,12,5,2,0.0996,0.1687,0.0691,-0.0003,42,18
Qwen/Qwen2.5-3B,fictional_b2,fictional,2,last,12,8,2,0.0833,0.1543,0.0711,-0.0227,42,18
Qwen/Qwen2.5-3B,fictional_b2,fictional,2,last,12,16,2,0.207,0.2945,0.0875,-0.0132,42,18
Qwen/Qwen2.5-3B,fictional_b2,fictional,2,last,12,2,3,0.0258,0.0845,0.0587,-0.0456,42,18
Qwen/Qwen2.5-3B,fictional_b2,fictional,2,last,12,3,3,0.0184,0.1111,0.0926,-0.0256,42,18
Qwen/Qwen2.5-3B,fictional_b2,fictional,2,last,12,5,3,0.0509,0.2173,0.1664,-0.0592,42,18
Qwen/Qwen2.5-3B,fictional_b2,fictional,2,last,12,8,3,0.0854,0.1556,0.0701,-0.0234,42,18
Qwen/Qwen2.5-3B,fictional_b2,fictional,2,last,12,16,3,0.1987,0.3059,0.1072,-0.0318,42,18
Qwen/Qwen2.5-3B,fictional_b2,fictional,2,last,12,2,4,0.018,0.0718,0.0538,-0.0375,42,18
Qwen/Qwen2.5-3B,fictional_b2,fictional,2,last,12,3,4,0.0435,0.1842,0.1407,0.0236,42,18
Qwen/Qwen2.5-3B,fictional_b2,fictional,2,last,12,5,4,0.0452,0.2248,0.1796,0.0471,42,18
Qwen/Qwen2.5-3B,fictional_b2,fictional,2,last,12,8,4,0.1213,0.1756,0.0543,0.0227,42,18
Qwen/Qwen2.5-3B,fictional_b2,fictional,2,last,12,16,4,0.1854,0.2356,0.0502,0.0489,42,18
Qwen/Qwen2.5-3B,fictional_b2,fictional,2,last,12,2,5,-0.0004,0.0723,0.0727,-0.0154,42,18
Qwen/Qwen2.5-3B,fictional_b2,fictional,2,last,12,3,5,0.028,0.1279,0.0999,-0.0509,42,18
Qwen/Qwen2.5-3B,fictional_b2,fictional,2,last,12,5,5,0.091,0.2254,0.1345,-0.0171,42,18
Qwen/Qwen2.5-3B,fictional_b2,fictional,2,last,12,8,5,0.1197,0.2552,0.1355,-0.0501,42,18
Qwen/Qwen2.5-3B,fictional_b2,fictional,2,last,12,16,5,0.1963,0.1481,-0.0482,-0.0216,42,18
Qwen/Qwen2.5-3B,fictional_b2,fictional,2,last,16,2,0,0.037,0.0915,0.0546,0.0073,42,18
Qwen/Qwen2.5-3B,fictional_b2,fictional,2,last,16,3,0,0.0276,0.1558,0.1282,-0.006,42,18
Qwen/Qwen2.5-3B,fictional_b2,fictional,2,last,16,5,0,0.0742,0.2387,0.1646,-0.0079,42,18
Qwen/Qwen2.5-3B,fictional_b2,fictional,2,last,16,8,0,0.0779,0.2889,0.2109,-0.0474,42,18
Qwen/Qwen2.5-3B,fictional_b2,fictional,2,last,16,16,0,0.228,0.2534,0.0253,-0.0201,42,18
Qwen/Qwen2.5-3B,fictional_b2,fictional,2,last,16,2,1,0.0258,0.0511,0.0253,0.0304,42,18
Qwen/Qwen2.5-3B,fictional_b2,fictional,2,last,16,3,1,0.0401,0.1243,0.0841,-0.0071,42,18
Qwen/Qwen2.5-3B,fictional_b2,fictional,2,last,16,5,1,0.1179,0.2229,0.105,0.0127,42,18
Qwen/Qwen2.5-3B,fictional_b2,fictional,2,last,16,8,1,0.115,0.2408,0.1258,0.0324,42,18
Qwen/Qwen2.5-3B,fictional_b2,fictional,2,last,16,16,1,0.2142,0.2482,0.034,0.0216,42,18
Qwen/Qwen2.5-3B,fictional_b2,fictional,2,last,16,2,2,0.0184,0.0686,0.0502,0.0178,42,18
Qwen/Qwen2.5-3B,fictional_b2,fictional,2,last,16,3,2,0.0334,0.1104,0.077,-0.0309,42,18
Qwen/Qwen2.5-3B,fictional_b2,fictional,2,last,16,5,2,0.0912,0.1914,0.1002,-0.0186,42,18
Qwen/Qwen2.5-3B,fictional_b2,fictional,2,last,16,8,2,0.1258,0.2616,0.1357,0.0115,42,18
Qwen/Qwen2.5-3B,fictional_b2,fictional,2,last,16,16,2,0.1627,0.1873,0.0246,-0.0172,42,18
Qwen/Qwen2.5-3B,fictional_b2,fictional,2,last,16,2,3,0.0084,0.0571,0.0487,-0.012,42,18
Qwen/Qwen2.5-3B,fictional_b2,fictional,2,last,16,3,3,0.0366,0.215,0.1784,-0.0152,42,18
Qwen/Qwen2.5-3B,fictional_b2,fictional,2,last,16,5,3,0.0139,0.2709,0.257,-0.0502,42,18
Qwen/Qwen2.5-3B,fictional_b2,fictional,2,last,16,8,3,0.15,0.229,0.079,-0.0269,42,18
Qwen/Qwen2.5-3B,fictional_b2,fictional,2,last,16,16,3,0.2411,0.2676,0.0265,-0.0233,42,18
Qwen/Qwen2.5-3B,fictional_b2,fictional,2,last,16,2,4,0.063,0.0161,-0.0469,-0.006,42,18
Qwen/Qwen2.5-3B,fictional_b2,fictional,2,last,16,3,4,0.0018,0.148,0.1463,0.0187,42,18
Qwen/Qwen2.5-3B,fictional_b2,fictional,2,last,16,5,4,0.0519,0.2588,0.2069,0.0548,42,18
Qwen/Qwen2.5-3B,fictional_b2,fictional,2,last,16,8,4,0.0737,0.3087,0.235,0.0385,42,18
Qwen/Qwen2.5-3B,fictional_b2,fictional,2,last,16,16,4,0.2357,0.2578,0.0221,0.0284,42,18
Qwen/Qwen2.5-3B,fictional_b2,fictional,2,last,16,2,5,0.062,0.0855,0.0236,-0.0341,42,18
Qwen/Qwen2.5-3B,fictional_b2,fictional,2,last,16,3,5,0.009,0.1876,0.1785,-0.0107,42,18
Qwen/Qwen2.5-3B,fictional_b2,fictional,2,last,16,5,5,0.035,0.2029,0.1678,-0.0086,42,18
Qwen/Qwen2.5-3B,fictional_b2,fictional,2,last,16,8,5,0.116,0.2684,0.1524,-0.0325,42,18
Qwen/Qwen2.5-3B,fictional_b2,fictional,2,last,16,16,5,0.2425,0.2085,-0.0339,0.0217,42,18
Qwen/Qwen2.5-3B,fictional_b2,fictional,2,last,20,2,0,-0.0078,0.0267,0.0345,0.0226,42,18
Qwen/Qwen2.5-3B,fictional_b2,fictional,2,last,20,3,0,0.0458,0.1419,0.0961,-0.0111,42,18
Qwen/Qwen2.5-3B,fictional_b2,fictional,2,last,20,5,0,0.0541,0.1926,0.1386,-0.001,42,18
Qwen/Qwen2.5-3B,fictional_b2,fictional,2,last,20,8,0,0.0982,0.2696,0.1714,-0.0306,42,18
Qwen/Qwen2.5-3B,fictional_b2,fictional,2,last,20,16,0,0.2139,0.3136,0.0997,-0.0586,42,18
Qwen/Qwen2.5-3B,fictional_b2,fictional,2,last,20,2,1,0.0331,0.0363,0.0032,0.0182,42,18
Qwen/Qwen2.5-3B,fictional_b2,fictional,2,last,20,3,1,0.0071,0.1296,0.1225,0.0089,42,18
Qwen/Qwen2.5-3B,fictional_b2,fictional,2,last,20,5,1,0.0766,0.2332,0.1566,-0.0072,42,18
Qwen/Qwen2.5-3B,fictional_b2,fictional,2,last,20,8,1,0.1455,0.2549,0.1094,-0.035,42,18
Qwen/Qwen2.5-3B,fictional_b2,fictional,2,last,20,16,1,0.274,0.3489,0.0749,-0.0319,42,18
Qwen/Qwen2.5-3B,fictional_b2,fictional,2,last,20,2,2,0.0088,0.0759,0.0671,0.0474,42,18
Qwen/Qwen2.5-3B,fictional_b2,fictional,2,last,20,3,2,0.041,0.1257,0.0847,0.0053,42,18
Qwen/Qwen2.5-3B,fictional_b2,fictional,2,last,20,5,2,0.0467,0.2886,0.2419,-0.0382,42,18
Qwen/Qwen2.5-3B,fictional_b2,fictional,2,last,20,8,2,0.0825,0.2737,0.1912,0.0032,42,18
Qwen/Qwen2.5-3B,fictional_b2,fictional,2,last,20,16,2,0.2258,0.3116,0.0858,-0.0329,42,18
Qwen/Qwen2.5-3B,fictional_b2,fictional,2,last,20,2,3,0.0817,0.1097,0.028,0.0137,42,18
Qwen/Qwen2.5-3B,fictional_b2,fictional,2,last,20,3,3,0.0889,0.1619,0.0731,-0.0267,42,18
Qwen/Qwen2.5-3B,fictional_b2,fictional,2,last,20,5,3,0.0442,0.2682,0.224,0.0118,42,18
Qwen/Qwen2.5-3B,fictional_b2,fictional,2,last,20,8,3,0.1371,0.2772,0.1401,0.01,42,18
Qwen/Qwen2.5-3B,fictional_b2,fictional,2,last,20,16,3,0.2268,0.3343,0.1074,-0.021,42,18
Qwen/Qwen2.5-3B,fictional_b2,fictional,2,last,20,2,4,0.0317,0.0637,0.032,0.0194,42,18
Qwen/Qwen2.5-3B,fictional_b2,fictional,2,last,20,3,4,0.0751,0.1806,0.1056,0.0106,42,18
Qwen/Qwen2.5-3B,fictional_b2,fictional,2,last,20,5,4,0.0718,0.2856,0.2138,-0.0079,42,18
Qwen/Qwen2.5-3B,fictional_b2,fictional,2,last,20,8,4,0.0776,0.2269,0.1493,-0.0249,42,18
Qwen/Qwen2.5-3B,fictional_b2,fictional,2,last,20,16,4,0.2678,0.3321,0.0644,0.0224,42,18
Qwen/Qwen2.5-3B,fictional_b2,fictional,2,last,20,2,5,0.016,0.0412,0.0251,-0.0283,42,18
Qwen/Qwen2.5-3B,fictional_b2,fictional,2,last,20,3,5,0.0294,0.1197,0.0903,0.0103,42,18
Qwen/Qwen2.5-3B,fictional_b2,fictional,2,last,20,5,5,0.0931,0.2401,0.1471,-0.0181,42,18
Qwen/Qwen2.5-3B,fictional_b2,fictional,2,last,20,8,5,0.1146,0.286,0.1714,-0.0152,42,18
Qwen/Qwen2.5-3B,fictional_b2,fictional,2,last,20,16,5,0.2238,0.2584,0.0346,-0.0137,42,18
Qwen/Qwen2.5-3B,fictional_b2,fictional,2,last,24,2,0,0.0035,0.0565,0.053,-0.002,42,18
Qwen/Qwen2.5-3B,fictional_b2,fictional,2,last,24,3,0,0.016,0.1368,0.1208,0.0006,42,18
Qwen/Qwen2.5-3B,fictional_b2,fictional,2,last,24,5,0,0.0902,0.2526,0.1624,-0.0498,42,18
Qwen/Qwen2.5-3B,fictional_b2,fictional,2,last,24,8,0,0.0938,0.1899,0.0961,0.0042,42,18
Qwen/Qwen2.5-3B,fictional_b2,fictional,2,last,24,16,0,0.2111,0.2554,0.0443,-0.0319,42,18
Qwen/Qwen2.5-3B,fictional_b2,fictional,2,last,24,2,1,0.0573,0.0377,-0.0196,0.0352,42,18
Qwen/Qwen2.5-3B,fictional_b2,fictional,2,last,24,3,1,0.0682,0.1028,0.0346,-0.0173,42,18
Qwen/Qwen2.5-3B,fictional_b2,fictional,2,last,24,5,1,0.0678,0.2163,0.1485,-0.0,42,18
Qwen/Qwen2.5-3B,fictional_b2,fictional,2,last,24,8,1,0.1177,0.0789,-0.0388,-0.0219,42,18
Qwen/Qwen2.5-3B,fictional_b2,fictional,2,last,24,16,1,0.2507,0.3499,0.0992,-0.0436,42,18
Qwen/Qwen2.5-3B,fictional_b2,fictional,2,last,24,2,2,0.0515,0.07,0.0184,-0.0053,42,18
Qwen/Qwen2.5-3B,fictional_b2,fictional,2,last,24,3,2,0.0855,0.128,0.0424,-0.0069,42,18
Qwen/Qwen2.5-3B,fictional_b2,fictional,2,last,24,5,2,0.0954,0.2039,0.1085,-0.0243,42,18
Qwen/Qwen2.5-3B,fictional_b2,fictional,2,last,24,8,2,0.1326,0.1412,0.0086,-0.0671,42,18
Qwen/Qwen2.5-3B,fictional_b2,fictional,2,last,24,16,2,0.2404,0.2367,-0.0036,-0.0231,42,18
Qwen/Qwen2.5-3B,fictional_b2,fictional,2,last,24,2,3,0.0434,0.0862,0.0428,0.0158,42,18
Qwen/Qwen2.5-3B,fictional_b2,fictional,2,last,24,3,3,0.0475,0.1338,0.0862,-0.0363,42,18
Qwen/Qwen2.5-3B,fictional_b2,fictional,2,last,24,5,3,0.0884,0.2737,0.1853,-0.0371,42,18
Qwen/Qwen2.5-3B,fictional_b2,fictional,2,last,24,8,3,0.1809,0.2506,0.0698,-0.0661,42,18
Qwen/Qwen2.5-3B,fictional_b2,fictional,2,last,24,16,3,0.2168,0.3166,0.0998,-0.0492,42,18
Qwen/Qwen2.5-3B,fictional_b2,fictional,2,last,24,2,4,0.0232,0.0186,-0.0046,-0.0068,42,18
Qwen/Qwen2.5-3B,fictional_b2,fictional,2,last,24,3,4,0.048,0.1373,0.0893,-0.0084,42,18
Qwen/Qwen2.5-3B,fictional_b2,fictional,2,last,24,5,4,0.0712,0.2219,0.1507,-0.0028,42,18
Qwen/Qwen2.5-3B,fictional_b2,fictional,2,last,24,8,4,0.1085,0.3182,0.2097,-0.004,42,18
Qwen/Qwen2.5-3B,fictional_b2,fictional,2,last,24,16,4,0.2768,0.3164,0.0396,0.0299,42,18
Qwen/Qwen2.5-3B,fictional_b2,fictional,2,last,24,2,5,0.0157,0.0473,0.0316,0.0346,42,18
Qwen/Qwen2.5-3B,fictional_b2,fictional,2,last,24,3,5,-0.0131,0.1097,0.1228,0.0039,42,18
Qwen/Qwen2.5-3B,fictional_b2,fictional,2,last,24,5,5,0.0978,0.2623,0.1645,-0.0273,42,18
Qwen/Qwen2.5-3B,fictional_b2,fictional,2,last,24,8,5,0.1681,0.2797,0.1117,-0.014,42,18
Qwen/Qwen2.5-3B,fictional_b2,fictional,2,last,24,16,5,0.253,0.2016,-0.0514,-0.0172,42,18
Qwen/Qwen2.5-3B,fictional_b2,fictional,2,last,28,2,0,0.0283,0.0549,0.0267,0.0023,42,18
Qwen/Qwen2.5-3B,fictional_b2,fictional,2,last,28,3,0,0.0423,0.099,0.0567,0.0454,42,18
Qwen/Qwen2.5-3B,fictional_b2,fictional,2,last,28,5,0,0.0869,0.1833,0.0965,-0.0132,42,18
Qwen/Qwen2.5-3B,fictional_b2,fictional,2,last,28,8,0,0.0793,0.1581,0.0788,0.0132,42,18
Qwen/Qwen2.5-3B,fictional_b2,fictional,2,last,28,16,0,0.2025,0.1141,-0.0884,0.0299,42,18
Qwen/Qwen2.5-3B,fictional_b2,fictional,2,last,28,2,1,0.0298,0.054,0.0242,0.0057,42,18
Qwen/Qwen2.5-3B,fictional_b2,fictional,2,last,28,3,1,0.0495,0.0898,0.0403,-0.0025,42,18
Qwen/Qwen2.5-3B,fictional_b2,fictional,2,last,28,5,1,0.0833,0.1088,0.0255,0.0186,42,18
Qwen/Qwen2.5-3B,fictional_b2,fictional,2,last,28,8,1,0.1491,0.1679,0.0188,-0.0591,42,18
Qwen/Qwen2.5-3B,fictional_b2,fictional,2,last,28,16,1,0.225,0.3496,0.1246,-0.0219,42,18
Qwen/Qwen2.5-3B,fictional_b2,fictional,2,last,28,2,2,0.0142,0.0563,0.0421,-0.0269,42,18
Qwen/Qwen2.5-3B,fictional_b2,fictional,2,last,28,3,2,0.0418,0.1534,0.1116,-0.0221,42,18
Qwen/Qwen2.5-3B,fictional_b2,fictional,2,last,28,5,2,0.1286,0.2201,0.0915,-0.041,42,18
Qwen/Qwen2.5-3B,fictional_b2,fictional,2,last,28,8,2,0.0871,0.1964,0.1092,-0.0009,42,18
Qwen/Qwen2.5-3B,fictional_b2,fictional,2,last,28,16,2,0.2161,0.2016,-0.0145,-0.0416,42,18
Qwen/Qwen2.5-3B,fictional_b2,fictional,2,last,28,2,3,0.0632,0.07,0.0068,0.0005,42,18
Qwen/Qwen2.5-3B,fictional_b2,fictional,2,last,28,3,3,0.0551,0.1715,0.1164,-0.003,42,18
Qwen/Qwen2.5-3B,fictional_b2,fictional,2,last,28,5,3,0.0943,0.2031,0.1088,-0.0354,42,18
Qwen/Qwen2.5-3B,fictional_b2,fictional,2,last,28,8,3,0.0953,0.2012,0.106,-0.0388,42,18
Qwen/Qwen2.5-3B,fictional_b2,fictional,2,last,28,16,3,0.2075,0.0449,-0.1625,0.0396,42,18
Qwen/Qwen2.5-3B,fictional_b2,fictional,2,last,28,2,4,0.0803,0.0583,-0.022,-0.0345,42,18
Qwen/Qwen2.5-3B,fictional_b2,fictional,2,last,28,3,4,0.0562,0.1167,0.0605,-0.0023,42,18
Qwen/Qwen2.5-3B,fictional_b2,fictional,2,last,28,5,4,0.0725,0.1725,0.1,0.0166,42,18
Qwen/Qwen2.5-3B,fictional_b2,fictional,2,last,28,8,4,0.1507,0.2701,0.1194,-0.0358,42,18
Qwen/Qwen2.5-3B,fictional_b2,fictional,2,last,28,16,4,0.2011,0.0623,-0.1387,0.027,42,18
Qwen/Qwen2.5-3B,fictional_b2,fictional,2,last,28,2,5,0.0409,0.0257,-0.0153,0.0327,42,18
Qwen/Qwen2.5-3B,fictional_b2,fictional,2,last,28,3,5,0.0337,0.117,0.0833,0.0015,42,18
Qwen/Qwen2.5-3B,fictional_b2,fictional,2,last,28,5,5,0.0405,0.1681,0.1276,-0.0415,42,18
Qwen/Qwen2.5-3B,fictional_b2,fictional,2,last,28,8,5,0.1257,0.0518,-0.0738,0.0033,42,18
Qwen/Qwen2.5-3B,fictional_b2,fictional,2,last,28,16,5,0.2411,0.1054,-0.1357,-0.0031,42,18
Qwen/Qwen2.5-3B,fictional_b2,fictional,2,last,32,2,0,0.0458,0.0404,-0.0054,0.0268,42,18
Qwen/Qwen2.5-3B,fictional_b2,fictional,2,last,32,3,0,0.0682,0.1005,0.0323,-0.0098,42,18
Qwen/Qwen2.5-3B,fictional_b2,fictional,2,last,32,5,0,0.0521,0.1465,0.0943,-0.0192,42,18
Qwen/Qwen2.5-3B,fictional_b2,fictional,2,last,32,8,0,0.124,0.1822,0.0583,-0.0553,42,18
Qwen/Qwen2.5-3B,fictional_b2,fictional,2,last,32,16,0,0.1919,-0.0124,-0.2043,0.0181,42,18
Qwen/Qwen2.5-3B,fictional_b2,fictional,2,last,32,2,1,0.023,0.0043,-0.0188,0.0022,42,18
Qwen/Qwen2.5-3B,fictional_b2,fictional,2,last,32,3,1,0.0585,0.0467,-0.0119,-0.0255,42,18
Qwen/Qwen2.5-3B,fictional_b2,fictional,2,last,32,5,1,0.0522,0.163,0.1108,0.0038,42,18
Qwen/Qwen2.5-3B,fictional_b2,fictional,2,last,32,8,1,0.0488,0.1282,0.0794,0.01,42,18
Qwen/Qwen2.5-3B,fictional_b2,fictional,2,last,32,16,1,0.2312,0.2014,-0.0298,-0.0134,42,18
Qwen/Qwen2.5-3B,fictional_b2,fictional,2,last,32,2,2,0.0503,0.0125,-0.0378,0.0007,42,18
Qwen/Qwen2.5-3B,fictional_b2,fictional,2,last,32,3,2,0.0007,0.0431,0.0424,-0.0506,42,18
Qwen/Qwen2.5-3B,fictional_b2,fictional,2,last,32,5,2,0.0322,0.1302,0.098,-0.0442,42,18
Qwen/Qwen2.5-3B,fictional_b2,fictional,2,last,32,8,2,0.0644,0.0778,0.0134,-0.0034,42,18
Qwen/Qwen2.5-3B,fictional_b2,fictional,2,last,32,16,2,0.207,0.1092,-0.0978,-0.0314,42,18
Qwen/Qwen2.5-3B,fictional_b2,fictional,2,last,32,2,3,0.0277,0.0744,0.0467,-0.0478,42,18
Qwen/Qwen2.5-3B,fictional_b2,fictional,2,last,32,3,3,0.0403,0.1152,0.0749,-0.027,42,18
Qwen/Qwen2.5-3B,fictional_b2,fictional,2,last,32,5,3,0.0426,0.149,0.1064,-0.0319,42,18
Qwen/Qwen2.5-3B,fictional_b2,fictional,2,last,32,8,3,0.0825,0.1857,0.1032,-0.0302,42,18
Qwen/Qwen2.5-3B,fictional_b2,fictional,2,last,32,16,3,0.2069,0.2998,0.0929,-0.0409,42,18
Qwen/Qwen2.5-3B,fictional_b2,fictional,2,last,32,2,4,0.0504,0.092,0.0416,0.0332,42,18
Qwen/Qwen2.5-3B,fictional_b2,fictional,2,last,32,3,4,0.0656,0.1144,0.0488,0.0315,42,18
Qwen/Qwen2.5-3B,fictional_b2,fictional,2,last,32,5,4,0.0786,0.1572,0.0786,0.045,42,18
Qwen/Qwen2.5-3B,fictional_b2,fictional,2,last,32,8,4,0.0899,0.0335,-0.0565,-0.0136,42,18
Qwen/Qwen2.5-3B,fictional_b2,fictional,2,last,32,16,4,0.2039,0.2536,0.0497,-0.0061,42,18
Qwen/Qwen2.5-3B,fictional_b2,fictional,2,last,32,2,5,0.0247,0.0554,0.0307,-0.0186,42,18
Qwen/Qwen2.5-3B,fictional_b2,fictional,2,last,32,3,5,0.0072,0.0878,0.0806,-0.0558,42,18
Qwen/Qwen2.5-3B,fictional_b2,fictional,2,last,32,5,5,0.0431,0.1695,0.1264,-0.0307,42,18
Qwen/Qwen2.5-3B,fictional_b2,fictional,2,last,32,8,5,0.0848,0.0741,-0.0107,-0.0266,42,18
Qwen/Qwen2.5-3B,fictional_b2,fictional,2,last,32,16,5,0.194,-0.0081,-0.2021,-0.018,42,18
Qwen/Qwen2.5-3B,fictional_b2,fictional,2,last,36,2,0,0.0714,0.0476,-0.0239,-0.0035,42,18
Qwen/Qwen2.5-3B,fictional_b2,fictional,2,last,36,3,0,0.0669,0.111,0.0441,-0.0478,42,18
Qwen/Qwen2.5-3B,fictional_b2,fictional,2,last,36,5,0,0.0229,0.1915,0.1686,-0.0205,42,18
Qwen/Qwen2.5-3B,fictional_b2,fictional,2,last,36,8,0,0.1426,0.1088,-0.0338,0.0078,42,18
Qwen/Qwen2.5-3B,fictional_b2,fictional,2,last,36,16,0,0.1691,0.0854,-0.0836,-0.0322,42,18
Qwen/Qwen2.5-3B,fictional_b2,fictional,2,last,36,2,1,0.0376,0.0682,0.0306,-0.0016,42,18
Qwen/Qwen2.5-3B,fictional_b2,fictional,2,last,36,3,1,0.0538,0.1232,0.0693,0.0375,42,18
Qwen/Qwen2.5-3B,fictional_b2,fictional,2,last,36,5,1,0.0632,0.1698,0.1066,0.0259,42,18
Qwen/Qwen2.5-3B,fictional_b2,fictional,2,last,36,8,1,0.1045,0.0945,-0.01,0.0028,42,18
Qwen/Qwen2.5-3B,fictional_b2,fictional,2,last,36,16,1,0.2052,0.1587,-0.0465,-0.0213,42,18
Qwen/Qwen2.5-3B,fictional_b2,fictional,2,last,36,2,2,0.0607,0.0728,0.0121,0.0288,42,18
Qwen/Qwen2.5-3B,fictional_b2,fictional,2,last,36,3,2,0.0815,0.1176,0.0361,0.0179,42,18
Qwen/Qwen2.5-3B,fictional_b2,fictional,2,last,36,5,2,0.0684,0.1389,0.0704,-0.034,42,18
Qwen/Qwen2.5-3B,fictional_b2,fictional,2,last,36,8,2,0.1359,0.1714,0.0355,-0.0107,42,18
Qwen/Qwen2.5-3B,fictional_b2,fictional,2,last,36,16,2,0.1983,-0.0156,-0.2139,-0.0133,42,18
Qwen/Qwen2.5-3B,fictional_b2,fictional,2,last,36,2,3,0.0518,0.0553,0.0035,0.01,42,18
Qwen/Qwen2.5-3B,fictional_b2,fictional,2,last,36,3,3,0.0291,0.0756,0.0465,-0.0621,42,18
Qwen/Qwen2.5-3B,fictional_b2,fictional,2,last,36,5,3,0.0875,0.1719,0.0844,-0.0135,42,18
Qwen/Qwen2.5-3B,fictional_b2,fictional,2,last,36,8,3,0.1232,0.1515,0.0283,-0.0705,42,18
Qwen/Qwen2.5-3B,fictional_b2,fictional,2,last,36,16,3,0.2352,-0.0373,-0.2725,0.0163,42,18
Qwen/Qwen2.5-3B,fictional_b2,fictional,2,last,36,2,4,0.0424,0.0917,0.0493,0.0352,42,18
Qwen/Qwen2.5-3B,fictional_b2,fictional,2,last,36,3,4,0.0681,0.1048,0.0367,0.0217,42,18
Qwen/Qwen2.5-3B,fictional_b2,fictional,2,last,36,5,4,0.1118,0.1971,0.0853,-0.0259,42,18
Qwen/Qwen2.5-3B,fictional_b2,fictional,2,last,36,8,4,0.172,0.1758,0.0039,0.019,42,18
Qwen/Qwen2.5-3B,fictional_b2,fictional,2,last,36,16,4,0.1839,0.029,-0.1549,-0.019,42,18
Qwen/Qwen2.5-3B,fictional_b2,fictional,2,last,36,2,5,0.0491,0.0722,0.0231,-0.0072,42,18
Qwen/Qwen2.5-3B,fictional_b2,fictional,2,last,36,3,5,0.0726,0.1219,0.0493,-0.002,42,18
Qwen/Qwen2.5-3B,fictional_b2,fictional,2,last,36,5,5,0.1147,0.1645,0.0498,0.0082,42,18
Qwen/Qwen2.5-3B,fictional_b2,fictional,2,last,36,8,5,0.1417,0.1162,-0.0255,0.0196,42,18
Qwen/Qwen2.5-3B,fictional_b2,fictional,2,last,36,16,5,0.2359,0.1414,-0.0945,-0.028,42,18
Qwen/Qwen2.5-3B,fictional_b3,fictional,3,premise,0,2,0,-0.0315,-0.0315,0.0,-0.0077,42,18
Qwen/Qwen2.5-3B,fictional_b3,fictional,3,premise,0,3,0,-0.0315,-0.0315,0.0,-0.0077,42,18
Qwen/Qwen2.5-3B,fictional_b3,fictional,3,premise,0,5,0,-0.0315,-0.0315,0.0,-0.0077,42,18
Qwen/Qwen2.5-3B,fictional_b3,fictional,3,premise,0,8,0,-0.0315,-0.0315,0.0,-0.0077,42,18
Qwen/Qwen2.5-3B,fictional_b3,fictional,3,premise,0,16,0,-0.0315,-0.0315,0.0,-0.0077,42,18
Qwen/Qwen2.5-3B,fictional_b3,fictional,3,premise,0,2,1,-0.0541,-0.0541,0.0,0.0127,42,18
Qwen/Qwen2.5-3B,fictional_b3,fictional,3,premise,0,3,1,-0.0541,-0.0424,0.0116,0.0127,42,18
Qwen/Qwen2.5-3B,fictional_b3,fictional,3,premise,0,5,1,-0.0541,-0.0541,0.0,0.0127,42,18
Qwen/Qwen2.5-3B,fictional_b3,fictional,3,premise,0,8,1,-0.0541,-0.0541,0.0,0.0127,42,18
Qwen/Qwen2.5-3B,fictional_b3,fictional,3,premise,0,16,1,-0.0541,-0.0541,0.0,0.0127,42,18
Qwen/Qwen2.5-3B,fictional_b3,fictional,3,premise,0,2,2,-0.0738,-0.0738,0.0,-0.0219,42,18
Qwen/Qwen2.5-3B,fictional_b3,fictional,3,premise,0,3,2,-0.0738,-0.0738,0.0,-0.0219,42,18
Qwen/Qwen2.5-3B,fictional_b3,fictional,3,premise,0,5,2,-0.0738,-0.0479,0.0259,-0.0285,42,18
Qwen/Qwen2.5-3B,fictional_b3,fictional,3,premise,0,8,2,-0.0738,-0.0738,0.0,-0.0219,42,18
Qwen/Qwen2.5-3B,fictional_b3,fictional,3,premise,0,16,2,-0.0738,-0.0738,0.0,-0.0219,42,18
Qwen/Qwen2.5-3B,fictional_b3,fictional,3,premise,0,2,3,-0.0287,-0.0287,0.0,-0.0245,42,18
Qwen/Qwen2.5-3B,fictional_b3,fictional,3,premise,0,3,3,-0.0287,-0.0287,0.0,-0.0245,42,18
Qwen/Qwen2.5-3B,fictional_b3,fictional,3,premise,0,5,3,-0.0287,-0.0116,0.0171,-0.0352,42,18
Qwen/Qwen2.5-3B,fictional_b3,fictional,3,premise,0,8,3,-0.0287,-0.0116,0.0171,-0.0352,42,18
Qwen/Qwen2.5-3B,fictional_b3,fictional,3,premise,0,16,3,-0.0287,-0.0164,0.0123,-0.0245,42,18
Qwen/Qwen2.5-3B,fictional_b3,fictional,3,premise,0,2,4,-0.0585,-0.0566,0.0019,0.0156,42,18
Qwen/Qwen2.5-3B,fictional_b3,fictional,3,premise,0,3,4,-0.0585,-0.0585,0.0,0.0272,42,18
Qwen/Qwen2.5-3B,fictional_b3,fictional,3,premise,0,5,4,-0.0585,-0.0585,0.0,0.0272,42,18
Qwen/Qwen2.5-3B,fictional_b3,fictional,3,premise,0,8,4,-0.0585,-0.0585,0.0,0.0272,42,18
Qwen/Qwen2.5-3B,fictional_b3,fictional,3,premise,0,16,4,-0.0585,-0.0585,0.0,0.0272,42,18
Qwen/Qwen2.5-3B,fictional_b3,fictional,3,premise,0,2,5,-0.082,-0.0707,0.0114,-0.0021,42,18
Qwen/Qwen2.5-3B,fictional_b3,fictional,3,premise,0,3,5,-0.082,-0.082,0.0,0.01,42,18
Qwen/Qwen2.5-3B,fictional_b3,fictional,3,premise,0,5,5,-0.082,-0.082,0.0,0.01,42,18
Qwen/Qwen2.5-3B,fictional_b3,fictional,3,premise,0,8,5,-0.082,-0.082,0.0,-0.0021,42,18
Qwen/Qwen2.5-3B,fictional_b3,fictional,3,premise,0,16,5,-0.082,-0.082,0.0,0.01,42,18
Qwen/Qwen2.5-3B,fictional_b3,fictional,3,premise,4,2,0,-0.0129,0.0762,0.089,-0.0175,42,18
Qwen/Qwen2.5-3B,fictional_b3,fictional,3,premise,4,3,0,0.0182,0.074,0.0558,-0.0387,42,18
Qwen/Qwen2.5-3B,fictional_b3,fictional,3,premise,4,5,0,0.0643,0.1262,0.0619,-0.0276,42,18
Qwen/Qwen2.5-3B,fictional_b3,fictional,3,premise,4,8,0,0.1206,0.1258,0.0052,0.0367,42,18
Qwen/Qwen2.5-3B,fictional_b3,fictional,3,premise,4,16,0,0.1808,0.0521,-0.1287,0.0312,42,18
Qwen/Qwen2.5-3B,fictional_b3,fictional,3,premise,4,2,1,0.0444,0.0644,0.02,-0.0105,42,18
Qwen/Qwen2.5-3B,fictional_b3,fictional,3,premise,4,3,1,0.0439,0.126,0.0822,-0.0276,42,18
Qwen/Qwen2.5-3B,fictional_b3,fictional,3,premise,4,5,1,0.1101,0.1642,0.0541,0.0138,42,18
Qwen/Qwen2.5-3B,fictional_b3,fictional,3,premise,4,8,1,0.095,0.1282,0.0332,0.0584,42,18
Qwen/Qwen2.5-3B,fictional_b3,fictional,3,premise,4,16,1,0.1555,0.2516,0.0961,0.0153,42,18
Qwen/Qwen2.5-3B,fictional_b3,fictional,3,premise,4,2,2,0.0135,0.0783,0.0647,-0.0317,42,18
Qwen/Qwen2.5-3B,fictional_b3,fictional,3,premise,4,3,2,0.0299,0.1284,0.0986,-0.1033,42,18
Qwen/Qwen2.5-3B,fictional_b3,fictional,3,premise,4,5,2,0.0807,0.1215,0.0408,-0.0025,42,18
Qwen/Qwen2.5-3B,fictional_b3,fictional,3,premise,4,8,2,0.0426,0.1637,0.1211,-0.0098,42,18
Qwen/Qwen2.5-3B,fictional_b3,fictional,3,premise,4,16,2,0.1629,0.0389,-0.124,-0.0049,42,18
Qwen/Qwen2.5-3B,fictional_b3,fictional,3,premise,4,2,3,0.0229,0.0873,0.0644,0.011,42,18
Qwen/Qwen2.5-3B,fictional_b3,fictional,3,premise,4,3,3,0.0393,0.1564,0.1171,-0.0388,42,18
Qwen/Qwen2.5-3B,fictional_b3,fictional,3,premise,4,5,3,0.1029,0.1384,0.0355,-0.0077,42,18
Qwen/Qwen2.5-3B,fictional_b3,fictional,3,premise,4,8,3,0.122,0.1372,0.0152,0.0099,42,18
Qwen/Qwen2.5-3B,fictional_b3,fictional,3,premise,4,16,3,0.1733,0.069,-0.1044,0.0071,42,18
Qwen/Qwen2.5-3B,fictional_b3,fictional,3,premise,4,2,4,-0.0132,0.008,0.0212,0.0143,42,18
Qwen/Qwen2.5-3B,fictional_b3,fictional,3,premise,4,3,4,0.0366,0.152,0.1154,-0.0114,42,18
Qwen/Qwen2.5-3B,fictional_b3,fictional,3,premise,4,5,4,0.0722,0.1143,0.0421,-0.0316,42,18
Qwen/Qwen2.5-3B,fictional_b3,fictional,3,premise,4,8,4,0.1182,0.1528,0.0346,0.0071,42,18
Qwen/Qwen2.5-3B,fictional_b3,fictional,3,premise,4,16,4,0.1277,0.2208,0.0931,-0.0171,42,18
Qwen/Qwen2.5-3B,fictional_b3,fictional,3,premise,4,2,5,0.0094,0.0522,0.0429,0.0301,42,18
Qwen/Qwen2.5-3B,fictional_b3,fictional,3,premise,4,3,5,0.0144,0.0769,0.0625,-0.0316,42,18
Qwen/Qwen2.5-3B,fictional_b3,fictional,3,premise,4,5,5,0.0431,0.085,0.042,-0.022,42,18
Qwen/Qwen2.5-3B,fictional_b3,fictional,3,premise,4,8,5,0.1211,0.1494,0.0283,0.0178,42,18
Qwen/Qwen2.5-3B,fictional_b3,fictional,3,premise,4,16,5,0.106,0.138,0.032,-0.0491,42,18
Qwen/Qwen2.5-3B,fictional_b3,fictional,3,premise,8,2,0,0.038,0.0989,0.0609,0.0263,42,18
Qwen/Qwen2.5-3B,fictional_b3,fictional,3,premise,8,3,0,0.0674,0.1674,0.1,-0.0273,42,18
Qwen/Qwen2.5-3B,fictional_b3,fictional,3,premise,8,5,0,0.1104,0.2213,0.1109,-0.0046,42,18
Qwen/Qwen2.5-3B,fictional_b3,fictional,3,premise,8,8,0,0.191,0.3054,0.1143,-0.0485,42,18
Qwen/Qwen2.5-3B,fictional_b3,fictional,3,premise,8,16,0,0.2669,0.3028,0.0359,-0.095,42,18
Qwen/Qwen2.5-3B,fictional_b3,fictional,3,premise,8,2,1,0.0151,0.1014,0.0863,-0.0234,42,18
Qwen/Qwen2.5-3B,fictional_b3,fictional,3,premise,8,3,1,0.0553,0.2263,0.171,-0.0179,42,18
Qwen/Qwen2.5-3B,fictional_b3,fictional,3,premise,8,5,1,0.1379,0.2558,0.1179,-0.0093,42,18
Qwen/Qwen2.5-3B,fictional_b3,fictional,3,premise,8,8,1,0.1792,0.3029,0.1238,0.0378,42,18
Qwen/Qwen2.5-3B,fictional_b3,fictional,3,premise,8,16,1,0.2288,0.3433,0.1145,0.0385,42,18
Qwen/Qwen2.5-3B,fictional_b3,fictional,3,premise,8,2,2,0.0028,0.1395,0.1367,0.0056,42,18
Qwen/Qwen2.5-3B,fictional_b3,fictional,3,premise,8,3,2,0.041,0.2207,0.1798,0.0036,42,18
Qwen/Qwen2.5-3B,fictional_b3,fictional,3,premise,8,5,2,0.1031,0.2975,0.1945,-0.0045,42,18
Qwen/Qwen2.5-3B,fictional_b3,fictional,3,premise,8,8,2,0.2029,0.3066,0.1038,-0.002,42,18
Qwen/Qwen2.5-3B,fictional_b3,fictional,3,premise,8,16,2,0.2856,0.3889,0.1033,-0.0273,42,18
Qwen/Qwen2.5-3B,fictional_b3,fictional,3,premise,8,2,3,0.0965,0.1874,0.091,-0.0461,42,18
Qwen/Qwen2.5-3B,fictional_b3,fictional,3,premise,8,3,3,0.0533,0.2314,0.1781,-0.0083,42,18
Qwen/Qwen2.5-3B,fictional_b3,fictional,3,premise,8,5,3,0.1428,0.2559,0.1131,-0.0247,42,18
Qwen/Qwen2.5-3B,fictional_b3,fictional,3,premise,8,8,3,0.1948,0.319,0.1242,0.0005,42,18
Qwen/Qwen2.5-3B,fictional_b3,fictional,3,premise,8,16,3,0.2388,0.3757,0.1369,-0.0457,42,18
Qwen/Qwen2.5-3B,fictional_b3,fictional,3,premise,8,2,4,0.1375,0.122,-0.0155,-0.0148,42,18
Qwen/Qwen2.5-3B,fictional_b3,fictional,3,premise,8,3,4,0.0393,0.2221,0.1828,0.0011,42,18
Qwen/Qwen2.5-3B,fictional_b3,fictional,3,premise,8,5,4,0.0835,0.2469,0.1634,-0.0195,42,18
Qwen/Qwen2.5-3B,fictional_b3,fictional,3,premise,8,8,4,0.1736,0.2726,0.099,-0.0275,42,18
Qwen/Qwen2.5-3B,fictional_b3,fictional,3,premise,8,16,4,0.2598,0.3223,0.0625,-0.0317,42,18
Qwen/Qwen2.5-3B,fictional_b3,fictional,3,premise,8,2,5,0.0131,0.1339,0.1208,-0.0092,42,18
Qwen/Qwen2.5-3B,fictional_b3,fictional,3,premise,8,3,5,0.0558,0.118,0.0622,-0.0134,42,18
Qwen/Qwen2.5-3B,fictional_b3,fictional,3,premise,8,5,5,0.1049,0.2048,0.0999,-0.0055,42,18
Qwen/Qwen2.5-3B,fictional_b3,fictional,3,premise,8,8,5,0.1745,0.2654,0.0909,0.025,42,18
Qwen/Qwen2.5-3B,fictional_b3,fictional,3,premise,8,16,5,0.2357,0.1693,-0.0664,0.0725,42,18
Qwen/Qwen2.5-3B,fictional_b3,fictional,3,premise,12,2,0,0.0303,0.1648,0.1345,-0.0116,42,18
Qwen/Qwen2.5-3B,fictional_b3,fictional,3,premise,12,3,0,0.0182,0.249,0.2308,-0.0081,42,18
Qwen/Qwen2.5-3B,fictional_b3,fictional,3,premise,12,5,0,0.1162,0.2795,0.1633,-0.0336,42,18
Qwen/Qwen2.5-3B,fictional_b3,fictional,3,premise,12,8,0,0.2328,0.3117,0.0789,-0.0548,42,18
Qwen/Qwen2.5-3B,fictional_b3,fictional,3,premise,12,16,0,0.2832,0.3246,0.0413,-0.0489,42,18
Qwen/Qwen2.5-3B,fictional_b3,fictional,3,premise,12,2,1,0.0519,0.1069,0.055,0.0097,42,18
Qwen/Qwen2.5-3B,fictional_b3,fictional,3,premise,12,3,1,0.0304,0.2173,0.1869,-0.0281,42,18
Qwen/Qwen2.5-3B,fictional_b3,fictional,3,premise,12,5,1,0.1167,0.2819,0.1652,-0.0279,42,18
Qwen/Qwen2.5-3B,fictional_b3,fictional,3,premise,12,8,1,0.2093,0.2664,0.0572,-0.0143,42,18
Qwen/Qwen2.5-3B,fictional_b3,fictional,3,premise,12,16,1,0.2942,0.333,0.0388,0.0036,42,18
Qwen/Qwen2.5-3B,fictional_b3,fictional,3,premise,12,2,2,0.0803,0.1892,0.109,-0.0236,42,18
Qwen/Qwen2.5-3B,fictional_b3,fictional,3,premise,12,3,2,0.0969,0.2114,0.1145,-0.0232,42,18
Qwen/Qwen2.5-3B,fictional_b3,fictional,3,premise,12,5,2,0.1799,0.2364,0.0565,-0.0145,42,18
Qwen/Qwen2.5-3B,fictional_b3,fictional,3,premise,12,8,2,0.161,0.2902,0.1292,-0.0133,42,18
Qwen/Qwen2.5-3B,fictional_b3,fictional,3,premise,12,16,2,0.2963,0.3188,0.0224,-0.0598,42,18
Qwen/Qwen2.5-3B,fictional_b3,fictional,3,premise,12,2,3,0.0037,0.0795,0.0758,-0.0476,42,18
Qwen/Qwen2.5-3B,fictional_b3,fictional,3,premise,12,3,3,0.0656,0.1743,0.1087,0.0031,42,18
Qwen/Qwen2.5-3B,fictional_b3,fictional,3,premise,12,5,3,0.1608,0.2694,0.1087,-0.0454,42,18
Qwen/Qwen2.5-3B,fictional_b3,fictional,3,premise,12,8,3,0.1599,0.3503,0.1903,-0.038,42,18
Qwen/Qwen2.5-3B,fictional_b3,fictional,3,premise,12,16,3,0.2847,0.3933,0.1086,-0.0239,42,18
Qwen/Qwen2.5-3B,fictional_b3,fictional,3,premise,12,2,4,0.0455,0.1228,0.0773,0.0008,42,18
Qwen/Qwen2.5-3B,fictional_b3,fictional,3,premise,12,3,4,0.048,0.21,0.1621,-0.0378,42,18
Qwen/Qwen2.5-3B,fictional_b3,fictional,3,premise,12,5,4,0.0813,0.2678,0.1865,-0.01,42,18
Qwen/Qwen2.5-3B,fictional_b3,fictional,3,premise,12,8,4,0.1913,0.3479,0.1566,0.0035,42,18
Qwen/Qwen2.5-3B,fictional_b3,fictional,3,premise,12,16,4,0.2779,0.3657,0.0877,-0.032,42,18
Qwen/Qwen2.5-3B,fictional_b3,fictional,3,premise,12,2,5,0.0369,0.1954,0.1585,-0.0224,42,18
Qwen/Qwen2.5-3B,fictional_b3,fictional,3,premise,12,3,5,0.0968,0.2023,0.1055,-0.0008,42,18
Qwen/Qwen2.5-3B,fictional_b3,fictional,3,premise,12,5,5,0.1126,0.288,0.1754,-0.0094,42,18
Qwen/Qwen2.5-3B,fictional_b3,fictional,3,premise,12,8,5,0.2018,0.3404,0.1386,-0.0256,42,18
Qwen/Qwen2.5-3B,fictional_b3,fictional,3,premise,12,16,5,0.2667,0.3029,0.0362,-0.0267,42,18
Qwen/Qwen2.5-3B,fictional_b3,fictional,3,premise,16,2,0,0.0378,0.1363,0.0985,-0.0622,42,18
Qwen/Qwen2.5-3B,fictional_b3,fictional,3,premise,16,3,0,0.0567,0.1662,0.1095,-0.0195,42,18
Qwen/Qwen2.5-3B,fictional_b3,fictional,3,premise,16,5,0,0.1003,0.2347,0.1344,-0.071,42,18
Qwen/Qwen2.5-3B,fictional_b3,fictional,3,premise,16,8,0,0.1726,0.306,0.1334,-0.0285,42,18
Qwen/Qwen2.5-3B,fictional_b3,fictional,3,premise,16,16,0,0.2908,0.2473,-0.0435,-0.0228,42,18
Qwen/Qwen2.5-3B,fictional_b3,fictional,3,premise,16,2,1,0.0734,0.1622,0.0887,-0.0211,42,18
Qwen/Qwen2.5-3B,fictional_b3,fictional,3,premise,16,3,1,0.0415,0.2492,0.2077,0.0156,42,18
Qwen/Qwen2.5-3B,fictional_b3,fictional,3,premise,16,5,1,0.1077,0.2952,0.1875,-0.0285,42,18
Qwen/Qwen2.5-3B,fictional_b3,fictional,3,premise,16,8,1,0.2058,0.3171,0.1113,0.0249,42,18
Qwen/Qwen2.5-3B,fictional_b3,fictional,3,premise,16,16,1,0.3267,0.3048,-0.0219,-0.0367,42,18
Qwen/Qwen2.5-3B,fictional_b3,fictional,3,premise,16,2,2,0.001,0.1491,0.1481,-0.0157,42,18
Qwen/Qwen2.5-3B,fictional_b3,fictional,3,premise,16,3,2,0.0298,0.2164,0.1865,-0.028,42,18
Qwen/Qwen2.5-3B,fictional_b3,fictional,3,premise,16,5,2,0.071,0.2755,0.2046,-0.0742,42,18
Qwen/Qwen2.5-3B,fictional_b3,fictional,3,premise,16,8,2,0.1729,0.3518,0.1789,-0.0424,42,18
Qwen/Qwen2.5-3B,fictional_b3,fictional,3,premise,16,16,2,0.2711,0.3126,0.0415,-0.0114,42,18
Qwen/Qwen2.5-3B,fictional_b3,fictional,3,premise,16,2,3,0.0318,0.1496,0.1178,-0.0413,42,18
Qwen/Qwen2.5-3B,fictional_b3,fictional,3,premise,16,3,3,0.0459,0.1615,0.1156,-0.0815,42,18
Qwen/Qwen2.5-3B,fictional_b3,fictional,3,premise,16,5,3,0.1212,0.3134,0.1922,-0.0495,42,18
Qwen/Qwen2.5-3B,fictional_b3,fictional,3,premise,16,8,3,0.1701,0.3648,0.1947,-0.0645,42,18
Qwen/Qwen2.5-3B,fictional_b3,fictional,3,premise,16,16,3,0.3078,0.4086,0.1008,-0.0279,42,18
Qwen/Qwen2.5-3B,fictional_b3,fictional,3,premise,16,2,4,0.0322,0.0723,0.04,-0.0218,42,18
Qwen/Qwen2.5-3B,fictional_b3,fictional,3,premise,16,3,4,0.0419,0.2281,0.1863,-0.008,42,18
Qwen/Qwen2.5-3B,fictional_b3,fictional,3,premise,16,5,4,0.1002,0.2387,0.1385,-0.0154,42,18
Qwen/Qwen2.5-3B,fictional_b3,fictional,3,premise,16,8,4,0.1847,0.3076,0.1229,-0.0388,42,18
Qwen/Qwen2.5-3B,fictional_b3,fictional,3,premise,16,16,4,0.3004,0.3023,0.0019,-0.0079,42,18
Qwen/Qwen2.5-3B,fictional_b3,fictional,3,premise,16,2,5,0.0423,0.1316,0.0893,-0.0391,42,18
Qwen/Qwen2.5-3B,fictional_b3,fictional,3,premise,16,3,5,0.0471,0.1903,0.1432,-0.0012,42,18
Qwen/Qwen2.5-3B,fictional_b3,fictional,3,premise,16,5,5,0.1249,0.2891,0.1642,-0.0045,42,18
Qwen/Qwen2.5-3B,fictional_b3,fictional,3,premise,16,8,5,0.2034,0.3149,0.1114,0.0147,42,18
Qwen/Qwen2.5-3B,fictional_b3,fictional,3,premise,16,16,5,0.2627,0.3517,0.089,0.0279,42,18
Qwen/Qwen2.5-3B,fictional_b3,fictional,3,premise,20,2,0,0.0282,0.0745,0.0463,-0.0384,42,18
Qwen/Qwen2.5-3B,fictional_b3,fictional,3,premise,20,3,0,0.0513,0.1927,0.1414,-0.0285,42,18
Qwen/Qwen2.5-3B,fictional_b3,fictional,3,premise,20,5,0,0.0676,0.2617,0.1942,-0.0362,42,18
Qwen/Qwen2.5-3B,fictional_b3,fictional,3,premise,20,8,0,0.1508,0.3153,0.1646,-0.0713,42,18
Qwen/Qwen2.5-3B,fictional_b3,fictional,3,premise,20,16,0,0.2447,0.3352,0.0906,-0.0618,42,18
Qwen/Qwen2.5-3B,fictional_b3,fictional,3,premise,20,2,1,0.1045,0.1715,0.067,-0.0188,42,18
Qwen/Qwen2.5-3B,fictional_b3,fictional,3,premise,20,3,1,0.0813,0.2055,0.1242,-0.0001,42,18
Qwen/Qwen2.5-3B,fictional_b3,fictional,3,premise,20,5,1,0.0867,0.2249,0.1382,-0.0136,42,18
Qwen/Qwen2.5-3B,fictional_b3,fictional,3,premise,20,8,1,0.1541,0.3163,0.1622,0.0017,42,18
Qwen/Qwen2.5-3B,fictional_b3,fictional,3,premise,20,16,1,0.2345,0.3379,0.1034,0.0201,42,18
Qwen/Qwen2.5-3B,fictional_b3,fictional,3,premise,20,2,2,0.0531,0.1276,0.0745,0.0195,42,18
Qwen/Qwen2.5-3B,fictional_b3,fictional,3,premise,20,3,2,0.0768,0.1591,0.0823,0.0676,42,18
Qwen/Qwen2.5-3B,fictional_b3,fictional,3,premise,20,5,2,0.1388,0.2399,0.1011,-0.0198,42,18
Qwen/Qwen2.5-3B,fictional_b3,fictional,3,premise,20,8,2,0.2249,0.2663,0.0415,0.006,42,18
Qwen/Qwen2.5-3B,fictional_b3,fictional,3,premise,20,16,2,0.2496,0.3571,0.1076,-0.0431,42,18
Qwen/Qwen2.5-3B,fictional_b3,fictional,3,premise,20,2,3,0.0536,0.1376,0.0841,-0.0426,42,18
Qwen/Qwen2.5-3B,fictional_b3,fictional,3,premise,20,3,3,0.0915,0.1709,0.0795,-0.039,42,18
Qwen/Qwen2.5-3B,fictional_b3,fictional,3,premise,20,5,3,0.0499,0.2528,0.2029,-0.0252,42,18
Qwen/Qwen2.5-3B,fictional_b3,fictional,3,premise,20,8,3,0.1271,0.324,0.1969,-0.0201,42,18
Qwen/Qwen2.5-3B,fictional_b3,fictional,3,premise,20,16,3,0.2314,0.3266,0.0952,-0.0305,42,18
Qwen/Qwen2.5-3B,fictional_b3,fictional,3,premise,20,2,4,0.0028,0.0875,0.0847,0.0216,42,18
Qwen/Qwen2.5-3B,fictional_b3,fictional,3,premise,20,3,4,0.0572,0.1908,0.1336,0.0557,42,18
Qwen/Qwen2.5-3B,fictional_b3,fictional,3,premise,20,5,4,0.055,0.2281,0.1731,0.0145,42,18
Qwen/Qwen2.5-3B,fictional_b3,fictional,3,premise,20,8,4,0.136,0.3265,0.1905,-0.0353,42,18
Qwen/Qwen2.5-3B,fictional_b3,fictional,3,premise,20,16,4,0.2829,0.4042,0.1212,0.0045,42,18
Qwen/Qwen2.5-3B,fictional_b3,fictional,3,premise,20,2,5,0.073,0.1045,0.0315,0.001,42,18
Qwen/Qwen2.5-3B,fictional_b3,fictional,3,premise,20,3,5,0.0242,0.1564,0.1322,-0.0235,42,18
Qwen/Qwen2.5-3B,fictional_b3,fictional,3,premise,20,5,5,0.0927,0.2302,0.1375,-0.0108,42,18
Qwen/Qwen2.5-3B,fictional_b3,fictional,3,premise,20,8,5,0.0773,0.2697,0.1924,-0.017,42,18
Qwen/Qwen2.5-3B,fictional_b3,fictional,3,premise,20,16,5,0.2565,0.2623,0.0057,-0.0068,42,18
Qwen/Qwen2.5-3B,fictional_b3,fictional,3,premise,24,2,0,0.0218,0.1345,0.1127,0.0118,42,18
Qwen/Qwen2.5-3B,fictional_b3,fictional,3,premise,24,3,0,0.069,0.1369,0.0678,-0.0062,42,18
Qwen/Qwen2.5-3B,fictional_b3,fictional,3,premise,24,5,0,0.1202,0.1753,0.0551,-0.0037,42,18
Qwen/Qwen2.5-3B,fictional_b3,fictional,3,premise,24,8,0,0.1785,0.2972,0.1187,-0.049,42,18
Qwen/Qwen2.5-3B,fictional_b3,fictional,3,premise,24,16,0,0.222,0.3782,0.1562,-0.085,42,18
Qwen/Qwen2.5-3B,fictional_b3,fictional,3,premise,24,2,1,0.0069,0.0817,0.0748,-0.0196,42,18
Qwen/Qwen2.5-3B,fictional_b3,fictional,3,premise,24,3,1,0.026,0.1346,0.1086,0.0233,42,18
Qwen/Qwen2.5-3B,fictional_b3,fictional,3,premise,24,5,1,0.0478,0.2483,0.2004,-0.0347,42,18
Qwen/Qwen2.5-3B,fictional_b3,fictional,3,premise,24,8,1,0.1371,0.3224,0.1853,0.0009,42,18
Qwen/Qwen2.5-3B,fictional_b3,fictional,3,premise,24,16,1,0.2451,0.3208,0.0757,0.0075,42,18
Qwen/Qwen2.5-3B,fictional_b3,fictional,3,premise,24,2,2,0.0321,0.0684,0.0362,0.0051,42,18
Qwen/Qwen2.5-3B,fictional_b3,fictional,3,premise,24,3,2,0.0538,0.1482,0.0944,0.0217,42,18
Qwen/Qwen2.5-3B,fictional_b3,fictional,3,premise,24,5,2,0.1428,0.2278,0.085,-0.0116,42,18
Qwen/Qwen2.5-3B,fictional_b3,fictional,3,premise,24,8,2,0.1345,0.2297,0.0952,-0.0055,42,18
Qwen/Qwen2.5-3B,fictional_b3,fictional,3,premise,24,16,2,0.2581,0.2589,0.0008,0.033,42,18
Qwen/Qwen2.5-3B,fictional_b3,fictional,3,premise,24,2,3,0.0074,0.0704,0.063,-0.0487,42,18
Qwen/Qwen2.5-3B,fictional_b3,fictional,3,premise,24,3,3,0.0682,0.1399,0.0717,-0.0442,42,18
Qwen/Qwen2.5-3B,fictional_b3,fictional,3,premise,24,5,3,0.023,0.1378,0.1147,0.0052,42,18
Qwen/Qwen2.5-3B,fictional_b3,fictional,3,premise,24,8,3,0.1465,0.2424,0.0958,-0.0569,42,18
Qwen/Qwen2.5-3B,fictional_b3,fictional,3,premise,24,16,3,0.2113,0.3486,0.1372,-0.0351,42,18
Qwen/Qwen2.5-3B,fictional_b3,fictional,3,premise,24,2,4,0.0635,0.1099,0.0464,0.0083,42,18
Qwen/Qwen2.5-3B,fictional_b3,fictional,3,premise,24,3,4,0.0337,0.1489,0.1153,-0.014,42,18
Qwen/Qwen2.5-3B,fictional_b3,fictional,3,premise,24,5,4,0.0575,0.2272,0.1697,-0.0466,42,18
Qwen/Qwen2.5-3B,fictional_b3,fictional,3,premise,24,8,4,0.1384,0.2831,0.1448,-0.0129,42,18
Qwen/Qwen2.5-3B,fictional_b3,fictional,3,premise,24,16,4,0.2522,0.3674,0.1152,-0.0314,42,18
Qwen/Qwen2.5-3B,fictional_b3,fictional,3,premise,24,2,5,0.0303,0.1283,0.098,0.0292,42,18
Qwen/Qwen2.5-3B,fictional_b3,fictional,3,premise,24,3,5,0.0154,0.1505,0.1351,-0.003,42,18
Qwen/Qwen2.5-3B,fictional_b3,fictional,3,premise,24,5,5,0.0811,0.1917,0.1106,0.0282,42,18
Qwen/Qwen2.5-3B,fictional_b3,fictional,3,premise,24,8,5,0.1235,0.2322,0.1087,0.0274,42,18
Qwen/Qwen2.5-3B,fictional_b3,fictional,3,premise,24,16,5,0.2341,0.3426,0.1085,0.0695,42,18
Qwen/Qwen2.5-3B,fictional_b3,fictional,3,premise,28,2,0,0.0411,0.0328,-0.0083,0.0288,42,18
Qwen/Qwen2.5-3B,fictional_b3,fictional,3,premise,28,3,0,0.0579,0.1465,0.0885,-0.0263,42,18
Qwen/Qwen2.5-3B,fictional_b3,fictional,3,premise,28,5,0,0.1179,0.2442,0.1263,-0.0621,42,18
Qwen/Qwen2.5-3B,fictional_b3,fictional,3,premise,28,8,0,0.1636,0.2526,0.0891,-0.0636,42,18
Qwen/Qwen2.5-3B,fictional_b3,fictional,3,premise,28,16,0,0.2444,0.0915,-0.1529,0.0133,42,18
Qwen/Qwen2.5-3B,fictional_b3,fictional,3,premise,28,2,1,0.0142,0.0878,0.0737,-0.0292,42,18
Qwen/Qwen2.5-3B,fictional_b3,fictional,3,premise,28,3,1,0.0745,0.1115,0.0369,-0.0368,42,18
Qwen/Qwen2.5-3B,fictional_b3,fictional,3,premise,28,5,1,0.071,0.2277,0.1567,-0.0272,42,18
Qwen/Qwen2.5-3B,fictional_b3,fictional,3,premise,28,8,1,0.123,0.1923,0.0694,0.0214,42,18
Qwen/Qwen2.5-3B,fictional_b3,fictional,3,premise,28,16,1,0.1981,0.217,0.0189,-0.0398,42,18
Qwen/Qwen2.5-3B,fictional_b3,fictional,3,premise,28,2,2,0.0379,0.0469,0.0091,-0.0163,42,18
Qwen/Qwen2.5-3B,fictional_b3,fictional,3,premise,28,3,2,0.11,0.1719,0.0619,-0.0521,42,18
Qwen/Qwen2.5-3B,fictional_b3,fictional,3,premise,28,5,2,0.1095,0.1821,0.0726,-0.0044,42,18
Qwen/Qwen2.5-3B,fictional_b3,fictional,3,premise,28,8,2,0.1183,0.1867,0.0684,-0.0219,42,18
Qwen/Qwen2.5-3B,fictional_b3,fictional,3,premise,28,16,2,0.1784,0.2922,0.1138,-0.0122,42,18
Qwen/Qwen2.5-3B,fictional_b3,fictional,3,premise,28,2,3,0.0506,0.069,0.0184,-0.0282,42,18
Qwen/Qwen2.5-3B,fictional_b3,fictional,3,premise,28,3,3,0.0475,0.1164,0.0689,-0.0326,42,18
Qwen/Qwen2.5-3B,fictional_b3,fictional,3,premise,28,5,3,0.0794,0.205,0.1257,-0.0239,42,18
Qwen/Qwen2.5-3B,fictional_b3,fictional,3,premise,28,8,3,0.1344,0.2731,0.1387,-0.0423,42,18
Qwen/Qwen2.5-3B,fictional_b3,fictional,3,premise,28,16,3,0.2222,0.2285,0.0063,-0.0152,42,18
Qwen/Qwen2.5-3B,fictional_b3,fictional,3,premise,28,2,4,0.0615,0.0831,0.0216,-0.0343,42,18
Qwen/Qwen2.5-3B,fictional_b3,fictional,3,premise,28,3,4,0.0441,0.1666,0.1226,0.0038,42,18
Qwen/Qwen2.5-3B,fictional_b3,fictional,3,premise,28,5,4,0.0705,0.1984,0.1279,0.0044,42,18
Qwen/Qwen2.5-3B,fictional_b3,fictional,3,premise,28,8,4,0.1481,0.2782,0.1301,0.0128,42,18
Qwen/Qwen2.5-3B,fictional_b3,fictional,3,premise,28,16,4,0.2398,0.2875,0.0477,-0.0117,42,18
Qwen/Qwen2.5-3B,fictional_b3,fictional,3,premise,28,2,5,0.0269,0.0892,0.0623,0.0161,42,18
Qwen/Qwen2.5-3B,fictional_b3,fictional,3,premise,28,3,5,0.0551,0.1462,0.0911,-0.0032,42,18
Qwen/Qwen2.5-3B,fictional_b3,fictional,3,premise,28,5,5,0.0967,0.221,0.1243,0.023,42,18
Qwen/Qwen2.5-3B,fictional_b3,fictional,3,premise,28,8,5,0.1089,0.2441,0.1352,0.0101,42,18
Qwen/Qwen2.5-3B,fictional_b3,fictional,3,premise,28,16,5,0.2232,0.1849,-0.0383,0.0019,42,18
Qwen/Qwen2.5-3B,fictional_b3,fictional,3,premise,32,2,0,0.034,0.0584,0.0244,0.0107,42,18
Qwen/Qwen2.5-3B,fictional_b3,fictional,3,premise,32,3,0,0.0185,0.0913,0.0729,0.0042,42,18
Qwen/Qwen2.5-3B,fictional_b3,fictional,3,premise,32,5,0,0.1033,0.1916,0.0883,-0.0048,42,18
Qwen/Qwen2.5-3B,fictional_b3,fictional,3,premise,32,8,0,0.1126,0.2298,0.1172,-0.0366,42,18
Qwen/Qwen2.5-3B,fictional_b3,fictional,3,premise,32,16,0,0.2049,0.2621,0.0571,-0.054,42,18
Qwen/Qwen2.5-3B,fictional_b3,fictional,3,premise,32,2,1,0.0471,0.0857,0.0386,-0.0017,42,18
Qwen/Qwen2.5-3B,fictional_b3,fictional,3,premise,32,3,1,0.0438,0.1324,0.0886,0.0157,42,18
Qwen/Qwen2.5-3B,fictional_b3,fictional,3,premise,32,5,1,0.0715,0.2337,0.1622,0.0275,42,18
Qwen/Qwen2.5-3B,fictional_b3,fictional,3,premise,32,8,1,0.1326,0.2202,0.0877,0.0237,42,18
Qwen/Qwen2.5-3B,fictional_b3,fictional,3,premise,32,16,1,0.2307,0.1051,-0.1256,-0.0414,42,18
Qwen/Qwen2.5-3B,fictional_b3,fictional,3,premise,32,2,2,0.0424,0.111,0.0686,0.008,42,18
Qwen/Qwen2.5-3B,fictional_b3,fictional,3,premise,32,3,2,0.0462,0.1506,0.1044,-0.0563,42,18
Qwen/Qwen2.5-3B,fictional_b3,fictional,3,premise,32,5,2,0.0488,0.1385,0.0897,-0.0118,42,18
Qwen/Qwen2.5-3B,fictional_b3,fictional,3,premise,32,8,2,0.1418,0.2596,0.1178,-0.0005,42,18
Qwen/Qwen2.5-3B,fictional_b3,fictional,3,premise,32,16,2,0.2299,0.2495,0.0196,0.0029,42,18
Qwen/Qwen2.5-3B,fictional_b3,fictional,3,premise,32,2,3,0.0064,0.062,0.0556,0.0003,42,18
Qwen/Qwen2.5-3B,fictional_b3,fictional,3,premise,32,3,3,0.0757,0.1526,0.0768,-0.0454,42,18
Qwen/Qwen2.5-3B,fictional_b3,fictional,3,premise,32,5,3,0.0773,0.1992,0.1219,-0.0262,42,18
Qwen/Qwen2.5-3B,fictional_b3,fictional,3,premise,32,8,3,0.1126,0.2544,0.1418,-0.0089,42,18
Qwen/Qwen2.5-3B,fictional_b3,fictional,3,premise,32,16,3,0.1769,0.1798,0.0028,0.0134,42,18
Qwen/Qwen2.5-3B,fictional_b3,fictional,3,premise,32,2,4,0.0166,0.096,0.0794,0.0061,42,18
Qwen/Qwen2.5-3B,fictional_b3,fictional,3,premise,32,3,4,0.0285,0.1205,0.092,-0.0357,42,18
Qwen/Qwen2.5-3B,fictional_b3,fictional,3,premise,32,5,4,0.0821,0.1508,0.0686,-0.033,42,18
Qwen/Qwen2.5-3B,fictional_b3,fictional,3,premise,32,8,4,0.1246,0.2024,0.0778,0.0206,42,18
Qwen/Qwen2.5-3B,fictional_b3,fictional,3,premise,32,16,4,0.1783,0.3182,0.1399,0.0277,42,18
Qwen/Qwen2.5-3B,fictional_b3,fictional,3,premise,32,2,5,0.0268,0.0642,0.0374,0.0219,42,18
Qwen/Qwen2.5-3B,fictional_b3,fictional,3,premise,32,3,5,0.001,0.1576,0.1566,0.0038,42,18
Qwen/Qwen2.5-3B,fictional_b3,fictional,3,premise,32,5,5,0.0411,0.1224,0.0813,0.0062,42,18
Qwen/Qwen2.5-3B,fictional_b3,fictional,3,premise,32,8,5,0.1467,0.2717,0.125,-0.0001,42,18
Qwen/Qwen2.5-3B,fictional_b3,fictional,3,premise,32,16,5,0.1957,0.2488,0.0531,-0.0329,42,18
Qwen/Qwen2.5-3B,fictional_b3,fictional,3,premise,36,2,0,0.069,0.0592,-0.0098,-0.0018,42,18
Qwen/Qwen2.5-3B,fictional_b3,fictional,3,premise,36,3,0,0.0638,0.1522,0.0884,-0.0392,42,18
Qwen/Qwen2.5-3B,fictional_b3,fictional,3,premise,36,5,0,0.0936,0.1793,0.0857,-0.0654,42,18
Qwen/Qwen2.5-3B,fictional_b3,fictional,3,premise,36,8,0,0.1621,0.2115,0.0493,-0.0493,42,18
Qwen/Qwen2.5-3B,fictional_b3,fictional,3,premise,36,16,0,0.2648,0.0894,-0.1753,-0.0478,42,18
Qwen/Qwen2.5-3B,fictional_b3,fictional,3,premise,36,2,1,0.101,0.13,0.029,0.0184,42,18
Qwen/Qwen2.5-3B,fictional_b3,fictional,3,premise,36,3,1,0.0669,0.142,0.0751,-0.0338,42,18
Qwen/Qwen2.5-3B,fictional_b3,fictional,3,premise,36,5,1,0.1089,0.2058,0.0969,-0.0202,42,18
Qwen/Qwen2.5-3B,fictional_b3,fictional,3,premise,36,8,1,0.1615,0.2317,0.0703,0.001,42,18
Qwen/Qwen2.5-3B,fictional_b3,fictional,3,premise,36,16,1,0.2055,0.2418,0.0363,0.0213,42,18
Qwen/Qwen2.5-3B,fictional_b3,fictional,3,premise,36,2,2,0.0427,0.1118,0.0691,0.052,42,18
Qwen/Qwen2.5-3B,fictional_b3,fictional,3,premise,36,3,2,0.0576,0.1687,0.1111,-0.0471,42,18
Qwen/Qwen2.5-3B,fictional_b3,fictional,3,premise,36,5,2,0.1191,0.2189,0.0998,-0.0001,42,18
Qwen/Qwen2.5-3B,fictional_b3,fictional,3,premise,36,8,2,0.1311,0.2257,0.0946,-0.0409,42,18
Qwen/Qwen2.5-3B,fictional_b3,fictional,3,premise,36,16,2,0.2678,0.1443,-0.1235,0.02,42,18
Qwen/Qwen2.5-3B,fictional_b3,fictional,3,premise,36,2,3,0.0919,0.0814,-0.0105,-0.0197,42,18
Qwen/Qwen2.5-3B,fictional_b3,fictional,3,premise,36,3,3,0.096,0.136,0.0399,-0.049,42,18
Qwen/Qwen2.5-3B,fictional_b3,fictional,3,premise,36,5,3,0.1086,0.2052,0.0966,-0.0206,42,18
Qwen/Qwen2.5-3B,fictional_b3,fictional,3,premise,36,8,3,0.1324,0.1351,0.0027,-0.0588,42,18
Qwen/Qwen2.5-3B,fictional_b3,fictional,3,premise,36,16,3,0.2329,0.266,0.0331,-0.0293,42,18
Qwen/Qwen2.5-3B,fictional_b3,fictional,3,premise,36,2,4,0.047,0.0686,0.0216,-0.0031,42,18
Qwen/Qwen2.5-3B,fictional_b3,fictional,3,premise,36,3,4,0.0692,0.1418,0.0726,-0.0259,42,18
Qwen/Qwen2.5-3B,fictional_b3,fictional,3,premise,36,5,4,0.1308,0.1523,0.0214,0.0089,42,18
Qwen/Qwen2.5-3B,fictional_b3,fictional,3,premise,36,8,4,0.1619,0.1842,0.0223,-0.0216,42,18
Qwen/Qwen2.5-3B,fictional_b3,fictional,3,premise,36,16,4,0.2346,0.0537,-0.1809,-0.0467,42,18
Qwen/Qwen2.5-3B,fictional_b3,fictional,3,premise,36,2,5,0.0248,0.1175,0.0927,0.0024,42,18
Qwen/Qwen2.5-3B,fictional_b3,fictional,3,premise,36,3,5,0.0574,0.2115,0.1542,0.024,42,18
Qwen/Qwen2.5-3B,fictional_b3,fictional,3,premise,36,5,5,0.1546,0.195,0.0403,-0.0184,42,18
Qwen/Qwen2.5-3B,fictional_b3,fictional,3,premise,36,8,5,0.1696,0.1222,-0.0474,-0.0393,42,18
Qwen/Qwen2.5-3B,fictional_b3,fictional,3,premise,36,16,5,0.249,0.1675,-0.0815,-0.0142,42,18
Qwen/Qwen2.5-3B,fictional_b3,fictional,3,last,0,2,0,-0.0315,-0.0315,0.0,-0.0077,42,18
Qwen/Qwen2.5-3B,fictional_b3,fictional,3,last,0,3,0,-0.0315,-0.0315,0.0,-0.0077,42,18
Qwen/Qwen2.5-3B,fictional_b3,fictional,3,last,0,5,0,-0.0315,-0.0161,0.0154,-0.0189,42,18
Qwen/Qwen2.5-3B,fictional_b3,fictional,3,last,0,8,0,-0.0315,-0.0315,0.0,-0.0189,42,18
Qwen/Qwen2.5-3B,fictional_b3,fictional,3,last,0,16,0,-0.0315,-0.0315,0.0,-0.0077,42,18
Qwen/Qwen2.5-3B,fictional_b3,fictional,3,last,0,2,1,-0.0541,-0.0424,0.0116,0.0019,42,18
Qwen/Qwen2.5-3B,fictional_b3,fictional,3,last,0,3,1,-0.0541,-0.0541,0.0,0.0127,42,18
Qwen/Qwen2.5-3B,fictional_b3,fictional,3,last,0,5,1,-0.0541,-0.0424,0.0116,0.0019,42,18
Qwen/Qwen2.5-3B,fictional_b3,fictional,3,last,0,8,1,-0.0541,-0.0541,0.0,0.0127,42,18
Qwen/Qwen2.5-3B,fictional_b3,fictional,3,last,0,16,1,-0.0541,-0.0541,0.0,0.0127,42,18
Qwen/Qwen2.5-3B,fictional_b3,fictional,3,last,0,2,2,-0.0738,-0.0479,0.0259,-0.0285,42,18
Qwen/Qwen2.5-3B,fictional_b3,fictional,3,last,0,3,2,-0.0738,-0.0738,0.0,-0.0219,42,18
Qwen/Qwen2.5-3B,fictional_b3,fictional,3,last,0,5,2,-0.0738,-0.0738,0.0,-0.0219,42,18
Qwen/Qwen2.5-3B,fictional_b3,fictional,3,last,0,8,2,-0.0738,-0.0738,0.0,-0.0219,42,18
Qwen/Qwen2.5-3B,fictional_b3,fictional,3,last,0,16,2,-0.0738,-0.0738,0.0,-0.0219,42,18
Qwen/Qwen2.5-3B,fictional_b3,fictional,3,last,0,2,3,-0.0287,-0.0287,0.0,-0.0245,42,18
Qwen/Qwen2.5-3B,fictional_b3,fictional,3,last,0,3,3,-0.0287,-0.0287,0.0,-0.0245,42,18
Qwen/Qwen2.5-3B,fictional_b3,fictional,3,last,0,5,3,-0.0287,-0.0287,0.0,-0.0245,42,18
Qwen/Qwen2.5-3B,fictional_b3,fictional,3,last,0,8,3,-0.0287,-0.0164,0.0123,-0.0396,42,18
Qwen/Qwen2.5-3B,fictional_b3,fictional,3,last,0,16,3,-0.0287,-0.0287,0.0,-0.0396,42,18
Qwen/Qwen2.5-3B,fictional_b3,fictional,3,last,0,2,4,-0.0585,-0.0585,0.0,0.0272,42,18
Qwen/Qwen2.5-3B,fictional_b3,fictional,3,last,0,3,4,-0.0585,-0.0566,0.0019,0.0156,42,18
Qwen/Qwen2.5-3B,fictional_b3,fictional,3,last,0,5,4,-0.0585,-0.0585,0.0,0.0272,42,18
Qwen/Qwen2.5-3B,fictional_b3,fictional,3,last,0,8,4,-0.0585,-0.0392,0.0194,0.0156,42,18
Qwen/Qwen2.5-3B,fictional_b3,fictional,3,last,0,16,4,-0.0585,-0.0369,0.0216,0.0156,42,18
Qwen/Qwen2.5-3B,fictional_b3,fictional,3,last,0,2,5,-0.082,-0.082,0.0,0.01,42,18
Qwen/Qwen2.5-3B,fictional_b3,fictional,3,last,0,3,5,-0.082,-0.0707,0.0114,-0.0021,42,18
Qwen/Qwen2.5-3B,fictional_b3,fictional,3,last,0,5,5,-0.082,-0.082,0.0,0.01,42,18
Qwen/Qwen2.5-3B,fictional_b3,fictional,3,last,0,8,5,-0.082,-0.0658,0.0162,0.0059,42,18
Qwen/Qwen2.5-3B,fictional_b3,fictional,3,last,0,16,5,-0.082,-0.082,0.0,0.01,42,18
Qwen/Qwen2.5-3B,fictional_b3,fictional,3,last,4,2,0,0.0176,0.0538,0.0362,-0.0419,42,18
Qwen/Qwen2.5-3B,fictional_b3,fictional,3,last,4,3,0,0.0234,0.1073,0.0839,-0.0429,42,18
Qwen/Qwen2.5-3B,fictional_b3,fictional,3,last,4,5,0,0.0844,0.1137,0.0292,-0.0052,42,18
Qwen/Qwen2.5-3B,fictional_b3,fictional,3,last,4,8,0,0.1075,0.0865,-0.021,-0.0601,42,18
Qwen/Qwen2.5-3B,fictional_b3,fictional,3,last,4,16,0,0.1212,0.0672,-0.054,-0.0501,42,18
Qwen/Qwen2.5-3B,fictional_b3,fictional,3,last,4,2,1,0.0593,0.032,-0.0274,0.0319,42,18
Qwen/Qwen2.5-3B,fictional_b3,fictional,3,last,4,3,1,0.0337,0.1125,0.0788,0.0122,42,18
Qwen/Qwen2.5-3B,fictional_b3,fictional,3,last,4,5,1,0.0081,0.0972,0.0891,0.0076,42,18
Qwen/Qwen2.5-3B,fictional_b3,fictional,3,last,4,8,1,0.1175,0.114,-0.0035,-0.0343,42,18
Qwen/Qwen2.5-3B,fictional_b3,fictional,3,last,4,16,1,0.1405,0.0537,-0.0868,0.0096,42,18
Qwen/Qwen2.5-3B,fictional_b3,fictional,3,last,4,2,2,0.0157,0.0204,0.0047,-0.0468,42,18
Qwen/Qwen2.5-3B,fictional_b3,fictional,3,last,4,3,2,-0.0067,0.0899,0.0966,-0.0005,42,18
Qwen/Qwen2.5-3B,fictional_b3,fictional,3,last,4,5,2,0.1057,0.1318,0.026,-0.0355,42,18
Qwen/Qwen2.5-3B,fictional_b3,fictional,3,last,4,8,2,0.1023,0.1578,0.0555,-0.0242,42,18
Qwen/Qwen2.5-3B,fictional_b3,fictional,3,last,4,16,2,0.1626,0.0779,-0.0847,-0.0119,42,18
Qwen/Qwen2.5-3B,fictional_b3,fictional,3,last,4,2,3,-0.0326,0.0421,0.0747,-0.0108,42,18
Qwen/Qwen2.5-3B,fictional_b3,fictional,3,last,4,3,3,0.0005,0.1291,0.1286,0.0205,42,18
Qwen/Qwen2.5-3B,fictional_b3,fictional,3,last,4,5,3,0.0474,0.1573,0.1099,0.0225,42,18
Qwen/Qwen2.5-3B,fictional_b3,fictional,3,last,4,8,3,0.1472,0.1601,0.0129,0.0332,42,18
Qwen/Qwen2.5-3B,fictional_b3,fictional,3,last,4,16,3,0.1523,0.0172,-0.1351,0.0262,42,18
Qwen/Qwen2.5-3B,fictional_b3,fictional,3,last,4,2,4,-0.0086,0.0522,0.0609,0.0217,42,18
Qwen/Qwen2.5-3B,fictional_b3,fictional,3,last,4,3,4,0.04,0.109,0.0691,-0.0111,42,18
Qwen/Qwen2.5-3B,fictional_b3,fictional,3,last,4,5,4,0.0576,0.1313,0.0737,-0.0368,42,18
Qwen/Qwen2.5-3B,fictional_b3,fictional,3,last,4,8,4,0.1471,0.1643,0.0172,0.014,42,18
Qwen/Qwen2.5-3B,fictional_b3,fictional,3,last,4,16,4,0.1787,0.0737,-0.105,0.0191,42,18
Qwen/Qwen2.5-3B,fictional_b3,fictional,3,last,4,2,5,0.0301,0.0342,0.0041,0.0195,42,18
Qwen/Qwen2.5-3B,fictional_b3,fictional,3,last,4,3,5,0.0445,0.0538,0.0093,0.0036,42,18
Qwen/Qwen2.5-3B,fictional_b3,fictional,3,last,4,5,5,0.004,0.1129,0.1089,0.0178,42,18
Qwen/Qwen2.5-3B,fictional_b3,fictional,3,last,4,8,5,0.0482,0.0719,0.0237,-0.0496,42,18
Qwen/Qwen2.5-3B,fictional_b3,fictional,3,last,4,16,5,0.1107,-0.0017,-0.1124,-0.0238,42,18
Qwen/Qwen2.5-3B,fictional_b3,fictional,3,last,8,2,0,0.026,0.0966,0.0706,0.0135,42,18
Qwen/Qwen2.5-3B,fictional_b3,fictional,3,last,8,3,0,0.0298,0.1855,0.1557,0.0318,42,18
Qwen/Qwen2.5-3B,fictional_b3,fictional,3,last,8,5,0,0.0941,0.2659,0.1718,-0.0265,42,18
Qwen/Qwen2.5-3B,fictional_b3,fictional,3,last,8,8,0,0.1933,0.1764,-0.017,-0.0201,42,18
Qwen/Qwen2.5-3B,fictional_b3,fictional,3,last,8,16,0,0.2213,0.1703,-0.051,0.0497,42,18
Qwen/Qwen2.5-3B,fictional_b3,fictional,3,last,8,2,1,0.031,0.1092,0.0782,-0.0373,42,18
Qwen/Qwen2.5-3B,fictional_b3,fictional,3,last,8,3,1,0.0496,0.2026,0.153,0.0013,42,18
Qwen/Qwen2.5-3B,fictional_b3,fictional,3,last,8,5,1,0.0746,0.236,0.1614,0.0189,42,18
Qwen/Qwen2.5-3B,fictional_b3,fictional,3,last,8,8,1,0.1862,0.2339,0.0478,0.0555,42,18
Qwen/Qwen2.5-3B,fictional_b3,fictional,3,last,8,16,1,0.2181,0.2963,0.0781,-0.0063,42,18
Qwen/Qwen2.5-3B,fictional_b3,fictional,3,last,8,2,2,0.0643,0.0867,0.0224,0.0214,42,18
Qwen/Qwen2.5-3B,fictional_b3,fictional,3,last,8,3,2,0.0814,0.1758,0.0944,-0.0295,42,18
Qwen/Qwen2.5-3B,fictional_b3,fictional,3,last,8,5,2,0.1284,0.223,0.0945,-0.0084,42,18
Qwen/Qwen2.5-3B,fictional_b3,fictional,3,last,8,8,2,0.1722,0.3177,0.1455,-0.003,42,18
Qwen/Qwen2.5-3B,fictional_b3,fictional,3,last,8,16,2,0.2521,0.3396,0.0875,0.0016,42,18
Qwen/Qwen2.5-3B,fictional_b3,fictional,3,last,8,2,3,0.059,0.1256,0.0665,-0.0613,42,18
Qwen/Qwen2.5-3B,fictional_b3,fictional,3,last,8,3,3,-0.002,0.1233,0.1253,-0.0222,42,18
Qwen/Qwen2.5-3B,fictional_b3,fictional,3,last,8,5,3,0.0856,0.2666,0.181,-0.0714,42,18
Qwen/Qwen2.5-3B,fictional_b3,fictional,3,last,8,8,3,0.15,0.3004,0.1504,-0.0353,42,18
Qwen/Qwen2.5-3B,fictional_b3,fictional,3,last,8,16,3,0.2273,0.3531,0.1257,-0.0631,42,18
Qwen/Qwen2.5-3B,fictional_b3,fictional,3,last,8,2,4,0.0922,0.1148,0.0226,0.0161,42,18
Qwen/Qwen2.5-3B,fictional_b3,fictional,3,last,8,3,4,0.0825,0.2024,0.1198,0.0,42,18
Qwen/Qwen2.5-3B,fictional_b3,fictional,3,last,8,5,4,0.1014,0.2399,0.1385,-0.0417,42,18
Qwen/Qwen2.5-3B,fictional_b3,fictional,3,last,8,8,4,0.182,0.3184,0.1364,-0.0413,42,18
Qwen/Qwen2.5-3B,fictional_b3,fictional,3,last,8,16,4,0.262,0.2739,0.0119,-0.0415,42,18
Qwen/Qwen2.5-3B,fictional_b3,fictional,3,last,8,2,5,0.0332,0.0609,0.0277,0.051,42,18
Qwen/Qwen2.5-3B,fictional_b3,fictional,3,last,8,3,5,0.0768,0.0878,0.0111,0.0221,42,18
Qwen/Qwen2.5-3B,fictional_b3,fictional,3,last,8,5,5,0.0705,0.2003,0.1297,0.0351,42,18
Qwen/Qwen2.5-3B,fictional_b3,fictional,3,last,8,8,5,0.1836,0.22,0.0364,0.066,42,18
Qwen/Qwen2.5-3B,fictional_b3,fictional,3,last,8,16,5,0.2159,0.3366,0.1207,0.0511,42,18
Qwen/Qwen2.5-3B,fictional_b3,fictional,3,last,12,2,0,-0.0076,0.104,0.1116,0.0173,42,18
Qwen/Qwen2.5-3B,fictional_b3,fictional,3,last,12,3,0,0.0645,0.1588,0.0943,-0.0243,42,18
Qwen/Qwen2.5-3B,fictional_b3,fictional,3,last,12,5,0,0.1203,0.2622,0.1419,-0.0552,42,18
Qwen/Qwen2.5-3B,fictional_b3,fictional,3,last,12,8,0,0.1651,0.239,0.0739,-0.0423,42,18
Qwen/Qwen2.5-3B,fictional_b3,fictional,3,last,12,16,0,0.2835,0.3472,0.0637,-0.023,42,18
Qwen/Qwen2.5-3B,fictional_b3,fictional,3,last,12,2,1,0.0769,0.1332,0.0563,0.0217,42,18
Qwen/Qwen2.5-3B,fictional_b3,fictional,3,last,12,3,1,0.0768,0.2091,0.1323,-0.0144,42,18
Qwen/Qwen2.5-3B,fictional_b3,fictional,3,last,12,5,1,0.1189,0.2325,0.1136,0.0003,42,18
Qwen/Qwen2.5-3B,fictional_b3,fictional,3,last,12,8,1,0.1737,0.2216,0.048,-0.0339,42,18
Qwen/Qwen2.5-3B,fictional_b3,fictional,3,last,12,16,1,0.2188,0.3064,0.0876,0.0047,42,18
Qwen/Qwen2.5-3B,fictional_b3,fictional,3,last,12,2,2,0.0514,0.1488,0.0973,-0.0016,42,18
Qwen/Qwen2.5-3B,fictional_b3,fictional,3,last,12,3,2,0.0132,0.1556,0.1425,-0.0398,42,18
Qwen/Qwen2.5-3B,fictional_b3,fictional,3,last,12,5,2,0.1203,0.2087,0.0884,-0.0441,42,18
Qwen/Qwen2.5-3B,fictional_b3,fictional,3,last,12,8,2,0.2188,0.3286,0.1098,0.0054,42,18
Qwen/Qwen2.5-3B,fictional_b3,fictional,3,last,12,16,2,0.2577,0.2477,-0.01,-0.038,42,18
Qwen/Qwen2.5-3B,fictional_b3,fictional,3,last,12,2,3,0.0294,0.1232,0.0938,-0.0427,42,18
Qwen/Qwen2.5-3B,fictional_b3,fictional,3,last,12,3,3,0.0472,0.1876,0.1404,-0.0288,42,18
Qwen/Qwen2.5-3B,fictional_b3,fictional,3,last,12,5,3,0.0953,0.2508,0.1555,-0.0574,42,18
Qwen/Qwen2.5-3B,fictional_b3,fictional,3,last,12,8,3,0.17,0.2839,0.1139,-0.0774,42,18
Qwen/Qwen2.5-3B,fictional_b3,fictional,3,last,12,16,3,0.2243,0.2784,0.0542,-0.0475,42,18
Qwen/Qwen2.5-3B,fictional_b3,fictional,3,last,12,2,4,0.0512,0.1058,0.0546,-0.0191,42,18
Qwen/Qwen2.5-3B,fictional_b3,fictional,3,last,12,3,4,0.099,0.1913,0.0923,-0.0103,42,18
Qwen/Qwen2.5-3B,fictional_b3,fictional,3,last,12,5,4,0.1227,0.2131,0.0904,-0.0478,42,18
Qwen/Qwen2.5-3B,fictional_b3,fictional,3,last,12,8,4,0.1664,0.2868,0.1203,-0.0184,42,18
Qwen/Qwen2.5-3B,fictional_b3,fictional,3,last,12,16,4,0.2795,0.2862,0.0068,0.0103,42,18
Qwen/Qwen2.5-3B,fictional_b3,fictional,3,last,12,2,5,0.0233,0.0905,0.0673,0.0006,42,18
Qwen/Qwen2.5-3B,fictional_b3,fictional,3,last,12,3,5,0.0696,0.1596,0.09,0.003,42,18
Qwen/Qwen2.5-3B,fictional_b3,fictional,3,last,12,5,5,0.138,0.2122,0.0742,0.0042,42,18
Qwen/Qwen2.5-3B,fictional_b3,fictional,3,last,12,8,5,0.1756,0.2978,0.1221,0.0003,42,18
Qwen/Qwen2.5-3B,fictional_b3,fictional,3,last,12,16,5,0.2437,0.3739,0.1302,-0.0152,42,18
Qwen/Qwen2.5-3B,fictional_b3,fictional,3,last,16,2,0,0.0678,0.0852,0.0174,0.029,42,18
Qwen/Qwen2.5-3B,fictional_b3,fictional,3,last,16,3,0,0.0913,0.1546,0.0633,0.0116,42,18
Qwen/Qwen2.5-3B,fictional_b3,fictional,3,last,16,5,0,0.0844,0.2205,0.1361,-0.0059,42,18
Qwen/Qwen2.5-3B,fictional_b3,fictional,3,last,16,8,0,0.1418,0.2754,0.1336,-0.0334,42,18
Qwen/Qwen2.5-3B,fictional_b3,fictional,3,last,16,16,0,0.2476,0.372,0.1245,-0.0346,42,18
Qwen/Qwen2.5-3B,fictional_b3,fictional,3,last,16,2,1,0.0048,0.1052,0.1004,-0.0251,42,18
Qwen/Qwen2.5-3B,fictional_b3,fictional,3,last,16,3,1,0.0341,0.1747,0.1405,-0.0106,42,18
Qwen/Qwen2.5-3B,fictional_b3,fictional,3,last,16,5,1,0.0594,0.2112,0.1519,0.0382,42,18
Qwen/Qwen2.5-3B,fictional_b3,fictional,3,last,16,8,1,0.1378,0.231,0.0932,0.004,42,18
Qwen/Qwen2.5-3B,fictional_b3,fictional,3,last,16,16,1,0.2229,0.3345,0.1116,0.0056,42,18
Qwen/Qwen2.5-3B,fictional_b3,fictional,3,last,16,2,2,0.0445,0.122,0.0775,-0.0224,42,18
Qwen/Qwen2.5-3B,fictional_b3,fictional,3,last,16,3,2,0.0593,0.215,0.1557,-0.029,42,18
Qwen/Qwen2.5-3B,fictional_b3,fictional,3,last,16,5,2,0.136,0.2352,0.0993,-0.043,42,18
Qwen/Qwen2.5-3B,fictional_b3,fictional,3,last,16,8,2,0.1742,0.3259,0.1517,-0.0474,42,18
Qwen/Qwen2.5-3B,fictional_b3,fictional,3,last,16,16,2,0.2556,0.3019,0.0463,-0.032,42,18
Qwen/Qwen2.5-3B,fictional_b3,fictional,3,last,16,2,3,0.0404,0.1042,0.0639,-0.0677,42,18
Qwen/Qwen2.5-3B,fictional_b3,fictional,3,last,16,3,3,0.088,0.2157,0.1277,-0.0762,42,18
Qwen/Qwen2.5-3B,fictional_b3,fictional,3,last,16,5,3,0.1006,0.2734,0.1728,0.0034,42,18
Qwen/Qwen2.5-3B,fictional_b3,fictional,3,last,16,8,3,0.1454,0.3276,0.1822,-0.0366,42,18
Qwen/Qwen2.5-3B,fictional_b3,fictional,3,last,16,16,3,0.2662,0.3091,0.0429,-0.0252,42,18
Qwen/Qwen2.5-3B,fictional_b3,fictional,3,last,16,2,4,0.0059,0.069,0.0631,-0.021,42,18
Qwen/Qwen2.5-3B,fictional_b3,fictional,3,last,16,3,4,0.062,0.2162,0.1542,0.0062,42,18
Qwen/Qwen2.5-3B,fictional_b3,fictional,3,last,16,5,4,0.1054,0.2773,0.1719,0.0054,42,18
Qwen/Qwen2.5-3B,fictional_b3,fictional,3,last,16,8,4,0.123,0.2722,0.1492,0.0138,42,18
Qwen/Qwen2.5-3B,fictional_b3,fictional,3,last,16,16,4,0.2361,0.3216,0.0854,0.0158,42,18
Qwen/Qwen2.5-3B,fictional_b3,fictional,3,last,16,2,5,0.0335,0.0784,0.0449,0.0094,42,18
Qwen/Qwen2.5-3B,fictional_b3,fictional,3,last,16,3,5,0.0559,0.1649,0.109,0.0083,42,18
Qwen/Qwen2.5-3B,fictional_b3,fictional,3,last,16,5,5,0.1121,0.24,0.1279,-0.0012,42,18
Qwen/Qwen2.5-3B,fictional_b3,fictional,3,last,16,8,5,0.1236,0.2911,0.1676,0.0264,42,18
Qwen/Qwen2.5-3B,fictional_b3,fictional,3,last,16,16,5,0.2482,0.2975,0.0493,0.0211,42,18
Qwen/Qwen2.5-3B,fictional_b3,fictional,3,last,20,2,0,0.0382,0.0757,0.0375,-0.0042,42,18
Qwen/Qwen2.5-3B,fictional_b3,fictional,3,last,20,3,0,0.0458,0.149,0.1032,-0.039,42,18
Qwen/Qwen2.5-3B,fictional_b3,fictional,3,last,20,5,0,0.0744,0.2076,0.1332,-0.0469,42,18
Qwen/Qwen2.5-3B,fictional_b3,fictional,3,last,20,8,0,0.1258,0.2744,0.1487,-0.0132,42,18
Qwen/Qwen2.5-3B,fictional_b3,fictional,3,last,20,16,0,0.2533,0.3365,0.0832,-0.046,42,18
Qwen/Qwen2.5-3B,fictional_b3,fictional,3,last,20,2,1,0.0257,0.1029,0.0772,-0.0078,42,18
Qwen/Qwen2.5-3B,fictional_b3,fictional,3,last,20,3,1,0.02,0.169,0.149,-0.0057,42,18
Qwen/Qwen2.5-3B,fictional_b3,fictional,3,last,20,5,1,0.1038,0.2461,0.1424,-0.0028,42,18
Qwen/Qwen2.5-3B,fictional_b3,fictional,3,last,20,8,1,0.1206,0.3015,0.1809,-0.0127,42,18
Qwen/Qwen2.5-3B,fictional_b3,fictional,3,last,20,16,1,0.2292,0.3284,0.0992,0.0009,42,18
Qwen/Qwen2.5-3B,fictional_b3,fictional,3,last,20,2,2,0.0248,0.1319,0.1071,-0.016,42,18
Qwen/Qwen2.5-3B,fictional_b3,fictional,3,last,20,3,2,0.0629,0.1128,0.0499,-0.005,42,18
Qwen/Qwen2.5-3B,fictional_b3,fictional,3,last,20,5,2,0.0737,0.2062,0.1325,-0.0127,42,18
Qwen/Qwen2.5-3B,fictional_b3,fictional,3,last,20,8,2,0.144,0.3173,0.1732,-0.0435,42,18
Qwen/Qwen2.5-3B,fictional_b3,fictional,3,last,20,16,2,0.2388,0.3846,0.1457,-0.0141,42,18
Qwen/Qwen2.5-3B,fictional_b3,fictional,3,last,20,2,3,0.0148,0.0697,0.055,-0.027,42,18
Qwen/Qwen2.5-3B,fictional_b3,fictional,3,last,20,3,3,0.0274,0.1429,0.1155,-0.0072,42,18
Qwen/Qwen2.5-3B,fictional_b3,fictional,3,last,20,5,3,0.079,0.2414,0.1624,-0.0063,42,18
Qwen/Qwen2.5-3B,fictional_b3,fictional,3,last,20,8,3,0.1621,0.2954,0.1333,0.0177,42,18
Qwen/Qwen2.5-3B,fictional_b3,fictional,3,last,20,16,3,0.2571,0.327,0.0699,-0.0183,42,18
Qwen/Qwen2.5-3B,fictional_b3,fictional,3,last,20,2,4,0.022,0.0846,0.0626,-0.0106,42,18
Qwen/Qwen2.5-3B,fictional_b3,fictional,3,last,20,3,4,0.0652,0.1801,0.1148,0.0007,42,18
Qwen/Qwen2.5-3B,fictional_b3,fictional,3,last,20,5,4,0.0161,0.2295,0.2134,-0.0365,42,18
Qwen/Qwen2.5-3B,fictional_b3,fictional,3,last,20,8,4,0.1261,0.2728,0.1467,-0.0301,42,18
Qwen/Qwen2.5-3B,fictional_b3,fictional,3,last,20,16,4,0.2084,0.2753,0.0669,-0.0198,42,18
Qwen/Qwen2.5-3B,fictional_b3,fictional,3,last,20,2,5,0.0491,0.0492,0.0001,0.0057,42,18
Qwen/Qwen2.5-3B,fictional_b3,fictional,3,last,20,3,5,0.0335,0.1866,0.1531,0.0383,42,18
Qwen/Qwen2.5-3B,fictional_b3,fictional,3,last,20,5,5,0.0754,0.2289,0.1535,0.0172,42,18
Qwen/Qwen2.5-3B,fictional_b3,fictional,3,last,20,8,5,0.1433,0.3126,0.1692,0.0072,42,18
Qwen/Qwen2.5-3B,fictional_b3,fictional,3,last,20,16,5,0.2137,0.3247,0.111,-0.0204,42,18
Qwen/Qwen2.5-3B,fictional_b3,fictional,3,last,24,2,0,0.0428,0.1048,0.062,-0.0218,42,18
Qwen/Qwen2.5-3B,fictional_b3,fictional,3,last,24,3,0,0.0219,0.1102,0.0883,-0.0343,42,18
Qwen/Qwen2.5-3B,fictional_b3,fictional,3,last,24,5,0,0.0557,0.2169,0.1612,-0.0525,42,18
Qwen/Qwen2.5-3B,fictional_b3,fictional,3,last,24,8,0,0.1026,0.2764,0.1738,-0.0309,42,18
Qwen/Qwen2.5-3B,fictional_b3,fictional,3,last,24,16,0,0.2443,0.2563,0.012,-0.0309,42,18
Qwen/Qwen2.5-3B,fictional_b3,fictional,3,last,24,2,1,0.0605,0.1225,0.062,-0.0109,42,18
Qwen/Qwen2.5-3B,fictional_b3,fictional,3,last,24,3,1,0.0858,0.2016,0.1158,-0.0181,42,18
Qwen/Qwen2.5-3B,fictional_b3,fictional,3,last,24,5,1,0.1377,0.2225,0.0848,-0.0232,42,18
Qwen/Qwen2.5-3B,fictional_b3,fictional,3,last,24,8,1,0.1213,0.3039,0.1826,-0.0129,42,18
Qwen/Qwen2.5-3B,fictional_b3,fictional,3,last,24,16,1,0.237,0.3252,0.0882,0.0009,42,18
Qwen/Qwen2.5-3B,fictional_b3,fictional,3,last,24,2,2,0.0374,0.0566,0.0192,-0.0603,42,18
Qwen/Qwen2.5-3B,fictional_b3,fictional,3,last,24,3,2,0.0168,0.1273,0.1105,-0.0366,42,18
Qwen/Qwen2.5-3B,fictional_b3,fictional,3,last,24,5,2,0.0227,0.2203,0.1976,-0.0163,42,18
Qwen/Qwen2.5-3B,fictional_b3,fictional,3,last,24,8,2,0.1141,0.2281,0.114,0.0107,42,18
Qwen/Qwen2.5-3B,fictional_b3,fictional,3,last,24,16,2,0.205,0.2553,0.0502,0.0391,42,18
Qwen/Qwen2.5-3B,fictional_b3,fictional,3,last,24,2,3,0.0399,0.0325,-0.0074,0.0085,42,18
Qwen/Qwen2.5-3B,fictional_b3,fictional,3,last,24,3,3,0.091,0.1809,0.0898,-0.0249,42,18
Qwen/Qwen2.5-3B,fictional_b3,fictional,3,last,24,5,3,0.0888,0.1812,0.0924,-0.0161,42,18
Qwen/Qwen2.5-3B,fictional_b3,fictional,3,last,24,8,3,0.1231,0.239,0.116,0.0515,42,18
Qwen/Qwen2.5-3B,fictional_b3,fictional,3,last,24,16,3,0.2167,0.2544,0.0377,-0.0436,42,18
Qwen/Qwen2.5-3B,fictional_b3,fictional,3,last,24,2,4,0.0347,0.0681,0.0334,-0.0235,42,18
Qwen/Qwen2.5-3B,fictional_b3,fictional,3,last,24,3,4,0.0102,0.108,0.0978,-0.0295,42,18
Qwen/Qwen2.5-3B,fictional_b3,fictional,3,last,24,5,4,0.1189,0.2754,0.1565,-0.0035,42,18
Qwen/Qwen2.5-3B,fictional_b3,fictional,3,last,24,8,4,0.1392,0.3089,0.1698,0.0175,42,18
Qwen/Qwen2.5-3B,fictional_b3,fictional,3,last,24,16,4,0.225,0.3484,0.1234,0.0328,42,18
Qwen/Qwen2.5-3B,fictional_b3,fictional,3,last,24,2,5,0.0767,0.124,0.0473,-0.0312,42,18
Qwen/Qwen2.5-3B,fictional_b3,fictional,3,last,24,3,5,0.0496,0.1538,0.1042,0.0222,42,18
Qwen/Qwen2.5-3B,fictional_b3,fictional,3,last,24,5,5,0.1193,0.2652,0.1459,-0.0023,42,18
Qwen/Qwen2.5-3B,fictional_b3,fictional,3,last,24,8,5,0.1657,0.3085,0.1428,0.0104,42,18
Qwen/Qwen2.5-3B,fictional_b3,fictional,3,last,24,16,5,0.191,0.3017,0.1106,0.011,42,18
Qwen/Qwen2.5-3B,fictional_b3,fictional,3,last,28,2,0,0.0307,0.0572,0.0266,-0.0258,42,18
Qwen/Qwen2.5-3B,fictional_b3,fictional,3,last,28,3,0,0.067,0.1226,0.0556,-0.0425,42,18
Qwen/Qwen2.5-3B,fictional_b3,fictional,3,last,28,5,0,0.1009,0.211,0.1101,-0.0843,42,18
Qwen/Qwen2.5-3B,fictional_b3,fictional,3,last,28,8,0,0.1292,0.1533,0.0241,-0.0195,42,18
Qwen/Qwen2.5-3B,fictional_b3,fictional,3,last,28,16,0,0.2373,0.3014,0.0641,-0.036,42,18
Qwen/Qwen2.5-3B,fictional_b3,fictional,3,last,28,2,1,-0.0044,0.0953,0.0997,0.029,42,18
Qwen/Qwen2.5-3B,fictional_b3,fictional,3,last,28,3,1,0.0518,0.1374,0.0857,0.0029,42,18
Qwen/Qwen2.5-3B,fictional_b3,fictional,3,last,28,5,1,0.0537,0.1845,0.1308,-0.0589,42,18
Qwen/Qwen2.5-3B,fictional_b3,fictional,3,last,28,8,1,0.1362,0.1918,0.0556,-0.036,42,18
Qwen/Qwen2.5-3B,fictional_b3,fictional,3,last,28,16,1,0.2214,0.2786,0.0572,-0.0203,42,18
Qwen/Qwen2.5-3B,fictional_b3,fictional,3,last,28,2,2,0.049,0.0751,0.0261,0.0144,42,18
Qwen/Qwen2.5-3B,fictional_b3,fictional,3,last,28,3,2,0.0379,0.1162,0.0783,-0.0016,42,18
Qwen/Qwen2.5-3B,fictional_b3,fictional,3,last,28,5,2,0.0782,0.2161,0.138,-0.0186,42,18
Qwen/Qwen2.5-3B,fictional_b3,fictional,3,last,28,8,2,0.129,0.2236,0.0945,0.0051,42,18
Qwen/Qwen2.5-3B,fictional_b3,fictional,3,last,28,16,2,0.2382,0.3249,0.0867,0.0054,42,18
Qwen/Qwen2.5-3B,fictional_b3,fictional,3,last,28,2,3,-0.0061,0.0469,0.053,-0.0002,42,18
Qwen/Qwen2.5-3B,fictional_b3,fictional,3,last,28,3,3,0.0476,0.1352,0.0876,0.0273,42,18
Qwen/Qwen2.5-3B,fictional_b3,fictional,3,last,28,5,3,0.0634,0.203,0.1396,-0.0016,42,18
Qwen/Qwen2.5-3B,fictional_b3,fictional,3,last,28,8,3,0.1063,0.2255,0.1192,-0.0255,42,18
Qwen/Qwen2.5-3B,fictional_b3,fictional,3,last,28,16,3,0.2187,0.1842,-0.0344,0.0092,42,18
Qwen/Qwen2.5-3B,fictional_b3,fictional,3,last,28,2,4,0.0395,0.0731,0.0337,0.0035,42,18
Qwen/Qwen2.5-3B,fictional_b3,fictional,3,last,28,3,4,0.0827,0.1732,0.0905,-0.0497,42,18
Qwen/Qwen2.5-3B,fictional_b3,fictional,3,last,28,5,4,0.0932,0.1753,0.0821,-0.0138,42,18
Qwen/Qwen2.5-3B,fictional_b3,fictional,3,last,28,8,4,0.1453,0.2351,0.0897,-0.0294,42,18
Qwen/Qwen2.5-3B,fictional_b3,fictional,3,last,28,16,4,0.1687,0.2775,0.1088,0.016,42,18
Qwen/Qwen2.5-3B,fictional_b3,fictional,3,last,28,2,5,-0.0114,-0.0123,-0.0008,-0.0169,42,18
Qwen/Qwen2.5-3B,fictional_b3,fictional,3,last,28,3,5,0.0351,0.1758,0.1406,-0.0461,42,18
Qwen/Qwen2.5-3B,fictional_b3,fictional,3,last,28,5,5,0.0801,0.2588,0.1787,-0.0371,42,18
Qwen/Qwen2.5-3B,fictional_b3,fictional,3,last,28,8,5,0.1487,0.2973,0.1486,-0.0468,42,18
Qwen/Qwen2.5-3B,fictional_b3,fictional,3,last,28,16,5,0.1998,0.1397,-0.0601,-0.0245,42,18
Qwen/Qwen2.5-3B,fictional_b3,fictional,3,last,32,2,0,0.0192,0.0494,0.0302,0.0177,42,18
Qwen/Qwen2.5-3B,fictional_b3,fictional,3,last,32,3,0,0.0682,0.1582,0.09,-0.0077,42,18
Qwen/Qwen2.5-3B,fictional_b3,fictional,3,last,32,5,0,0.0735,0.162,0.0885,-0.018,42,18
Qwen/Qwen2.5-3B,fictional_b3,fictional,3,last,32,8,0,0.0855,0.2165,0.131,-0.0466,42,18
Qwen/Qwen2.5-3B,fictional_b3,fictional,3,last,32,16,0,0.2031,0.1247,-0.0784,-0.0205,42,18
Qwen/Qwen2.5-3B,fictional_b3,fictional,3,last,32,2,1,0.0375,0.1143,0.0768,0.0139,42,18
Qwen/Qwen2.5-3B,fictional_b3,fictional,3,last,32,3,1,0.0627,0.1423,0.0795,-0.0343,42,18
Qwen/Qwen2.5-3B,fictional_b3,fictional,3,last,32,5,1,0.0209,0.2146,0.1937,-0.0739,42,18
Qwen/Qwen2.5-3B,fictional_b3,fictional,3,last,32,8,1,0.1381,0.1715,0.0334,-0.0204,42,18
Qwen/Qwen2.5-3B,fictional_b3,fictional,3,last,32,16,1,0.2063,0.2835,0.0772,0.0139,42,18
Qwen/Qwen2.5-3B,fictional_b3,fictional,3,last,32,2,2,0.0567,0.0666,0.0099,0.0199,42,18
Qwen/Qwen2.5-3B,fictional_b3,fictional,3,last,32,3,2,0.0384,0.1452,0.1068,0.0295,42,18
Qwen/Qwen2.5-3B,fictional_b3,fictional,3,last,32,5,2,0.0143,0.1884,0.1742,0.0299,42,18
Qwen/Qwen2.5-3B,fictional_b3,fictional,3,last,32,8,2,0.1149,0.1972,0.0823,0.0019,42,18
Qwen/Qwen2.5-3B,fictional_b3,fictional,3,last,32,16,2,0.1797,0.1301,-0.0496,0.001,42,18
Qwen/Qwen2.5-3B,fictional_b3,fictional,3,last,32,2,3,0.0168,0.0777,0.0609,-0.0302,42,18
Qwen/Qwen2.5-3B,fictional_b3,fictional,3,last,32,3,3,0.005,0.0823,0.0773,-0.0021,42,18
Qwen/Qwen2.5-3B,fictional_b3,fictional,3,last,32,5,3,0.0251,0.1599,0.1348,0.0008,42,18
Qwen/Qwen2.5-3B,fictional_b3,fictional,3,last,32,8,3,0.1065,0.2275,0.121,0.0003,42,18
Qwen/Qwen2.5-3B,fictional_b3,fictional,3,last,32,16,3,0.185,0.2411,0.0561,0.015,42,18
Qwen/Qwen2.5-3B,fictional_b3,fictional,3,last,32,2,4,0.0206,0.1279,0.1072,-0.0024,42,18
Qwen/Qwen2.5-3B,fictional_b3,fictional,3,last,32,3,4,0.0464,0.1291,0.0827,-0.0089,42,18
Qwen/Qwen2.5-3B,fictional_b3,fictional,3,last,32,5,4,0.0591,0.1837,0.1246,0.0315,42,18
Qwen/Qwen2.5-3B,fictional_b3,fictional,3,last,32,8,4,0.1236,0.2674,0.1438,0.0089,42,18
Qwen/Qwen2.5-3B,fictional_b3,fictional,3,last,32,16,4,0.2267,0.2704,0.0437,0.0483,42,18
Qwen/Qwen2.5-3B,fictional_b3,fictional,3,last,32,2,5,0.0434,0.0142,-0.0292,-0.0421,42,18
Qwen/Qwen2.5-3B,fictional_b3,fictional,3,last,32,3,5,0.0628,0.1444,0.0816,-0.0004,42,18
Qwen/Qwen2.5-3B,fictional_b3,fictional,3,last,32,5,5,0.0194,0.1247,0.1053,-0.0527,42,18
Qwen/Qwen2.5-3B,fictional_b3,fictional,3,last,32,8,5,0.1285,0.099,-0.0295,0.0176,42,18
Qwen/Qwen2.5-3B,fictional_b3,fictional,3,last,32,16,5,0.1947,0.2392,0.0446,0.0008,42,18
Qwen/Qwen2.5-3B,fictional_b3,fictional,3,last,36,2,0,0.0532,0.0824,0.0292,0.0092,42,18
Qwen/Qwen2.5-3B,fictional_b3,fictional,3,last,36,3,0,0.0444,0.1481,0.1037,0.0179,42,18
Qwen/Qwen2.5-3B,fictional_b3,fictional,3,last,36,5,0,0.1165,0.2231,0.1066,-0.0457,42,18
Qwen/Qwen2.5-3B,fictional_b3,fictional,3,last,36,8,0,0.1563,0.186,0.0297,0.0036,42,18
Qwen/Qwen2.5-3B,fictional_b3,fictional,3,last,36,16,0,0.2669,0.078,-0.1889,-0.0314,42,18
Qwen/Qwen2.5-3B,fictional_b3,fictional,3,last,36,2,1,0.0281,0.0797,0.0517,0.0273,42,18
Qwen/Qwen2.5-3B,fictional_b3,fictional,3,last,36,3,1,0.0859,0.0973,0.0114,0.009,42,18
Qwen/Qwen2.5-3B,fictional_b3,fictional,3,last,36,5,1,0.0977,0.1539,0.0562,-0.0632,42,18
Qwen/Qwen2.5-3B,fictional_b3,fictional,3,last,36,8,1,0.1295,0.1974,0.0679,0.0092,42,18
Qwen/Qwen2.5-3B,fictional_b3,fictional,3,last,36,16,1,0.2171,0.0215,-0.1957,0.0561,42,18
Qwen/Qwen2.5-3B,fictional_b3,fictional,3,last,36,2,2,0.0836,0.068,-0.0156,0.0014,42,18
Qwen/Qwen2.5-3B,fictional_b3,fictional,3,last,36,3,2,0.0062,0.0973,0.0911,0.012,42,18
Qwen/Qwen2.5-3B,fictional_b3,fictional,3,last,36,5,2,0.1098,0.121,0.0112,-0.0111,42,18
Qwen/Qwen2.5-3B,fictional_b3,fictional,3,last,36,8,2,0.1764,0.1862,0.0098,0.0188,42,18
Qwen/Qwen2.5-3B,fictional_b3,fictional,3,last,36,16,2,0.212,0.0693,-0.1427,0.0093,42,18
Qwen/Qwen2.5-3B,fictional_b3,fictional,3,last,36,2,3,0.0419,0.1146,0.0727,-0.0222,42,18
Qwen/Qwen2.5-3B,fictional_b3,fictional,3,last,36,3,3,0.0622,0.1467,0.0845,-0.0166,42,18
Qwen/Qwen2.5-3B,fictional_b3,fictional,3,last,36,5,3,0.123,0.1598,0.0368,0.0012,42,18
Qwen/Qwen2.5-3B,fictional_b3,fictional,3,last,36,8,3,0.1517,0.2056,0.0538,-0.0583,42,18
Qwen/Qwen2.5-3B,fictional_b3,fictional,3,last,36,16,3,0.2381,0.0377,-0.2004,0.0337,42,18
Qwen/Qwen2.5-3B,fictional_b3,fictional,3,last,36,2,4,0.0603,0.0743,0.0139,0.0478,42,18
Qwen/Qwen2.5-3B,fictional_b3,fictional,3,last,36,3,4,0.0953,0.15,0.0547,-0.0181,42,18
Qwen/Qwen2.5-3B,fictional_b3,fictional,3,last,36,5,4,0.1241,0.204,0.0799,-0.011,42,18
Qwen/Qwen2.5-3B,fictional_b3,fictional,3,last,36,8,4,0.1447,0.198,0.0533,0.0059,42,18
Qwen/Qwen2.5-3B,fictional_b3,fictional,3,last,36,16,4,0.2681,0.2111,-0.057,0.03,42,18
Qwen/Qwen2.5-3B,fictional_b3,fictional,3,last,36,2,5,0.0574,0.0931,0.0357,0.0051,42,18
Qwen/Qwen2.5-3B,fictional_b3,fictional,3,last,36,3,5,0.0476,0.1604,0.1128,0.0018,42,18
Qwen/Qwen2.5-3B,fictional_b3,fictional,3,last,36,5,5,0.1036,0.1696,0.066,0.0262,42,18
Qwen/Qwen2.5-3B,fictional_b3,fictional,3,last,36,8,5,0.1456,0.1815,0.036,0.0057,42,18
Qwen/Qwen2.5-3B,fictional_b3,fictional,3,last,36,16,5,0.2577,-0.0125,-0.2702,-0.0613,42,18
Qwen/Qwen2.5-3B,real_b2,real,2,premise,0,2,0,0.4132,0.6325,0.2193,-0.0625,42,18
Qwen/Qwen2.5-3B,real_b2,real,2,premise,0,3,0,0.5611,0.8966,0.3355,-0.0591,42,18
Qwen/Qwen2.5-3B,real_b2,real,2,premise,0,5,0,0.8204,0.9265,0.1061,-0.0676,42,18
Qwen/Qwen2.5-3B,real_b2,real,2,premise,0,8,0,0.9215,0.9272,0.0058,-0.0694,42,18
Qwen/Qwen2.5-3B,real_b2,real,2,premise,0,16,0,0.9326,0.9278,-0.0048,-0.0533,42,18
Qwen/Qwen2.5-3B,real_b2,real,2,premise,0,2,1,0.5177,0.5711,0.0534,-0.0072,42,18
Qwen/Qwen2.5-3B,real_b2,real,2,premise,0,3,1,0.5993,0.9179,0.3185,0.0073,42,18
Qwen/Qwen2.5-3B,real_b2,real,2,premise,0,5,1,0.8357,0.9211,0.0854,0.0189,42,18
Qwen/Qwen2.5-3B,real_b2,real,2,premise,0,8,1,0.9131,0.9242,0.011,0.0113,42,18
Qwen/Qwen2.5-3B,real_b2,real,2,premise,0,16,1,0.9319,0.9252,-0.0067,0.0123,42,18
Qwen/Qwen2.5-3B,real_b2,real,2,premise,0,2,2,0.6138,0.843,0.2291,0.002,42,18
Qwen/Qwen2.5-3B,real_b2,real,2,premise,0,3,2,0.5935,0.9251,0.3315,-0.0118,42,18
Qwen/Qwen2.5-3B,real_b2,real,2,premise,0,5,2,0.8589,0.9241,0.0652,-0.0035,42,18
Qwen/Qwen2.5-3B,real_b2,real,2,premise,0,8,2,0.9224,0.9263,0.004,-0.0037,42,18
Qwen/Qwen2.5-3B,real_b2,real,2,premise,0,16,2,0.9317,0.9231,-0.0086,-0.0059,42,18
Qwen/Qwen2.5-3B,real_b2,real,2,premise,0,2,3,0.4874,0.6576,0.1701,-0.056,42,18
Qwen/Qwen2.5-3B,real_b2,real,2,premise,0,3,3,0.5375,0.9182,0.3807,-0.0424,42,18
Qwen/Qwen2.5-3B,real_b2,real,2,premise,0,5,3,0.8396,0.9251,0.0855,-0.0528,42,18
Qwen/Qwen2.5-3B,real_b2,real,2,premise,0,8,3,0.9139,0.9256,0.0117,-0.0425,42,18
Qwen/Qwen2.5-3B,real_b2,real,2,premise,0,16,3,0.9314,0.9302,-0.0012,-0.0378,42,18
Qwen/Qwen2.5-3B,real_b2,real,2,premise,0,2,4,0.4012,0.696,0.2948,-0.0231,42,18
Qwen/Qwen2.5-3B,real_b2,real,2,premise,0,3,4,0.5993,0.9207,0.3214,-0.0286,42,18
Qwen/Qwen2.5-3B,real_b2,real,2,premise,0,5,4,0.8498,0.9279,0.0781,-0.0401,42,18
Qwen/Qwen2.5-3B,real_b2,real,2,premise,0,8,4,0.9267,0.9276,0.0009,-0.0354,42,18
Qwen/Qwen2.5-3B,real_b2,real,2,premise,0,16,4,0.9284,0.93,0.0016,-0.0434,42,18
Qwen/Qwen2.5-3B,real_b2,real,2,premise,0,2,5,0.4109,0.5387,0.1277,-0.0338,42,18
Qwen/Qwen2.5-3B,real_b2,real,2,premise,0,3,5,0.5809,0.9211,0.3403,-0.0142,42,18
Qwen/Qwen2.5-3B,real_b2,real,2,premise,0,5,5,0.8501,0.926,0.0759,-0.0016,42,18
Qwen/Qwen2.5-3B,real_b2,real,2,premise,0,8,5,0.9248,0.9271,0.0023,-0.0118,42,18
Qwen/Qwen2.5-3B,real_b2,real,2,premise,0,16,5,0.9331,0.9271,-0.0061,-0.0083,42,18
Qwen/Qwen2.5-3B,real_b2,real,2,premise,4,2,0,0.5226,0.6553,0.1327,-0.0899,42,18
Qwen/Qwen2.5-3B,real_b2,real,2,premise,4,3,0,0.6181,0.903,0.2849,-0.063,42,18
Qwen/Qwen2.5-3B,real_b2,real,2,premise,4,5,0,0.839,0.9228,0.0837,-0.0672,42,18
Qwen/Qwen2.5-3B,real_b2,real,2,premise,4,8,0,0.9179,0.9204,0.0025,-0.0807,42,18
Qwen/Qwen2.5-3B,real_b2,real,2,premise,4,16,0,0.9242,0.9219,-0.0023,-0.0682,42,18
Qwen/Qwen2.5-3B,real_b2,real,2,premise,4,2,1,0.5654,0.7513,0.1859,0.0039,42,18
Qwen/Qwen2.5-3B,real_b2,real,2,premise,4,3,1,0.6499,0.8972,0.2474,0.0118,42,18
Qwen/Qwen2.5-3B,real_b2,real,2,premise,4,5,1,0.8491,0.9161,0.067,-0.0023,42,18
Qwen/Qwen2.5-3B,real_b2,real,2,premise,4,8,1,0.9091,0.9199,0.0108,0.0183,42,18
Qwen/Qwen2.5-3B,real_b2,real,2,premise,4,16,1,0.9233,0.9165,-0.0068,0.0075,42,18
Qwen/Qwen2.5-3B,real_b2,real,2,premise,4,2,2,0.5931,0.7853,0.1922,-0.0116,42,18
Qwen/Qwen2.5-3B,real_b2,real,2,premise,4,3,2,0.5776,0.9061,0.3285,0.0046,42,18
Qwen/Qwen2.5-3B,real_b2,real,2,premise,4,5,2,0.8634,0.9208,0.0574,-0.002,42,18
Qwen/Qwen2.5-3B,real_b2,real,2,premise,4,8,2,0.9183,0.9231,0.0047,0.0124,42,18
Qwen/Qwen2.5-3B,real_b2,real,2,premise,4,16,2,0.9253,0.9199,-0.0054,0.0173,42,18
Qwen/Qwen2.5-3B,real_b2,real,2,premise,4,2,3,0.6304,0.8764,0.246,-0.0491,42,18
Qwen/Qwen2.5-3B,real_b2,real,2,premise,4,3,3,0.6129,0.9074,0.2945,-0.0462,42,18
Qwen/Qwen2.5-3B,real_b2,real,2,premise,4,5,3,0.8511,0.9261,0.075,-0.058,42,18
Qwen/Qwen2.5-3B,real_b2,real,2,premise,4,8,3,0.9206,0.9247,0.0041,-0.0556,42,18
Qwen/Qwen2.5-3B,real_b2,real,2,premise,4,16,3,0.9288,0.9234,-0.0054,-0.0565,42,18
Qwen/Qwen2.5-3B,real_b2,real,2,premise,4,2,4,0.5456,0.7626,0.2171,-0.0523,42,18
Qwen/Qwen2.5-3B,real_b2,real,2,premise,4,3,4,0.5751,0.9049,0.3298,-0.0302,42,18
Qwen/Qwen2.5-3B,real_b2,real,2,premise,4,5,4,0.8608,0.9241,0.0632,-0.0392,42,18
Qwen/Qwen2.5-3B,real_b2,real,2,premise,4,8,4,0.9197,0.9241,0.0044,-0.0336,42,18
Qwen/Qwen2.5-3B,real_b2,real,2,premise,4,16,4,0.9248,0.9247,-0.0001,-0.0412,42,18
Qwen/Qwen2.5-3B,real_b2,real,2,premise,4,2,5,0.6158,0.8102,0.1944,-0.0255,42,18
Qwen/Qwen2.5-3B,real_b2,real,2,premise,4,3,5,0.6819,0.9115,0.2296,-0.0251,42,18
Qwen/Qwen2.5-3B,real_b2,real,2,premise,4,5,5,0.8631,0.9276,0.0645,-0.0233,42,18
Qwen/Qwen2.5-3B,real_b2,real,2,premise,4,8,5,0.9179,0.9256,0.0077,-0.0253,42,18
Qwen/Qwen2.5-3B,real_b2,real,2,premise,4,16,5,0.9271,0.9263,-0.0008,-0.0196,42,18
Qwen/Qwen2.5-3B,real_b2,real,2,premise,8,2,0,0.5884,0.7493,0.161,-0.0252,42,18
Qwen/Qwen2.5-3B,real_b2,real,2,premise,8,3,0,0.638,0.9085,0.2704,-0.063,42,18
Qwen/Qwen2.5-3B,real_b2,real,2,premise,8,5,0,0.8524,0.9105,0.0581,-0.0653,42,18
Qwen/Qwen2.5-3B,real_b2,real,2,premise,8,8,0,0.914,0.9237,0.0097,-0.0672,42,18
Qwen/Qwen2.5-3B,real_b2,real,2,premise,8,16,0,0.9223,0.9208,-0.0015,-0.0754,42,18
Qwen/Qwen2.5-3B,real_b2,real,2,premise,8,2,1,0.6194,0.8449,0.2255,0.021,42,18
Qwen/Qwen2.5-3B,real_b2,real,2,premise,8,3,1,0.6259,0.9025,0.2766,0.0121,42,18
Qwen/Qwen2.5-3B,real_b2,real,2,premise,8,5,1,0.8608,0.9239,0.0632,0.0117,42,18
Qwen/Qwen2.5-3B,real_b2,real,2,premise,8,8,1,0.9167,0.924,0.0073,0.0081,42,18
Qwen/Qwen2.5-3B,real_b2,real,2,premise,8,16,1,0.9246,0.9216,-0.003,0.0004,42,18
Qwen/Qwen2.5-3B,real_b2,real,2,premise,8,2,2,0.5927,0.7095,0.1168,-0.0083,42,18
Qwen/Qwen2.5-3B,real_b2,real,2,premise,8,3,2,0.6511,0.9136,0.2625,-0.0072,42,18
Qwen/Qwen2.5-3B,real_b2,real,2,premise,8,5,2,0.8435,0.9239,0.0804,-0.0078,42,18
Qwen/Qwen2.5-3B,real_b2,real,2,premise,8,8,2,0.9154,0.9253,0.0099,-0.0036,42,18
Qwen/Qwen2.5-3B,real_b2,real,2,premise,8,16,2,0.928,0.9248,-0.0032,-0.0213,42,18
Qwen/Qwen2.5-3B,real_b2,real,2,premise,8,2,3,0.6383,0.6258,-0.0125,-0.0683,42,18
Qwen/Qwen2.5-3B,real_b2,real,2,premise,8,3,3,0.6167,0.9154,0.2988,-0.0539,42,18
Qwen/Qwen2.5-3B,real_b2,real,2,premise,8,5,3,0.8557,0.9222,0.0665,-0.0527,42,18
Qwen/Qwen2.5-3B,real_b2,real,2,premise,8,8,3,0.9245,0.9241,-0.0004,-0.0537,42,18
Qwen/Qwen2.5-3B,real_b2,real,2,premise,8,16,3,0.926,0.9238,-0.0022,-0.0534,42,18
Qwen/Qwen2.5-3B,real_b2,real,2,premise,8,2,4,0.5868,0.7797,0.1929,-0.0306,42,18
Qwen/Qwen2.5-3B,real_b2,real,2,premise,8,3,4,0.6688,0.9185,0.2497,-0.0521,42,18
Qwen/Qwen2.5-3B,real_b2,real,2,premise,8,5,4,0.8546,0.925,0.0704,-0.0546,42,18
Qwen/Qwen2.5-3B,real_b2,real,2,premise,8,8,4,0.9218,0.9282,0.0064,-0.0489,42,18
Qwen/Qwen2.5-3B,real_b2,real,2,premise,8,16,4,0.9283,0.9285,0.0003,-0.0458,42,18
Qwen/Qwen2.5-3B,real_b2,real,2,premise,8,2,5,0.5499,0.8426,0.2927,-0.0069,42,18
Qwen/Qwen2.5-3B,real_b2,real,2,premise,8,3,5,0.6341,0.9145,0.2803,-0.0153,42,18
Qwen/Qwen2.5-3B,real_b2,real,2,premise,8,5,5,0.8524,0.9279,0.0755,-0.0091,42,18
Qwen/Qwen2.5-3B,real_b2,real,2,premise,8,8,5,0.9238,0.924,0.0001,-0.0149,42,18
Qwen/Qwen2.5-3B,real_b2,real,2,premise,8,16,5,0.9274,0.9228,-0.0046,-0.011,42,18
Qwen/Qwen2.5-3B,real_b2,real,2,premise,12,2,0,0.5248,0.62,0.0952,-0.0372,42,18
Qwen/Qwen2.5-3B,real_b2,real,2,premise,12,3,0,0.651,0.9054,0.2544,-0.0655,42,18
Qwen/Qwen2.5-3B,real_b2,real,2,premise,12,5,0,0.8439,0.9059,0.062,-0.0609,42,18
Qwen/Qwen2.5-3B,real_b2,real,2,premise,12,8,0,0.9227,0.922,-0.0006,-0.0694,42,18
Qwen/Qwen2.5-3B,real_b2,real,2,premise,12,16,0,0.9227,0.9213,-0.0014,-0.0715,42,18
Qwen/Qwen2.5-3B,real_b2,real,2,premise,12,2,1,0.6075,0.6755,0.068,0.0316,42,18
Qwen/Qwen2.5-3B,real_b2,real,2,premise,12,3,1,0.6154,0.9033,0.2879,0.0023,42,18
Qwen/Qwen2.5-3B,real_b2,real,2,premise,12,5,1,0.8496,0.9231,0.0735,0.0091,42,18
Qwen/Qwen2.5-3B,real_b2,real,2,premise,12,8,1,0.911,0.9193,0.0083,0.0038,42,18
Qwen/Qwen2.5-3B,real_b2,real,2,premise,12,16,1,0.9245,0.9158,-0.0087,-0.0031,42,18
Qwen/Qwen2.5-3B,real_b2,real,2,premise,12,2,2,0.5853,0.7609,0.1756,0.0042,42,18
Qwen/Qwen2.5-3B,real_b2,real,2,premise,12,3,2,0.6277,0.9034,0.2757,-0.0014,42,18
Qwen/Qwen2.5-3B,real_b2,real,2,premise,12,5,2,0.8355,0.9212,0.0856,0.0004,42,18
Qwen/Qwen2.5-3B,real_b2,real,2,premise,12,8,2,0.9171,0.9246,0.0075,0.0034,42,18
Qwen/Qwen2.5-3B,real_b2,real,2,premise,12,16,2,0.9222,0.9223,0.0,-0.0017,42,18
Qwen/Qwen2.5-3B,real_b2,real,2,premise,12,2,3,0.576,0.7298,0.1538,-0.0538,42,18
Qwen/Qwen2.5-3B,real_b2,real,2,premise,12,3,3,0.6012,0.9116,0.3104,-0.0538,42,18
Qwen/Qwen2.5-3B,real_b2,real,2,premise,12,5,3,0.8466,0.9205,0.074,-0.0486,42,18
Qwen/Qwen2.5-3B,real_b2,real,2,premise,12,8,3,0.9207,0.9227,0.002,-0.0506,42,18
Qwen/Qwen2.5-3B,real_b2,real,2,premise,12,16,3,0.924,0.9244,0.0004,-0.0437,42,18
Qwen/Qwen2.5-3B,real_b2,real,2,premise,12,2,4,0.6523,0.7068,0.0545,-0.0347,42,18
Qwen/Qwen2.5-3B,real_b2,real,2,premise,12,3,4,0.5773,0.9153,0.338,-0.0419,42,18
Qwen/Qwen2.5-3B,real_b2,real,2,premise,12,5,4,0.8651,0.9248,0.0598,-0.0319,42,18
Qwen/Qwen2.5-3B,real_b2,real,2,premise,12,8,4,0.9184,0.9234,0.005,-0.0382,42,18
Qwen/Qwen2.5-3B,real_b2,real,2,premise,12,16,4,0.9264,0.9277,0.0013,-0.0379,42,18
Qwen/Qwen2.5-3B,real_b2,real,2,premise,12,2,5,0.5626,0.7503,0.1877,-0.0448,42,18
Qwen/Qwen2.5-3B,real_b2,real,2,premise,12,3,5,0.6831,0.9094,0.2263,-0.022,42,18
Qwen/Qwen2.5-3B,real_b2,real,2,premise,12,5,5,0.8519,0.9225,0.0706,-0.0191,42,18
Qwen/Qwen2.5-3B,real_b2,real,2,premise,12,8,5,0.923,0.9275,0.0045,-0.0307,42,18
Qwen/Qwen2.5-3B,real_b2,real,2,premise,12,16,5,0.9286,0.9269,-0.0017,-0.0199,42,18
Qwen/Qwen2.5-3B,real_b2,real,2,premise,16,2,0,0.623,0.6681,0.0451,-0.0332,42,18
Qwen/Qwen2.5-3B,real_b2,real,2,premise,16,3,0,0.6614,0.9098,0.2484,-0.0499,42,18
Qwen/Qwen2.5-3B,real_b2,real,2,premise,16,5,0,0.8548,0.9103,0.0555,-0.0627,42,18
Qwen/Qwen2.5-3B,real_b2,real,2,premise,16,8,0,0.9184,0.9237,0.0054,-0.0694,42,18
Qwen/Qwen2.5-3B,real_b2,real,2,premise,16,16,0,0.9253,0.9182,-0.0071,-0.0672,42,18
Qwen/Qwen2.5-3B,real_b2,real,2,premise,16,2,1,0.5491,0.7574,0.2083,0.0181,42,18
Qwen/Qwen2.5-3B,real_b2,real,2,premise,16,3,1,0.6553,0.8997,0.2444,0.0235,42,18
Qwen/Qwen2.5-3B,real_b2,real,2,premise,16,5,1,0.8557,0.9205,0.0648,0.0064,42,18
Qwen/Qwen2.5-3B,real_b2,real,2,premise,16,8,1,0.917,0.9211,0.004,0.0114,42,18
Qwen/Qwen2.5-3B,real_b2,real,2,premise,16,16,1,0.9244,0.9234,-0.001,0.0109,42,18
Qwen/Qwen2.5-3B,real_b2,real,2,premise,16,2,2,0.6189,0.6776,0.0587,0.0012,42,18
Qwen/Qwen2.5-3B,real_b2,real,2,premise,16,3,2,0.6463,0.9098,0.2634,-0.0096,42,18
Qwen/Qwen2.5-3B,real_b2,real,2,premise,16,5,2,0.8647,0.9166,0.0519,-0.0003,42,18
Qwen/Qwen2.5-3B,real_b2,real,2,premise,16,8,2,0.9173,0.9213,0.004,-0.0116,42,18
Qwen/Qwen2.5-3B,real_b2,real,2,premise,16,16,2,0.9225,0.9198,-0.0026,0.0008,42,18
Qwen/Qwen2.5-3B,real_b2,real,2,premise,16,2,3,0.509,0.7178,0.2088,-0.0771,42,18
Qwen/Qwen2.5-3B,real_b2,real,2,premise,16,3,3,0.5817,0.9055,0.3238,-0.0563,42,18
Qwen/Qwen2.5-3B,real_b2,real,2,premise,16,5,3,0.8539,0.9197,0.0658,-0.047,42,18
Qwen/Qwen2.5-3B,real_b2,real,2,premise,16,8,3,0.9228,0.9227,-0.0002,-0.0495,42,18
Qwen/Qwen2.5-3B,real_b2,real,2,premise,16,16,3,0.9245,0.9252,0.0007,-0.054,42,18
Qwen/Qwen2.5-3B,real_b2,real,2,premise,16,2,4,0.5684,0.7402,0.1718,-0.0363,42,18
Qwen/Qwen2.5-3B,real_b2,real,2,premise,16,3,4,0.6929,0.9035,0.2106,-0.0407,42,18
Qwen/Qwen2.5-3B,real_b2,real,2,premise,16,5,4,0.8527,0.9228,0.0701,-0.039,42,18
Qwen/Qwen2.5-3B,real_b2,real,2,premise,16,8,4,0.9217,0.9269,0.0052,-0.0342,42,18
Qwen/Qwen2.5-3B,real_b2,real,2,premise,16,16,4,0.9297,0.9274,-0.0023,-0.0375,42,18
Qwen/Qwen2.5-3B,real_b2,real,2,premise,16,2,5,0.5179,0.8148,0.2969,-0.0256,42,18
Qwen/Qwen2.5-3B,real_b2,real,2,premise,16,3,5,0.6558,0.9121,0.2562,-0.0193,42,18
Qwen/Qwen2.5-3B,real_b2,real,2,premise,16,5,5,0.8398,0.9205,0.0806,-0.019,42,18
Qwen/Qwen2.5-3B,real_b2,real,2,premise,16,8,5,0.9204,0.9255,0.0051,-0.0106,42,18
Qwen/Qwen2.5-3B,real_b2,real,2,premise,16,16,5,0.9286,0.9259,-0.0027,-0.0229,42,18
Qwen/Qwen2.5-3B,real_b2,real,2,premise,20,2,0,0.6177,0.8103,0.1926,-0.0507,42,18
Qwen/Qwen2.5-3B,real_b2,real,2,premise,20,3,0,0.6013,0.8992,0.2979,-0.0637,42,18
Qwen/Qwen2.5-3B,real_b2,real,2,premise,20,5,0,0.8377,0.9192,0.0814,-0.0624,42,18
Qwen/Qwen2.5-3B,real_b2,real,2,premise,20,8,0,0.9145,0.9251,0.0106,-0.0638,42,18
Qwen/Qwen2.5-3B,real_b2,real,2,premise,20,16,0,0.925,0.9234,-0.0016,-0.071,42,18
Qwen/Qwen2.5-3B,real_b2,real,2,premise,20,2,1,0.538,0.6666,0.1286,0.017,42,18
Qwen/Qwen2.5-3B,real_b2,real,2,premise,20,3,1,0.5986,0.9044,0.3058,0.0173,42,18
Qwen/Qwen2.5-3B,real_b2,real,2,premise,20,5,1,0.8471,0.9225,0.0753,0.0105,42,18
Qwen/Qwen2.5-3B,real_b2,real,2,premise,20,8,1,0.9169,0.9219,0.005,0.0189,42,18
Qwen/Qwen2.5-3B,real_b2,real,2,premise,20,16,1,0.9267,0.9207,-0.006,0.0153,42,18
Qwen/Qwen2.5-3B,real_b2,real,2,premise,20,2,2,0.5719,0.7234,0.1514,-0.0126,42,18
Qwen/Qwen2.5-3B,real_b2,real,2,premise,20,3,2,0.6004,0.8938,0.2934,-0.0158,42,18
Qwen/Qwen2.5-3B,real_b2,real,2,premise,20,5,2,0.8607,0.9176,0.057,-0.0011,42,18
Qwen/Qwen2.5-3B,real_b2,real,2,premise,20,8,2,0.9174,0.9233,0.0059,0.0076,42,18
Qwen/Qwen2.5-3B,real_b2,real,2,premise,20,16,2,0.9234,0.9204,-0.0029,-0.0065,42,18
Qwen/Qwen2.5-3B,real_b2,real,2,premise,20,2,3,0.6345,0.7923,0.1577,-0.0514,42,18
Qwen/Qwen2.5-3B,real_b2,real,2,premise,20,3,3,0.6605,0.8967,0.2362,-0.0478,42,18
Qwen/Qwen2.5-3B,real_b2,real,2,premise,20,5,3,0.8533,0.9225,0.0692,-0.0552,42,18
Qwen/Qwen2.5-3B,real_b2,real,2,premise,20,8,3,0.918,0.9234,0.0055,-0.0559,42,18
Qwen/Qwen2.5-3B,real_b2,real,2,premise,20,16,3,0.9249,0.9248,-0.0001,-0.0505,42,18
Qwen/Qwen2.5-3B,real_b2,real,2,premise,20,2,4,0.6318,0.8366,0.2048,-0.0565,42,18
Qwen/Qwen2.5-3B,real_b2,real,2,premise,20,3,4,0.6396,0.9052,0.2656,-0.054,42,18
Qwen/Qwen2.5-3B,real_b2,real,2,premise,20,5,4,0.8548,0.9218,0.067,-0.0475,42,18
Qwen/Qwen2.5-3B,real_b2,real,2,premise,20,8,4,0.9175,0.9269,0.0095,-0.0405,42,18
Qwen/Qwen2.5-3B,real_b2,real,2,premise,20,16,4,0.9312,0.927,-0.0042,-0.0293,42,18
Qwen/Qwen2.5-3B,real_b2,real,2,premise,20,2,5,0.4772,0.7024,0.2252,-0.0183,42,18
Qwen/Qwen2.5-3B,real_b2,real,2,premise,20,3,5,0.5776,0.8963,0.3188,-0.0252,42,18
Qwen/Qwen2.5-3B,real_b2,real,2,premise,20,5,5,0.8572,0.9239,0.0667,-0.0066,42,18
Qwen/Qwen2.5-3B,real_b2,real,2,premise,20,8,5,0.9195,0.924,0.0045,-0.0248,42,18
Qwen/Qwen2.5-3B,real_b2,real,2,premise,20,16,5,0.9263,0.9248,-0.0015,-0.013,42,18
Qwen/Qwen2.5-3B,real_b2,real,2,premise,24,2,0,0.6379,0.7942,0.1563,-0.0724,42,18
Qwen/Qwen2.5-3B,real_b2,real,2,premise,24,3,0,0.6448,0.88,0.2352,-0.0518,42,18
Qwen/Qwen2.5-3B,real_b2,real,2,premise,24,5,0,0.8474,0.916,0.0686,-0.0776,42,18
Qwen/Qwen2.5-3B,real_b2,real,2,premise,24,8,0,0.9165,0.9191,0.0026,-0.0622,42,18
Qwen/Qwen2.5-3B,real_b2,real,2,premise,24,16,0,0.9267,0.9226,-0.0041,-0.0612,42,18
Qwen/Qwen2.5-3B,real_b2,real,2,premise,24,2,1,0.5723,0.7538,0.1815,-0.0102,42,18
Qwen/Qwen2.5-3B,real_b2,real,2,premise,24,3,1,0.5374,0.8963,0.3589,0.0154,42,18
Qwen/Qwen2.5-3B,real_b2,real,2,premise,24,5,1,0.8223,0.9206,0.0983,0.025,42,18
Qwen/Qwen2.5-3B,real_b2,real,2,premise,24,8,1,0.9042,0.9186,0.0143,0.0305,42,18
Qwen/Qwen2.5-3B,real_b2,real,2,premise,24,16,1,0.9241,0.9158,-0.0083,0.0107,42,18
Qwen/Qwen2.5-3B,real_b2,real,2,premise,24,2,2,0.5262,0.766,0.2398,-0.0095,42,18
Qwen/Qwen2.5-3B,real_b2,real,2,premise,24,3,2,0.5994,0.8906,0.2913,0.0029,42,18
Qwen/Qwen2.5-3B,real_b2,real,2,premise,24,5,2,0.8378,0.9148,0.0771,-0.0002,42,18
Qwen/Qwen2.5-3B,real_b2,real,2,premise,24,8,2,0.9157,0.9174,0.0017,0.0019,42,18
Qwen/Qwen2.5-3B,real_b2,real,2,premise,24,16,2,0.9228,0.9186,-0.0043,0.0021,42,18
Qwen/Qwen2.5-3B,real_b2,real,2,premise,24,2,3,0.5942,0.6863,0.0921,-0.047,42,18
Qwen/Qwen2.5-3B,real_b2,real,2,premise,24,3,3,0.5837,0.8877,0.304,-0.0405,42,18
Qwen/Qwen2.5-3B,real_b2,real,2,premise,24,5,3,0.821,0.9186,0.0975,-0.0537,42,18
Qwen/Qwen2.5-3B,real_b2,real,2,premise,24,8,3,0.9179,0.9212,0.0032,-0.0531,42,18
Qwen/Qwen2.5-3B,real_b2,real,2,premise,24,16,3,0.9257,0.9185,-0.0072,-0.0518,42,18
Qwen/Qwen2.5-3B,real_b2,real,2,premise,24,2,4,0.5716,0.7582,0.1866,0.0147,42,18
Qwen/Qwen2.5-3B,real_b2,real,2,premise,24,3,4,0.6304,0.89,0.2595,-0.0394,42,18
Qwen/Qwen2.5-3B,real_b2,real,2,premise,24,5,4,0.8432,0.9179,0.0746,-0.0438,42,18
Qwen/Qwen2.5-3B,real_b2,real,2,premise,24,8,4,0.9131,0.9197,0.0066,-0.0388,42,18
Qwen/Qwen2.5-3B,real_b2,real,2,premise,24,16,4,0.928,0.922,-0.006,-0.0492,42,18
Qwen/Qwen2.5-3B,real_b2,real,2,premise,24,2,5,0.5996,0.7927,0.1931,-0.0117,42,18
Qwen/Qwen2.5-3B,real_b2,real,2,premise,24,3,5,0.5855,0.8965,0.311,-0.0148,42,18
Qwen/Qwen2.5-3B,real_b2,real,2,premise,24,5,5,0.8365,0.9185,0.082,-0.0201,42,18
Qwen/Qwen2.5-3B,real_b2,real,2,premise,24,8,5,0.9166,0.917,0.0004,-0.0161,42,18
Qwen/Qwen2.5-3B,real_b2,real,2,premise,24,16,5,0.9261,0.9187,-0.0075,-0.0225,42,18
Qwen/Qwen2.5-3B,real_b2,real,2,premise,28,2,0,0.5593,0.7459,0.1866,-0.0494,42,18
Qwen/Qwen2.5-3B,real_b2,real,2,premise,28,3,0,0.6547,0.9038,0.2491,-0.0537,42,18
Qwen/Qwen2.5-3B,real_b2,real,2,premise,28,5,0,0.843,0.916,0.073,-0.0615,42,18
Qwen/Qwen2.5-3B,real_b2,real,2,premise,28,8,0,0.9187,0.9229,0.0042,-0.0592,42,18
Qwen/Qwen2.5-3B,real_b2,real,2,premise,28,16,0,0.9274,0.922,-0.0054,-0.0631,42,18
Qwen/Qwen2.5-3B,real_b2,real,2,premise,28,2,1,0.5678,0.7278,0.16,-0.0024,42,18
Qwen/Qwen2.5-3B,real_b2,real,2,premise,28,3,1,0.6323,0.891,0.2588,0.0175,42,18
Qwen/Qwen2.5-3B,real_b2,real,2,premise,28,5,1,0.8138,0.9131,0.0993,0.0168,42,18
Qwen/Qwen2.5-3B,real_b2,real,2,premise,28,8,1,0.9039,0.9195,0.0156,0.0001,42,18
Qwen/Qwen2.5-3B,real_b2,real,2,premise,28,16,1,0.9253,0.9171,-0.0082,0.0179,42,18
Qwen/Qwen2.5-3B,real_b2,real,2,premise,28,2,2,0.5593,0.758,0.1987,-0.0085,42,18
Qwen/Qwen2.5-3B,real_b2,real,2,premise,28,3,2,0.6001,0.888,0.288,0.0034,42,18
Qwen/Qwen2.5-3B,real_b2,real,2,premise,28,5,2,0.8089,0.914,0.1052,0.007,42,18
Qwen/Qwen2.5-3B,real_b2,real,2,premise,28,8,2,0.9094,0.9154,0.006,0.0104,42,18
Qwen/Qwen2.5-3B,real_b2,real,2,premise,28,16,2,0.9212,0.9201,-0.001,0.0216,42,18
Qwen/Qwen2.5-3B,real_b2,real,2,premise,28,2,3,0.524,0.7413,0.2173,-0.0253,42,18
Qwen/Qwen2.5-3B,real_b2,real,2,premise,28,3,3,0.646,0.8856,0.2397,-0.0422,42,18
Qwen/Qwen2.5-3B,real_b2,real,2,premise,28,5,3,0.8379,0.9137,0.0759,-0.0359,42,18
Qwen/Qwen2.5-3B,real_b2,real,2,premise,28,8,3,0.9127,0.917,0.0043,-0.0554,42,18
Qwen/Qwen2.5-3B,real_b2,real,2,premise,28,16,3,0.9227,0.92,-0.0027,-0.0528,42,18
Qwen/Qwen2.5-3B,real_b2,real,2,premise,28,2,4,0.5977,0.8123,0.2146,-0.0297,42,18
Qwen/Qwen2.5-3B,real_b2,real,2,premise,28,3,4,0.6458,0.8908,0.245,-0.0453,42,18
Qwen/Qwen2.5-3B,real_b2,real,2,premise,28,5,4,0.8271,0.9204,0.0933,-0.0356,42,18
Qwen/Qwen2.5-3B,real_b2,real,2,premise,28,8,4,0.9117,0.9158,0.0042,-0.0411,42,18
Qwen/Qwen2.5-3B,real_b2,real,2,premise,28,16,4,0.9277,0.9247,-0.0031,-0.0391,42,18
Qwen/Qwen2.5-3B,real_b2,real,2,premise,28,2,5,0.4547,0.6789,0.2242,-0.0359,42,18
Qwen/Qwen2.5-3B,real_b2,real,2,premise,28,3,5,0.6638,0.8796,0.2158,-0.0179,42,18
Qwen/Qwen2.5-3B,real_b2,real,2,premise,28,5,5,0.8295,0.9181,0.0886,-0.0276,42,18
Qwen/Qwen2.5-3B,real_b2,real,2,premise,28,8,5,0.9139,0.9222,0.0083,-0.0225,42,18
Qwen/Qwen2.5-3B,real_b2,real,2,premise,28,16,5,0.9289,0.9222,-0.0067,-0.0191,42,18
Qwen/Qwen2.5-3B,real_b2,real,2,premise,32,2,0,0.5095,0.7456,0.2361,-0.0526,42,18
Qwen/Qwen2.5-3B,real_b2,real,2,premise,32,3,0,0.5897,0.8864,0.2967,-0.046,42,18
Qwen/Qwen2.5-3B,real_b2,real,2,premise,32,5,0,0.8315,0.9138,0.0823,-0.0644,42,18
Qwen/Qwen2.5-3B,real_b2,real,2,premise,32,8,0,0.9094,0.9177,0.0083,-0.0635,42,18
Qwen/Qwen2.5-3B,real_b2,real,2,premise,32,16,0,0.9209,0.9159,-0.005,-0.0686,42,18
Qwen/Qwen2.5-3B,real_b2,real,2,premise,32,2,1,0.5363,0.7854,0.249,0.0292,42,18
Qwen/Qwen2.5-3B,real_b2,real,2,premise,32,3,1,0.6042,0.8759,0.2717,0.0093,42,18
Qwen/Qwen2.5-3B,real_b2,real,2,premise,32,5,1,0.8256,0.9007,0.0752,0.0081,42,18
Qwen/Qwen2.5-3B,real_b2,real,2,premise,32,8,1,0.9033,0.9028,-0.0005,0.0361,42,18
Qwen/Qwen2.5-3B,real_b2,real,2,premise,32,16,1,0.9164,0.9029,-0.0135,0.0052,42,18
Qwen/Qwen2.5-3B,real_b2,real,2,premise,32,2,2,0.6073,0.7541,0.1468,0.0198,42,18
Qwen/Qwen2.5-3B,real_b2,real,2,premise,32,3,2,0.5971,0.8806,0.2836,-0.0024,42,18
Qwen/Qwen2.5-3B,real_b2,real,2,premise,32,5,2,0.8182,0.9076,0.0893,0.0026,42,18
Qwen/Qwen2.5-3B,real_b2,real,2,premise,32,8,2,0.8958,0.9136,0.0177,0.0047,42,18
Qwen/Qwen2.5-3B,real_b2,real,2,premise,32,16,2,0.9195,0.9167,-0.0028,0.0038,42,18
Qwen/Qwen2.5-3B,real_b2,real,2,premise,32,2,3,0.5756,0.7222,0.1466,-0.0313,42,18
Qwen/Qwen2.5-3B,real_b2,real,2,premise,32,3,3,0.6446,0.8842,0.2396,-0.0464,42,18
Qwen/Qwen2.5-3B,real_b2,real,2,premise,32,5,3,0.8202,0.9081,0.0879,-0.0581,42,18
Qwen/Qwen2.5-3B,real_b2,real,2,premise,32,8,3,0.9086,0.9163,0.0077,-0.063,42,18
Qwen/Qwen2.5-3B,real_b2,real,2,premise,32,16,3,0.9204,0.9205,0.0001,-0.0642,42,18
Qwen/Qwen2.5-3B,real_b2,real,2,premise,32,2,4,0.6033,0.7779,0.1746,-0.0234,42,18
Qwen/Qwen2.5-3B,real_b2,real,2,premise,32,3,4,0.5786,0.8719,0.2933,-0.0466,42,18
Qwen/Qwen2.5-3B,real_b2,real,2,premise,32,5,4,0.8212,0.9014,0.0802,-0.0403,42,18
Qwen/Qwen2.5-3B,real_b2,real,2,premise,32,8,4,0.9034,0.9126,0.0092,-0.0432,42,18
Qwen/Qwen2.5-3B,real_b2,real,2,premise,32,16,4,0.9211,0.9204,-0.0007,-0.0394,42,18
Qwen/Qwen2.5-3B,real_b2,real,2,premise,32,2,5,0.5593,0.6497,0.0903,-0.0366,42,18
Qwen/Qwen2.5-3B,real_b2,real,2,premise,32,3,5,0.6219,0.8817,0.2597,-0.0236,42,18
Qwen/Qwen2.5-3B,real_b2,real,2,premise,32,5,5,0.8137,0.9069,0.0932,-0.0227,42,18
Qwen/Qwen2.5-3B,real_b2,real,2,premise,32,8,5,0.9035,0.914,0.0104,-0.0257,42,18
Qwen/Qwen2.5-3B,real_b2,real,2,premise,32,16,5,0.9181,0.9174,-0.0007,-0.0144,42,18
Qwen/Qwen2.5-3B,real_b2,real,2,premise,36,2,0,0.5331,0.6975,0.1643,-0.0372,42,18
Qwen/Qwen2.5-3B,real_b2,real,2,premise,36,3,0,0.6139,0.8259,0.212,-0.0704,42,18
Qwen/Qwen2.5-3B,real_b2,real,2,premise,36,5,0,0.7667,0.8646,0.0979,-0.0643,42,18
Qwen/Qwen2.5-3B,real_b2,real,2,premise,36,8,0,0.8581,0.876,0.0179,-0.0711,42,18
Qwen/Qwen2.5-3B,real_b2,real,2,premise,36,16,0,0.8863,0.8794,-0.0069,-0.0685,42,18
Qwen/Qwen2.5-3B,real_b2,real,2,premise,36,2,1,0.4982,0.6828,0.1846,-0.0066,42,18
Qwen/Qwen2.5-3B,real_b2,real,2,premise,36,3,1,0.4991,0.8018,0.3026,0.0236,42,18
Qwen/Qwen2.5-3B,real_b2,real,2,premise,36,5,1,0.7575,0.8142,0.0566,0.0082,42,18
Qwen/Qwen2.5-3B,real_b2,real,2,premise,36,8,1,0.8287,0.8583,0.0295,0.0072,42,18
Qwen/Qwen2.5-3B,real_b2,real,2,premise,36,16,1,0.8702,0.843,-0.0272,0.0021,42,18
Qwen/Qwen2.5-3B,real_b2,real,2,premise,36,2,2,0.5547,0.7419,0.1872,0.0174,42,18
Qwen/Qwen2.5-3B,real_b2,real,2,premise,36,3,2,0.626,0.8453,0.2193,-0.0034,42,18
Qwen/Qwen2.5-3B,real_b2,real,2,premise,36,5,2,0.7748,0.884,0.1092,0.0072,42,18
Qwen/Qwen2.5-3B,real_b2,real,2,premise,36,8,2,0.8704,0.8963,0.0259,0.0127,42,18
Qwen/Qwen2.5-3B,real_b2,real,2,premise,36,16,2,0.8925,0.898,0.0055,0.0014,42,18
Qwen/Qwen2.5-3B,real_b2,real,2,premise,36,2,3,0.4888,0.6529,0.1642,-0.0579,42,18
Qwen/Qwen2.5-3B,real_b2,real,2,premise,36,3,3,0.5969,0.8154,0.2185,-0.0478,42,18
Qwen/Qwen2.5-3B,real_b2,real,2,premise,36,5,3,0.7687,0.8449,0.0762,-0.0545,42,18
Qwen/Qwen2.5-3B,real_b2,real,2,premise,36,8,3,0.863,0.8738,0.0108,-0.0604,42,18
Qwen/Qwen2.5-3B,real_b2,real,2,premise,36,16,3,0.8887,0.8703,-0.0185,-0.0427,42,18
Qwen/Qwen2.5-3B,real_b2,real,2,premise,36,2,4,0.5134,0.6666,0.1531,-0.0462,42,18
Qwen/Qwen2.5-3B,real_b2,real,2,premise,36,3,4,0.5604,0.8308,0.2704,-0.0508,42,18
Qwen/Qwen2.5-3B,real_b2,real,2,premise,36,5,4,0.7847,0.8813,0.0967,-0.0377,42,18
Qwen/Qwen2.5-3B,real_b2,real,2,premise,36,8,4,0.8648,0.8827,0.0179,-0.0223,42,18
Qwen/Qwen2.5-3B,real_b2,real,2,premise,36,16,4,0.8955,0.8945,-0.001,-0.023,42,18
Qwen/Qwen2.5-3B,real_b2,real,2,premise,36,2,5,0.5035,0.6667,0.1632,-0.0085,42,18
Qwen/Qwen2.5-3B,real_b2,real,2,premise,36,3,5,0.5242,0.8521,0.328,-0.0275,42,18
Qwen/Qwen2.5-3B,real_b2,real,2,premise,36,5,5,0.7944,0.8694,0.0751,-0.0268,42,18
Qwen/Qwen2.5-3B,real_b2,real,2,premise,36,8,5,0.8717,0.896,0.0243,-0.0304,42,18
Qwen/Qwen2.5-3B,real_b2,real,2,premise,36,16,5,0.8998,0.896,-0.0038,-0.0229,42,18
Qwen/Qwen2.5-3B,real_b2,real,2,last,0,2,0,0.4695,0.6277,0.1581,-0.0592,42,18
Qwen/Qwen2.5-3B,real_b2,real,2,last,0,3,0,0.4699,0.9165,0.4466,-0.0583,42,18
Qwen/Qwen2.5-3B,real_b2,real,2,last,0,5,0,0.8407,0.9268,0.0861,-0.0691,42,18
Qwen/Qwen2.5-3B,real_b2,real,2,last,0,8,0,0.9235,0.9269,0.0034,-0.0633,42,18
Qwen/Qwen2.5-3B,real_b2,real,2,last,0,16,0,0.9309,0.928,-0.0029,-0.055,42,18
Qwen/Qwen2.5-3B,real_b2,real,2,last,0,2,1,0.4614,0.7349,0.2735,0.0184,42,18
Qwen/Qwen2.5-3B,real_b2,real,2,last,0,3,1,0.5835,0.9182,0.3347,0.0018,42,18
Qwen/Qwen2.5-3B,real_b2,real,2,last,0,5,1,0.8364,0.9222,0.0858,0.0147,42,18
Qwen/Qwen2.5-3B,real_b2,real,2,last,0,8,1,0.9118,0.9232,0.0114,0.0157,42,18
Qwen/Qwen2.5-3B,real_b2,real,2,last,0,16,1,0.9333,0.9312,-0.0021,0.0168,42,18
Qwen/Qwen2.5-3B,real_b2,real,2,last,0,2,2,0.4052,0.8463,0.4411,-0.0021,42,18
Qwen/Qwen2.5-3B,real_b2,real,2,last,0,3,2,0.6373,0.9257,0.2884,-0.01,42,18
Qwen/Qwen2.5-3B,real_b2,real,2,last,0,5,2,0.8674,0.9233,0.0559,-0.0047,42,18
Qwen/Qwen2.5-3B,real_b2,real,2,last,0,8,2,0.9234,0.9246,0.0012,-0.0052,42,18
Qwen/Qwen2.5-3B,real_b2,real,2,last,0,16,2,0.9312,0.9263,-0.0049,-0.0038,42,18
Qwen/Qwen2.5-3B,real_b2,real,2,last,0,2,3,0.4515,0.6506,0.1992,-0.0311,42,18
Qwen/Qwen2.5-3B,real_b2,real,2,last,0,3,3,0.5494,0.9179,0.3684,-0.0556,42,18
Qwen/Qwen2.5-3B,real_b2,real,2,last,0,5,3,0.8364,0.927,0.0906,-0.045,42,18
Qwen/Qwen2.5-3B,real_b2,real,2,last,0,8,3,0.9194,0.9258,0.0064,-0.0392,42,18
Qwen/Qwen2.5-3B,real_b2,real,2,last,0,16,3,0.9321,0.9301,-0.0019,-0.0419,42,18
Qwen/Qwen2.5-3B,real_b2,real,2,last,0,2,4,0.398,0.6961,0.2981,-0.0232,42,18
Qwen/Qwen2.5-3B,real_b2,real,2,last,0,3,4,0.5436,0.9243,0.3807,-0.0351,42,18
Qwen/Qwen2.5-3B,real_b2,real,2,last,0,5,4,0.8566,0.926,0.0694,-0.038,42,18
Qwen/Qwen2.5-3B,real_b2,real,2,last,0,8,4,0.9258,0.928,0.0022,-0.041,42,18
Qwen/Qwen2.5-3B,real_b2,real,2,last,0,16,4,0.9314,0.9291,-0.0023,-0.0447,42,18
Qwen/Qwen2.5-3B,real_b2,real,2,last,0,2,5,0.4547,0.6488,0.1941,-0.0238,42,18
Qwen/Qwen2.5-3B,real_b2,real,2,last,0,3,5,0.6248,0.9192,0.2944,-0.0152,42,18
Qwen/Qwen2.5-3B,real_b2,real,2,last,0,5,5,0.856,0.925,0.0689,-0.0047,42,18
Qwen/Qwen2.5-3B,real_b2,real,2,last,0,8,5,0.9249,0.9281,0.0031,-0.012,42,18
Qwen/Qwen2.5-3B,real_b2,real,2,last,0,16,5,0.9308,0.9299,-0.001,-0.0116,42,18
Qwen/Qwen2.5-3B,real_b2,real,2,last,4,2,0,0.6291,0.727,0.0979,-0.0563,42,18
Qwen/Qwen2.5-3B,real_b2,real,2,last,4,3,0,0.5365,0.9107,0.3742,-0.0836,42,18
Qwen/Qwen2.5-3B,real_b2,real,2,last,4,5,0,0.8547,0.9253,0.0706,-0.0722,42,18
Qwen/Qwen2.5-3B,real_b2,real,2,last,4,8,0,0.9184,0.9262,0.0077,-0.0815,42,18
Qwen/Qwen2.5-3B,real_b2,real,2,last,4,16,0,0.9279,0.9256,-0.0023,-0.0684,42,18
Qwen/Qwen2.5-3B,real_b2,real,2,last,4,2,1,0.535,0.7306,0.1956,0.0089,42,18
Qwen/Qwen2.5-3B,real_b2,real,2,last,4,3,1,0.6851,0.907,0.222,0.0218,42,18
Qwen/Qwen2.5-3B,real_b2,real,2,last,4,5,1,0.8655,0.9216,0.0561,0.0193,42,18
Qwen/Qwen2.5-3B,real_b2,real,2,last,4,8,1,0.9213,0.9219,0.0005,0.0062,42,18
Qwen/Qwen2.5-3B,real_b2,real,2,last,4,16,1,0.9239,0.919,-0.0049,0.0069,42,18
Qwen/Qwen2.5-3B,real_b2,real,2,last,4,2,2,0.5996,0.7744,0.1748,0.026,42,18
Qwen/Qwen2.5-3B,real_b2,real,2,last,4,3,2,0.5894,0.9071,0.3177,0.0017,42,18
Qwen/Qwen2.5-3B,real_b2,real,2,last,4,5,2,0.8411,0.9206,0.0795,0.0029,42,18
Qwen/Qwen2.5-3B,real_b2,real,2,last,4,8,2,0.9168,0.9249,0.0081,0.0124,42,18
Qwen/Qwen2.5-3B,real_b2,real,2,last,4,16,2,0.9226,0.9246,0.0021,0.0115,42,18
Qwen/Qwen2.5-3B,real_b2,real,2,last,4,2,3,0.5891,0.758,0.1689,-0.0344,42,18
Qwen/Qwen2.5-3B,real_b2,real,2,last,4,3,3,0.586,0.9112,0.3252,-0.0512,42,18
Qwen/Qwen2.5-3B,real_b2,real,2,last,4,5,3,0.8457,0.9235,0.0778,-0.0537,42,18
Qwen/Qwen2.5-3B,real_b2,real,2,last,4,8,3,0.9223,0.9256,0.0032,-0.0556,42,18
Qwen/Qwen2.5-3B,real_b2,real,2,last,4,16,3,0.9264,0.9238,-0.0026,-0.0583,42,18
Qwen/Qwen2.5-3B,real_b2,real,2,last,4,2,4,0.6127,0.6967,0.0839,-0.0351,42,18
Qwen/Qwen2.5-3B,real_b2,real,2,last,4,3,4,0.6464,0.9069,0.2605,-0.0431,42,18
Qwen/Qwen2.5-3B,real_b2,real,2,last,4,5,4,0.8453,0.9132,0.0678,-0.0465,42,18
Qwen/Qwen2.5-3B,real_b2,real,2,last,4,8,4,0.9116,0.9193,0.0077,-0.0401,42,18
Qwen/Qwen2.5-3B,real_b2,real,2,last,4,16,4,0.923,0.923,0.0,-0.0302,42,18
Qwen/Qwen2.5-3B,real_b2,real,2,last,4,2,5,0.5299,0.7651,0.2352,-0.0174,42,18
Qwen/Qwen2.5-3B,real_b2,real,2,last,4,3,5,0.7131,0.904,0.1909,-0.0226,42,18
Qwen/Qwen2.5-3B,real_b2,real,2,last,4,5,5,0.8694,0.9218,0.0524,-0.0161,42,18
Qwen/Qwen2.5-3B,real_b2,real,2,last,4,8,5,0.9089,0.9218,0.0129,-0.0216,42,18
Qwen/Qwen2.5-3B,real_b2,real,2,last,4,16,5,0.9293,0.9256,-0.0037,-0.0221,42,18
Qwen/Qwen2.5-3B,real_b2,real,2,last,8,2,0,0.637,0.7038,0.0669,-0.0517,42,18
Qwen/Qwen2.5-3B,real_b2,real,2,last,8,3,0,0.6253,0.9057,0.2804,-0.0619,42,18
Qwen/Qwen2.5-3B,real_b2,real,2,last,8,5,0,0.852,0.9256,0.0736,-0.0777,42,18
Qwen/Qwen2.5-3B,real_b2,real,2,last,8,8,0,0.9233,0.9243,0.001,-0.0573,42,18
Qwen/Qwen2.5-3B,real_b2,real,2,last,8,16,0,0.9245,0.9228,-0.0017,-0.0659,42,18
Qwen/Qwen2.5-3B,real_b2,real,2,last,8,2,1,0.5881,0.6885,0.1004,0.0295,42,18
Qwen/Qwen2.5-3B,real_b2,real,2,last,8,3,1,0.6498,0.9099,0.2601,0.0164,42,18
Qwen/Qwen2.5-3B,real_b2,real,2,last,8,5,1,0.8599,0.9235,0.0636,0.0076,42,18
Qwen/Qwen2.5-3B,real_b2,real,2,last,8,8,1,0.9191,0.9209,0.0019,0.0054,42,18
Qwen/Qwen2.5-3B,real_b2,real,2,last,8,16,1,0.9261,0.9247,-0.0014,0.0045,42,18
Qwen/Qwen2.5-3B,real_b2,real,2,last,8,2,2,0.5113,0.6538,0.1426,-0.002,42,18
Qwen/Qwen2.5-3B,real_b2,real,2,last,8,3,2,0.6363,0.9069,0.2706,-0.0069,42,18
Qwen/Qwen2.5-3B,real_b2,real,2,last,8,5,2,0.8525,0.9225,0.07,0.0024,42,18
Qwen/Qwen2.5-3B,real_b2,real,2,last,8,8,2,0.9221,0.9253,0.0032,-0.0047,42,18
Qwen/Qwen2.5-3B,real_b2,real,2,last,8,16,2,0.9259,0.928,0.0021,-0.0082,42,18
Qwen/Qwen2.5-3B,real_b2,real,2,last,8,2,3,0.5787,0.6901,0.1114,-0.0583,42,18
Qwen/Qwen2.5-3B,real_b2,real,2,last,8,3,3,0.6548,0.9139,0.2591,-0.0501,42,18
Qwen/Qwen2.5-3B,real_b2,real,2,last,8,5,3,0.867,0.9203,0.0534,-0.0494,42,18
Qwen/Qwen2.5-3B,real_b2,real,2,last,8,8,3,0.9246,0.9235,-0.0011,-0.0549,42,18
Qwen/Qwen2.5-3B,real_b2,real,2,last,8,16,3,0.9229,0.9215,-0.0014,-0.0613,42,18
Qwen/Qwen2.5-3B,real_b2,real,2,last,8,2,4,0.5894,0.7673,0.178,-0.0299,42,18
Qwen/Qwen2.5-3B,real_b2,real,2,last,8,3,4,0.5961,0.9033,0.3072,-0.0388,42,18
Qwen/Qwen2.5-3B,real_b2,real,2,last,8,5,4,0.8499,0.9256,0.0757,-0.0401,42,18
Qwen/Qwen2.5-3B,real_b2,real,2,last,8,8,4,0.9209,0.9288,0.0079,-0.034,42,18
Qwen/Qwen2.5-3B,real_b2,real,2,last,8,16,4,0.9281,0.9251,-0.003,-0.0409,42,18
Qwen/Qwen2.5-3B,real_b2,real,2,last,8,2,5,0.5649,0.7958,0.2309,-0.0234,42,18
Qwen/Qwen2.5-3B,real_b2,real,2,last,8,3,5,0.6143,0.9172,0.3029,-0.0237,42,18
Qwen/Qwen2.5-3B,real_b2,real,2,last,8,5,5,0.8639,0.9232,0.0593,-0.0107,42,18
Qwen/Qwen2.5-3B,real_b2,real,2,last,8,8,5,0.9254,0.925,-0.0004,-0.021,42,18
Qwen/Qwen2.5-3B,real_b2,real,2,last,8,16,5,0.9285,0.9272,-0.0013,-0.0067,42,18
Qwen/Qwen2.5-3B,real_b2,real,2,last,12,2,0,0.5593,0.7235,0.1642,-0.0523,42,18
Qwen/Qwen2.5-3B,real_b2,real,2,last,12,3,0,0.6045,0.9035,0.299,-0.0682,42,18
Qwen/Qwen2.5-3B,real_b2,real,2,last,12,5,0,0.8577,0.909,0.0513,-0.0596,42,18
Qwen/Qwen2.5-3B,real_b2,real,2,last,12,8,0,0.9172,0.9232,0.006,-0.0715,42,18
Qwen/Qwen2.5-3B,real_b2,real,2,last,12,16,0,0.923,0.9217,-0.0013,-0.0832,42,18
Qwen/Qwen2.5-3B,real_b2,real,2,last,12,2,1,0.5476,0.6853,0.1377,0.0315,42,18
Qwen/Qwen2.5-3B,real_b2,real,2,last,12,3,1,0.6108,0.9072,0.2964,0.009,42,18
Qwen/Qwen2.5-3B,real_b2,real,2,last,12,5,1,0.848,0.9233,0.0753,0.0151,42,18
Qwen/Qwen2.5-3B,real_b2,real,2,last,12,8,1,0.9181,0.9254,0.0073,0.0118,42,18
Qwen/Qwen2.5-3B,real_b2,real,2,last,12,16,1,0.9259,0.9212,-0.0047,0.0042,42,18
Qwen/Qwen2.5-3B,real_b2,real,2,last,12,2,2,0.5426,0.7499,0.2073,0.0232,42,18
Qwen/Qwen2.5-3B,real_b2,real,2,last,12,3,2,0.6543,0.9077,0.2534,0.0019,42,18
Qwen/Qwen2.5-3B,real_b2,real,2,last,12,5,2,0.8331,0.9209,0.0878,-0.0002,42,18
Qwen/Qwen2.5-3B,real_b2,real,2,last,12,8,2,0.9179,0.924,0.0061,0.0093,42,18
Qwen/Qwen2.5-3B,real_b2,real,2,last,12,16,2,0.9289,0.9268,-0.0021,0.0172,42,18
Qwen/Qwen2.5-3B,real_b2,real,2,last,12,2,3,0.5848,0.7735,0.1886,-0.0541,42,18
Qwen/Qwen2.5-3B,real_b2,real,2,last,12,3,3,0.5884,0.912,0.3236,-0.046,42,18
Qwen/Qwen2.5-3B,real_b2,real,2,last,12,5,3,0.8626,0.9234,0.0608,-0.0491,42,18
Qwen/Qwen2.5-3B,real_b2,real,2,last,12,8,3,0.9173,0.9227,0.0053,-0.0424,42,18
Qwen/Qwen2.5-3B,real_b2,real,2,last,12,16,3,0.9248,0.9246,-0.0003,-0.0508,42,18
Qwen/Qwen2.5-3B,real_b2,real,2,last,12,2,4,0.6073,0.7397,0.1325,-0.0351,42,18
Qwen/Qwen2.5-3B,real_b2,real,2,last,12,3,4,0.6648,0.9025,0.2377,-0.0429,42,18
Qwen/Qwen2.5-3B,real_b2,real,2,last,12,5,4,0.8469,0.9255,0.0786,-0.0415,42,18
Qwen/Qwen2.5-3B,real_b2,real,2,last,12,8,4,0.9207,0.9237,0.003,-0.0483,42,18
Qwen/Qwen2.5-3B,real_b2,real,2,last,12,16,4,0.9282,0.9266,-0.0016,-0.0326,42,18
Qwen/Qwen2.5-3B,real_b2,real,2,last,12,2,5,0.5496,0.7545,0.2049,-0.0233,42,18
Qwen/Qwen2.5-3B,real_b2,real,2,last,12,3,5,0.5633,0.9139,0.3506,-0.0212,42,18
Qwen/Qwen2.5-3B,real_b2,real,2,last,12,5,5,0.8568,0.9253,0.0685,-0.0171,42,18
Qwen/Qwen2.5-3B,real_b2,real,2,last,12,8,5,0.9243,0.9259,0.0016,-0.0154,42,18
Qwen/Qwen2.5-3B,real_b2,real,2,last,12,16,5,0.9288,0.9265,-0.0022,-0.0273,42,18
Qwen/Qwen2.5-3B,real_b2,real,2,last,16,2,0,0.5856,0.813,0.2275,-0.0564,42,18
Qwen/Qwen2.5-3B,real_b2,real,2,last,16,3,0,0.6369,0.9029,0.266,-0.0666,42,18
Qwen/Qwen2.5-3B,real_b2,real,2,last,16,5,0,0.8558,0.919,0.0633,-0.0601,42,18
Qwen/Qwen2.5-3B,real_b2,real,2,last,16,8,0,0.9146,0.9244,0.0098,-0.0643,42,18
Qwen/Qwen2.5-3B,real_b2,real,2,last,16,16,0,0.9262,0.9251,-0.0011,-0.0643,42,18
Qwen/Qwen2.5-3B,real_b2,real,2,last,16,2,1,0.6435,0.7589,0.1154,0.0168,42,18
Qwen/Qwen2.5-3B,real_b2,real,2,last,16,3,1,0.5865,0.9027,0.3162,0.0167,42,18
Qwen/Qwen2.5-3B,real_b2,real,2,last,16,5,1,0.8543,0.9233,0.069,0.0199,42,18
Qwen/Qwen2.5-3B,real_b2,real,2,last,16,8,1,0.9197,0.9179,-0.0018,0.0172,42,18
Qwen/Qwen2.5-3B,real_b2,real,2,last,16,16,1,0.9261,0.9209,-0.0052,0.0008,42,18
Qwen/Qwen2.5-3B,real_b2,real,2,last,16,2,2,0.5274,0.7492,0.2218,-0.01,42,18
Qwen/Qwen2.5-3B,real_b2,real,2,last,16,3,2,0.6329,0.9049,0.272,0.0012,42,18
Qwen/Qwen2.5-3B,real_b2,real,2,last,16,5,2,0.8539,0.9177,0.0638,0.0047,42,18
Qwen/Qwen2.5-3B,real_b2,real,2,last,16,8,2,0.9191,0.922,0.0029,0.0069,42,18
Qwen/Qwen2.5-3B,real_b2,real,2,last,16,16,2,0.9261,0.9226,-0.0035,0.0007,42,18
Qwen/Qwen2.5-3B,real_b2,real,2,last,16,2,3,0.5415,0.5995,0.058,-0.0217,42,18
Qwen/Qwen2.5-3B,real_b2,real,2,last,16,3,3,0.6202,0.9097,0.2895,-0.0479,42,18
Qwen/Qwen2.5-3B,real_b2,real,2,last,16,5,3,0.8541,0.9203,0.0661,-0.0489,42,18
Qwen/Qwen2.5-3B,real_b2,real,2,last,16,8,3,0.9201,0.9247,0.0046,-0.0471,42,18
Qwen/Qwen2.5-3B,real_b2,real,2,last,16,16,3,0.925,0.9231,-0.0019,-0.0513,42,18
Qwen/Qwen2.5-3B,real_b2,real,2,last,16,2,4,0.5548,0.6821,0.1273,-0.0113,42,18
Qwen/Qwen2.5-3B,real_b2,real,2,last,16,3,4,0.7012,0.908,0.2068,-0.0335,42,18
Qwen/Qwen2.5-3B,real_b2,real,2,last,16,5,4,0.8414,0.925,0.0836,-0.0358,42,18
Qwen/Qwen2.5-3B,real_b2,real,2,last,16,8,4,0.9202,0.927,0.0068,-0.0394,42,18
Qwen/Qwen2.5-3B,real_b2,real,2,last,16,16,4,0.9298,0.9265,-0.0033,-0.0376,42,18
Qwen/Qwen2.5-3B,real_b2,real,2,last,16,2,5,0.5119,0.756,0.2441,-0.0152,42,18
Qwen/Qwen2.5-3B,real_b2,real,2,last,16,3,5,0.6668,0.9027,0.2359,-0.0224,42,18
Qwen/Qwen2.5-3B,real_b2,real,2,last,16,5,5,0.8466,0.9214,0.0748,-0.0123,42,18
Qwen/Qwen2.5-3B,real_b2,real,2,last,16,8,5,0.9224,0.9279,0.0055,-0.021,42,18
Qwen/Qwen2.5-3B,real_b2,real,2,last,16,16,5,0.9298,0.9245,-0.0053,-0.0276,42,18
Qwen/Qwen2.5-3B,real_b2,real,2,last,20,2,0,0.5607,0.7037,0.143,-0.0547,42,18
Qwen/Qwen2.5-3B,real_b2,real,2,last,20,3,0,0.562,0.8992,0.3372,-0.0702,42,18
Qwen/Qwen2.5-3B,real_b2,real,2,last,20,5,0,0.8549,0.9229,0.068,-0.068,42,18
Qwen/Qwen2.5-3B,real_b2,real,2,last,20,8,0,0.9176,0.923,0.0053,-0.0551,42,18
Qwen/Qwen2.5-3B,real_b2,real,2,last,20,16,0,0.9251,0.9231,-0.002,-0.0624,42,18
Qwen/Qwen2.5-3B,real_b2,real,2,last,20,2,1,0.5877,0.715,0.1273,0.0073,42,18
Qwen/Qwen2.5-3B,real_b2,real,2,last,20,3,1,0.5992,0.9001,0.3009,0.0049,42,18
Qwen/Qwen2.5-3B,real_b2,real,2,last,20,5,1,0.846,0.9203,0.0743,0.0111,42,18
Qwen/Qwen2.5-3B,real_b2,real,2,last,20,8,1,0.913,0.9234,0.0104,0.0265,42,18
Qwen/Qwen2.5-3B,real_b2,real,2,last,20,16,1,0.9288,0.92,-0.0088,0.016,42,18
Qwen/Qwen2.5-3B,real_b2,real,2,last,20,2,2,0.5735,0.7629,0.1894,-0.0163,42,18
Qwen/Qwen2.5-3B,real_b2,real,2,last,20,3,2,0.5835,0.8989,0.3154,0.0102,42,18
Qwen/Qwen2.5-3B,real_b2,real,2,last,20,5,2,0.8511,0.9217,0.0705,-0.0022,42,18
Qwen/Qwen2.5-3B,real_b2,real,2,last,20,8,2,0.9182,0.9243,0.006,0.0001,42,18
Qwen/Qwen2.5-3B,real_b2,real,2,last,20,16,2,0.9263,0.9233,-0.003,0.0026,42,18
Qwen/Qwen2.5-3B,real_b2,real,2,last,20,2,3,0.5986,0.7627,0.1641,-0.0338,42,18
Qwen/Qwen2.5-3B,real_b2,real,2,last,20,3,3,0.6569,0.9044,0.2475,-0.0467,42,18
Qwen/Qwen2.5-3B,real_b2,real,2,last,20,5,3,0.8658,0.9237,0.0579,-0.0478,42,18
Qwen/Qwen2.5-3B,real_b2,real,2,last,20,8,3,0.9184,0.9254,0.007,-0.0517,42,18
Qwen/Qwen2.5-3B,real_b2,real,2,last,20,16,3,0.9274,0.9247,-0.0027,-0.0648,42,18
Qwen/Qwen2.5-3B,real_b2,real,2,last,20,2,4,0.5177,0.807,0.2893,-0.0493,42,18
Qwen/Qwen2.5-3B,real_b2,real,2,last,20,3,4,0.6414,0.9017,0.2603,-0.0575,42,18
Qwen/Qwen2.5-3B,real_b2,real,2,last,20,5,4,0.851,0.9236,0.0726,-0.0363,42,18
Qwen/Qwen2.5-3B,real_b2,real,2,last,20,8,4,0.9216,0.9248,0.0031,-0.0447,42,18
Qwen/Qwen2.5-3B,real_b2,real,2,last,20,16,4,0.9267,0.9257,-0.001,-0.0315,42,18
Qwen/Qwen2.5-3B,real_b2,real,2,last,20,2,5,0.5923,0.7523,0.16,-0.0171,42,18
Qwen/Qwen2.5-3B,real_b2,real,2,last,20,3,5,0.6538,0.898,0.2443,-0.0238,42,18
Qwen/Qwen2.5-3B,real_b2,real,2,last,20,5,5,0.8434,0.9255,0.0821,-0.0119,42,18
Qwen/Qwen2.5-3B,real_b2,real,2,last,20,8,5,0.9166,0.9253,0.0087,-0.0205,42,18
Qwen/Qwen2.5-3B,real_b2,real,2,last,20,16,5,0.93,0.9267,-0.0033,-0.0147,42,18
Qwen/Qwen2.5-3B,real_b2,real,2,last,24,2,0,0.5619,0.8089,0.247,-0.0575,42,18
Qwen/Qwen2.5-3B,real_b2,real,2,last,24,3,0,0.6411,0.905,0.2638,-0.063,42,18
Qwen/Qwen2.5-3B,real_b2,real,2,last,24,5,0,0.8266,0.9165,0.0899,-0.0456,42,18
Qwen/Qwen2.5-3B,real_b2,real,2,last,24,8,0,0.9146,0.9183,0.0037,-0.0732,42,18
Qwen/Qwen2.5-3B,real_b2,real,2,last,24,16,0,0.9246,0.9235,-0.0011,-0.0687,42,18
Qwen/Qwen2.5-3B,real_b2,real,2,last,24,2,1,0.5336,0.644,0.1105,0.0246,42,18
Qwen/Qwen2.5-3B,real_b2,real,2,last,24,3,1,0.7104,0.8962,0.1858,0.0347,42,18
Qwen/Qwen2.5-3B,real_b2,real,2,last,24,5,1,0.8324,0.9107,0.0782,0.0179,42,18
Qwen/Qwen2.5-3B,real_b2,real,2,last,24,8,1,0.9145,0.9217,0.0072,0.0199,42,18
Qwen/Qwen2.5-3B,real_b2,real,2,last,24,16,1,0.9252,0.9183,-0.0069,0.0259,42,18
Qwen/Qwen2.5-3B,real_b2,real,2,last,24,2,2,0.6635,0.7128,0.0492,0.0229,42,18
Qwen/Qwen2.5-3B,real_b2,real,2,last,24,3,2,0.5877,0.8993,0.3116,0.0024,42,18
Qwen/Qwen2.5-3B,real_b2,real,2,last,24,5,2,0.8289,0.9152,0.0863,0.0053,42,18
Qwen/Qwen2.5-3B,real_b2,real,2,last,24,8,2,0.9187,0.9231,0.0044,-0.002,42,18
Qwen/Qwen2.5-3B,real_b2,real,2,last,24,16,2,0.9252,0.921,-0.0043,0.009,42,18
Qwen/Qwen2.5-3B,real_b2,real,2,last,24,2,3,0.6182,0.7798,0.1616,-0.0275,42,18
Qwen/Qwen2.5-3B,real_b2,real,2,last,24,3,3,0.6409,0.8988,0.2579,-0.0309,42,18
Qwen/Qwen2.5-3B,real_b2,real,2,last,24,5,3,0.8172,0.9147,0.0976,-0.04,42,18
Qwen/Qwen2.5-3B,real_b2,real,2,last,24,8,3,0.919,0.9206,0.0016,-0.0529,42,18
Qwen/Qwen2.5-3B,real_b2,real,2,last,24,16,3,0.9256,0.9217,-0.004,-0.0327,42,18
Qwen/Qwen2.5-3B,real_b2,real,2,last,24,2,4,0.5109,0.6868,0.1759,-0.0277,42,18
Qwen/Qwen2.5-3B,real_b2,real,2,last,24,3,4,0.6077,0.8772,0.2695,-0.0327,42,18
Qwen/Qwen2.5-3B,real_b2,real,2,last,24,5,4,0.8276,0.9187,0.0911,-0.0384,42,18
Qwen/Qwen2.5-3B,real_b2,real,2,last,24,8,4,0.9184,0.9237,0.0053,-0.0424,42,18
Qwen/Qwen2.5-3B,real_b2,real,2,last,24,16,4,0.9297,0.9252,-0.0045,-0.0455,42,18
Qwen/Qwen2.5-3B,real_b2,real,2,last,24,2,5,0.5924,0.7544,0.162,-0.0196,42,18
Qwen/Qwen2.5-3B,real_b2,real,2,last,24,3,5,0.513,0.8832,0.3702,-0.0082,42,18
Qwen/Qwen2.5-3B,real_b2,real,2,last,24,5,5,0.8367,0.9178,0.0811,-0.0333,42,18
Qwen/Qwen2.5-3B,real_b2,real,2,last,24,8,5,0.9199,0.9268,0.0069,-0.0221,42,18
Qwen/Qwen2.5-3B,real_b2,real,2,last,24,16,5,0.9263,0.9223,-0.004,-0.0149,42,18
Qwen/Qwen2.5-3B,real_b2,real,2,last,28,2,0,0.5322,0.7256,0.1934,-0.0631,42,18
Qwen/Qwen2.5-3B,real_b2,real,2,last,28,3,0,0.6042,0.8829,0.2787,-0.049,42,18
Qwen/Qwen2.5-3B,real_b2,real,2,last,28,5,0,0.8075,0.9126,0.1051,-0.055,42,18
Qwen/Qwen2.5-3B,real_b2,real,2,last,28,8,0,0.91,0.9173,0.0073,-0.07,42,18
Qwen/Qwen2.5-3B,real_b2,real,2,last,28,16,0,0.9241,0.9143,-0.0099,-0.0623,42,18
Qwen/Qwen2.5-3B,real_b2,real,2,last,28,2,1,0.6036,0.771,0.1674,0.0032,42,18
Qwen/Qwen2.5-3B,real_b2,real,2,last,28,3,1,0.6037,0.8781,0.2744,0.0132,42,18
Qwen/Qwen2.5-3B,real_b2,real,2,last,28,5,1,0.8201,0.91,0.0898,0.0191,42,18
Qwen/Qwen2.5-3B,real_b2,real,2,last,28,8,1,0.8942,0.9087,0.0146,0.0196,42,18
Qwen/Qwen2.5-3B,real_b2,real,2,last,28,16,1,0.9223,0.9163,-0.006,0.0061,42,18
Qwen/Qwen2.5-3B,real_b2,real,2,last,28,2,2,0.6022,0.7079,0.1057,0.0106,42,18
Qwen/Qwen2.5-3B,real_b2,real,2,last,28,3,2,0.5143,0.8935,0.3792,0.0057,42,18
Qwen/Qwen2.5-3B,real_b2,real,2,last,28,5,2,0.8307,0.9096,0.0789,-0.0057,42,18
Qwen/Qwen2.5-3B,real_b2,real,2,last,28,8,2,0.9072,0.9197,0.0125,0.0008,42,18
Qwen/Qwen2.5-3B,real_b2,real,2,last,28,16,2,0.9246,0.9203,-0.0043,0.0117,42,18
Qwen/Qwen2.5-3B,real_b2,real,2,last,28,2,3,0.6019,0.6288,0.027,-0.0486,42,18
Qwen/Qwen2.5-3B,real_b2,real,2,last,28,3,3,0.6408,0.8875,0.2467,-0.0466,42,18
Qwen/Qwen2.5-3B,real_b2,real,2,last,28,5,3,0.8114,0.9197,0.1083,-0.0448,42,18
Qwen/Qwen2.5-3B,real_b2,real,2,last,28,8,3,0.9138,0.9144,0.0006,-0.0564,42,18
Qwen/Qwen2.5-3B,real_b2,real,2,last,28,16,3,0.9239,0.9188,-0.0051,-0.0417,42,18
Qwen/Qwen2.5-3B,real_b2,real,2,last,28,2,4,0.5546,0.709,0.1544,-0.0295,42,18
Qwen/Qwen2.5-3B,real_b2,real,2,last,28,3,4,0.5272,0.8931,0.3659,-0.0297,42,18
Qwen/Qwen2.5-3B,real_b2,real,2,last,28,5,4,0.8046,0.9154,0.1109,-0.0209,42,18
Qwen/Qwen2.5-3B,real_b2,real,2,last,28,8,4,0.9042,0.9172,0.013,-0.028,42,18
Qwen/Qwen2.5-3B,real_b2,real,2,last,28,16,4,0.9217,0.9209,-0.0008,-0.0228,42,18
Qwen/Qwen2.5-3B,real_b2,real,2,last,28,2,5,0.4982,0.6838,0.1856,-0.015,42,18
Qwen/Qwen2.5-3B,real_b2,real,2,last,28,3,5,0.5349,0.8868,0.3519,-0.0123,42,18
Qwen/Qwen2.5-3B,real_b2,real,2,last,28,5,5,0.8329,0.9098,0.0769,-0.0165,42,18
Qwen/Qwen2.5-3B,real_b2,real,2,last,28,8,5,0.9127,0.9146,0.002,-0.0237,42,18
Qwen/Qwen2.5-3B,real_b2,real,2,last,28,16,5,0.9265,0.9192,-0.0073,-0.014,42,18
Qwen/Qwen2.5-3B,real_b2,real,2,last,32,2,0,0.557,0.7516,0.1946,-0.0394,42,18
Qwen/Qwen2.5-3B,real_b2,real,2,last,32,3,0,0.5985,0.8596,0.2611,-0.0743,42,18
Qwen/Qwen2.5-3B,real_b2,real,2,last,32,5,0,0.8196,0.8934,0.0737,-0.067,42,18
Qwen/Qwen2.5-3B,real_b2,real,2,last,32,8,0,0.897,0.9081,0.011,-0.0689,42,18
Qwen/Qwen2.5-3B,real_b2,real,2,last,32,16,0,0.9136,0.9148,0.0012,-0.0698,42,18
Qwen/Qwen2.5-3B,real_b2,real,2,last,32,2,1,0.5285,0.6875,0.159,0.0048,42,18
Qwen/Qwen2.5-3B,real_b2,real,2,last,32,3,1,0.5771,0.87,0.2929,0.0171,42,18
Qwen/Qwen2.5-3B,real_b2,real,2,last,32,5,1,0.7877,0.8922,0.1046,0.0038,42,18
Qwen/Qwen2.5-3B,real_b2,real,2,last,32,8,1,0.8911,0.8981,0.007,0.0159,42,18
Qwen/Qwen2.5-3B,real_b2,real,2,last,32,16,1,0.9111,0.9083,-0.0028,0.0114,42,18
Qwen/Qwen2.5-3B,real_b2,real,2,last,32,2,2,0.4717,0.753,0.2813,-0.0044,42,18
Qwen/Qwen2.5-3B,real_b2,real,2,last,32,3,2,0.585,0.8958,0.3108,0.0141,42,18
Qwen/Qwen2.5-3B,real_b2,real,2,last,32,5,2,0.8118,0.9146,0.1028,0.0084,42,18
Qwen/Qwen2.5-3B,real_b2,real,2,last,32,8,2,0.9119,0.9182,0.0063,0.0129,42,18
Qwen/Qwen2.5-3B,real_b2,real,2,last,32,16,2,0.9222,0.9203,-0.0019,0.0049,42,18
Qwen/Qwen2.5-3B,real_b2,real,2,last,32,2,3,0.5192,0.7386,0.2194,-0.0535,42,18
Qwen/Qwen2.5-3B,real_b2,real,2,last,32,3,3,0.5752,0.8813,0.3061,-0.0426,42,18
Qwen/Qwen2.5-3B,real_b2,real,2,last,32,5,3,0.8268,0.9093,0.0825,-0.0632,42,18
Qwen/Qwen2.5-3B,real_b2,real,2,last,32,8,3,0.8958,0.9093,0.0135,-0.0591,42,18
Qwen/Qwen2.5-3B,real_b2,real,2,last,32,16,3,0.9195,0.9188,-0.0008,-0.0455,42,18
Qwen/Qwen2.5-3B,real_b2,real,2,last,32,2,4,0.5657,0.7136,0.1479,-0.0304,42,18
Qwen/Qwen2.5-3B,real_b2,real,2,last,32,3,4,0.5632,0.8567,0.2935,-0.0284,42,18
Qwen/Qwen2.5-3B,real_b2,real,2,last,32,5,4,0.8127,0.8868,0.0741,-0.0247,42,18
Qwen/Qwen2.5-3B,real_b2,real,2,last,32,8,4,0.892,0.9002,0.0082,-0.0353,42,18
Qwen/Qwen2.5-3B,real_b2,real,2,last,32,16,4,0.9154,0.901,-0.0144,-0.0298,42,18
Qwen/Qwen2.5-3B,real_b2,real,2,last,32,2,5,0.5416,0.651,0.1095,-0.0146,42,18
Qwen/Qwen2.5-3B,real_b2,real,2,last,32,3,5,0.5617,0.8787,0.317,-0.0202,42,18
Qwen/Qwen2.5-3B,real_b2,real,2,last,32,5,5,0.8073,0.9028,0.0954,-0.0284,42,18
Qwen/Qwen2.5-3B,real_b2,real,2,last,32,8,5,0.9022,0.9108,0.0086,-0.0316,42,18
Qwen/Qwen2.5-3B,real_b2,real,2,last,32,16,5,0.9176,0.9147,-0.0029,-0.0176,42,18
Qwen/Qwen2.5-3B,real_b2,real,2,last,36,2,0,0.4764,0.6668,0.1904,-0.0699,42,18
Qwen/Qwen2.5-3B,real_b2,real,2,last,36,3,0,0.5146,0.7718,0.2572,-0.0752,42,18
Qwen/Qwen2.5-3B,real_b2,real,2,last,36,5,0,0.7381,0.8196,0.0815,-0.0864,42,18
Qwen/Qwen2.5-3B,real_b2,real,2,last,36,8,0,0.8421,0.8511,0.0089,-0.072,42,18
Qwen/Qwen2.5-3B,real_b2,real,2,last,36,16,0,0.8709,0.8674,-0.0036,-0.0969,42,18
Qwen/Qwen2.5-3B,real_b2,real,2,last,36,2,1,0.4429,0.6449,0.2021,0.0002,42,18
Qwen/Qwen2.5-3B,real_b2,real,2,last,36,3,1,0.5705,0.8026,0.2321,-0.0076,42,18
Qwen/Qwen2.5-3B,real_b2,real,2,last,36,5,1,0.7152,0.822,0.1068,-0.0034,42,18
Qwen/Qwen2.5-3B,real_b2,real,2,last,36,8,1,0.7989,0.8402,0.0413,0.001,42,18
Qwen/Qwen2.5-3B,real_b2,real,2,last,36,16,1,0.8508,0.8532,0.0024,0.003,42,18
Qwen/Qwen2.5-3B,real_b2,real,2,last,36,2,2,0.4739,0.7116,0.2377,0.0041,42,18
Qwen/Qwen2.5-3B,real_b2,real,2,last,36,3,2,0.5694,0.7822,0.2127,0.0133,42,18
Qwen/Qwen2.5-3B,real_b2,real,2,last,36,5,2,0.775,0.844,0.069,0.0159,42,18
Qwen/Qwen2.5-3B,real_b2,real,2,last,36,8,2,0.8562,0.8774,0.0212,0.0056,42,18
Qwen/Qwen2.5-3B,real_b2,real,2,last,36,16,2,0.8762,0.8795,0.0033,0.004,42,18
Qwen/Qwen2.5-3B,real_b2,real,2,last,36,2,3,0.4139,0.6536,0.2397,0.0012,42,18
Qwen/Qwen2.5-3B,real_b2,real,2,last,36,3,3,0.4521,0.8078,0.3557,-0.0447,42,18
Qwen/Qwen2.5-3B,real_b2,real,2,last,36,5,3,0.7487,0.8324,0.0837,-0.0505,42,18
Qwen/Qwen2.5-3B,real_b2,real,2,last,36,8,3,0.8376,0.8612,0.0236,-0.0602,42,18
Qwen/Qwen2.5-3B,real_b2,real,2,last,36,16,3,0.865,0.8601,-0.0049,-0.0554,42,18
Qwen/Qwen2.5-3B,real_b2,real,2,last,36,2,4,0.523,0.6689,0.1459,-0.0567,42,18
Qwen/Qwen2.5-3B,real_b2,real,2,last,36,3,4,0.5587,0.797,0.2382,-0.0162,42,18
Qwen/Qwen2.5-3B,real_b2,real,2,last,36,5,4,0.7376,0.8306,0.093,-0.043,42,18
Qwen/Qwen2.5-3B,real_b2,real,2,last,36,8,4,0.8491,0.8604,0.0113,-0.0326,42,18
Qwen/Qwen2.5-3B,real_b2,real,2,last,36,16,4,0.8621,0.859,-0.0031,-0.0204,42,18
Qwen/Qwen2.5-3B,real_b2,real,2,last,36,2,5,0.553,0.7143,0.1613,0.005,42,18
Qwen/Qwen2.5-3B,real_b2,real,2,last,36,3,5,0.5159,0.8129,0.297,-0.0114,42,18
Qwen/Qwen2.5-3B,real_b2,real,2,last,36,5,5,0.7357,0.8734,0.1376,-0.012,42,18
Qwen/Qwen2.5-3B,real_b2,real,2,last,36,8,5,0.8703,0.8849,0.0146,-0.0081,42,18
Qwen/Qwen2.5-3B,real_b2,real,2,last,36,16,5,0.891,0.8954,0.0044,-0.0083,42,18
