model,arm,naming,branching,role,layer,dim,seed,rho_cond_euc,rho_hyp,delta,shuffle_rho_hyp,n_train,n_val
Qwen/Qwen2.5-14B,fictional_b1,fictional,1,premise,0,2,0,-0.0095,-0.0095,0.0,0.0168,42,18
Qwen/Qwen2.5-14B,fictional_b1,fictional,1,premise,0,3,0,-0.0095,-0.0095,0.0,0.0168,42,18
Qwen/Qwen2.5-14B,fictional_b1,fictional,1,premise,0,5,0,-0.0095,-0.0095,0.0,0.0168,42,18
Qwen/Qwen2.5-14B,fictional_b1,fictional,1,premise,0,8,0,-0.0095,0.0157,0.0252,0.0103,42,18
Qwen/Qwen2.5-14B,fictional_b1,fictional,1,premise,0,16,0,-0.0095,-0.0095,0.0,0.0103,42,18
Qwen/Qwen2.5-14B,fictional_b1,fictional,1,premise,0,2,1,0.0445,0.0445,0.0,-0.0206,42,18
Qwen/Qwen2.5-14B,fictional_b1,fictional,1,premise,0,3,1,0.0445,0.0445,0.0,-0.0206,42,18
Qwen/Qwen2.5-14B,fictional_b1,fictional,1,premise,0,5,1,0.0445,0.0445,0.0,-0.0206,42,18
Qwen/Qwen2.5-14B,fictional_b1,fictional,1,premise,0,8,1,0.0445,0.0839,0.0395,-0.0143,42,18
Qwen/Qwen2.5-14B,fictional_b1,fictional,1,premise,0,16,1,0.0445,0.0445,0.0,-0.0058,42,18
Qwen/Qwen2.5-14B,fictional_b1,fictional,1,premise,0,2,2,0.0225,0.0225,0.0,-0.0313,42,18
Qwen/Qwen2.5-14B,fictional_b1,fictional,1,premise,0,3,2,0.0225,0.0225,0.0,-0.0313,42,18
Qwen/Qwen2.5-14B,fictional_b1,fictional,1,premise,0,5,2,0.0225,0.0225,0.0,-0.0313,42,18
Qwen/Qwen2.5-14B,fictional_b1,fictional,1,premise,0,8,2,0.0225,0.0523,0.0297,-0.0276,42,18
Qwen/Qwen2.5-14B,fictional_b1,fictional,1,premise,0,16,2,0.0225,0.0523,0.0297,-0.0313,42,18
Qwen/Qwen2.5-14B,fictional_b1,fictional,1,premise,0,2,3,0.0242,0.0242,0.0,0.0376,42,18
Qwen/Qwen2.5-14B,fictional_b1,fictional,1,premise,0,3,3,0.0242,0.0242,0.0,0.0376,42,18
Qwen/Qwen2.5-14B,fictional_b1,fictional,1,premise,0,5,3,0.0242,0.0242,0.0,0.0376,42,18
Qwen/Qwen2.5-14B,fictional_b1,fictional,1,premise,0,8,3,0.0242,0.0242,0.0,0.0376,42,18
Qwen/Qwen2.5-14B,fictional_b1,fictional,1,premise,0,16,3,0.0242,0.0242,0.0,0.0376,42,18
Qwen/Qwen2.5-14B,fictional_b1,fictional,1,premise,0,2,4,0.0291,0.074,0.0449,-0.0183,42,18
Qwen/Qwen2.5-14B,fictional_b1,fictional,1,premise,0,3,4,0.0291,0.0291,0.0,-0.0175,42,18
Qwen/Qwen2.5-14B,fictional_b1,fictional,1,premise,0,5,4,0.0291,0.0291,0.0,-0.0175,42,18
Qwen/Qwen2.5-14B,fictional_b1,fictional,1,premise,0,8,4,0.0291,0.0291,0.0,-0.0203,42,18
Qwen/Qwen2.5-14B,fictional_b1,fictional,1,premise,0,16,4,0.0291,0.074,0.0449,-0.0183,42,18
Qwen/Qwen2.5-14B,fictional_b1,fictional,1,premise,0,2,5,0.028,0.0835,0.0555,0.0272,42,18
Qwen/Qwen2.5-14B,fictional_b1,fictional,1,premise,0,3,5,0.028,0.028,0.0,0.0286,42,18
Qwen/Qwen2.5-14B,fictional_b1,fictional,1,premise,0,5,5,0.028,0.028,0.0,0.0286,42,18
Qwen/Qwen2.5-14B,fictional_b1,fictional,1,premise,0,8,5,0.028,0.0496,0.0216,0.0285,42,18
Qwen/Qwen2.5-14B,fictional_b1,fictional,1,premise,0,16,5,0.028,0.0835,0.0555,0.0272,42,18
Qwen/Qwen2.5-14B,fictional_b1,fictional,1,premise,4,2,0,0.0516,0.0176,-0.0339,0.011,42,18
Qwen/Qwen2.5-14B,fictional_b1,fictional,1,premise,4,3,0,0.0161,0.0553,0.0391,-0.0094,42,18
Qwen/Qwen2.5-14B,fictional_b1,fictional,1,premise,4,5,0,-0.0086,0.0567,0.0653,0.0165,42,18
Qwen/Qwen2.5-14B,fictional_b1,fictional,1,premise,4,8,0,0.0151,0.0675,0.0524,0.026,42,18
Qwen/Qwen2.5-14B,fictional_b1,fictional,1,premise,4,16,0,0.0735,0.1018,0.0283,0.0502,42,18
Qwen/Qwen2.5-14B,fictional_b1,fictional,1,premise,4,2,1,-0.0239,0.028,0.0519,-0.0104,42,18
Qwen/Qwen2.5-14B,fictional_b1,fictional,1,premise,4,3,1,-0.038,-0.0234,0.0145,0.0046,42,18
Qwen/Qwen2.5-14B,fictional_b1,fictional,1,premise,4,5,1,-0.0393,0.0646,0.1039,0.014,42,18
Qwen/Qwen2.5-14B,fictional_b1,fictional,1,premise,4,8,1,-0.0301,0.1321,0.1622,-0.0268,42,18
Qwen/Qwen2.5-14B,fictional_b1,fictional,1,premise,4,16,1,0.0905,0.0873,-0.0032,0.0188,42,18
Qwen/Qwen2.5-14B,fictional_b1,fictional,1,premise,4,2,2,0.0219,0.0092,-0.0127,0.0039,42,18
Qwen/Qwen2.5-14B,fictional_b1,fictional,1,premise,4,3,2,-0.0204,-0.0007,0.0197,0.0399,42,18
Qwen/Qwen2.5-14B,fictional_b1,fictional,1,premise,4,5,2,-0.0241,0.0137,0.0378,0.0048,42,18
Qwen/Qwen2.5-14B,fictional_b1,fictional,1,premise,4,8,2,0.0214,0.143,0.1216,0.0312,42,18
Qwen/Qwen2.5-14B,fictional_b1,fictional,1,premise,4,16,2,0.0593,0.088,0.0286,-0.0152,42,18
Qwen/Qwen2.5-14B,fictional_b1,fictional,1,premise,4,2,3,0.0016,0.0375,0.0359,-0.0037,42,18
Qwen/Qwen2.5-14B,fictional_b1,fictional,1,premise,4,3,3,-0.0192,-0.0059,0.0133,0.0204,42,18
Qwen/Qwen2.5-14B,fictional_b1,fictional,1,premise,4,5,3,-0.0326,0.0454,0.078,-0.0033,42,18
Qwen/Qwen2.5-14B,fictional_b1,fictional,1,premise,4,8,3,-0.0372,0.0826,0.1198,-0.0249,42,18
Qwen/Qwen2.5-14B,fictional_b1,fictional,1,premise,4,16,3,0.0604,0.0555,-0.0049,0.0042,42,18
Qwen/Qwen2.5-14B,fictional_b1,fictional,1,premise,4,2,4,-0.0081,0.023,0.0311,0.0286,42,18
Qwen/Qwen2.5-14B,fictional_b1,fictional,1,premise,4,3,4,0.0274,0.0012,-0.0262,-0.0246,42,18
Qwen/Qwen2.5-14B,fictional_b1,fictional,1,premise,4,5,4,0.0196,0.0213,0.0017,0.0106,42,18
Qwen/Qwen2.5-14B,fictional_b1,fictional,1,premise,4,8,4,-0.0086,0.113,0.1216,0.0096,42,18
Qwen/Qwen2.5-14B,fictional_b1,fictional,1,premise,4,16,4,0.0833,0.0828,-0.0005,0.0036,42,18
Qwen/Qwen2.5-14B,fictional_b1,fictional,1,premise,4,2,5,0.014,0.0154,0.0014,0.0048,42,18
Qwen/Qwen2.5-14B,fictional_b1,fictional,1,premise,4,3,5,0.0439,0.0319,-0.012,0.0116,42,18
Qwen/Qwen2.5-14B,fictional_b1,fictional,1,premise,4,5,5,0.0437,0.0829,0.0392,0.0355,42,18
Qwen/Qwen2.5-14B,fictional_b1,fictional,1,premise,4,8,5,0.0602,0.0652,0.005,-0.0069,42,18
Qwen/Qwen2.5-14B,fictional_b1,fictional,1,premise,4,16,5,0.0779,0.0043,-0.0736,-0.0032,42,18
Qwen/Qwen2.5-14B,fictional_b1,fictional,1,premise,8,2,0,0.0016,-0.0301,-0.0317,-0.0201,42,18
Qwen/Qwen2.5-14B,fictional_b1,fictional,1,premise,8,3,0,-0.0057,0.0445,0.0502,-0.0096,42,18
Qwen/Qwen2.5-14B,fictional_b1,fictional,1,premise,8,5,0,-0.0296,0.0907,0.1203,0.0072,42,18
Qwen/Qwen2.5-14B,fictional_b1,fictional,1,premise,8,8,0,-0.0148,0.1122,0.127,0.0097,42,18
Qwen/Qwen2.5-14B,fictional_b1,fictional,1,premise,8,16,0,0.0322,0.0806,0.0483,0.0061,42,18
Qwen/Qwen2.5-14B,fictional_b1,fictional,1,premise,8,2,1,0.028,0.0042,-0.0238,0.0252,42,18
Qwen/Qwen2.5-14B,fictional_b1,fictional,1,premise,8,3,1,0.0066,0.0232,0.0166,0.0135,42,18
Qwen/Qwen2.5-14B,fictional_b1,fictional,1,premise,8,5,1,0.0472,0.1267,0.0795,-0.0357,42,18
Qwen/Qwen2.5-14B,fictional_b1,fictional,1,premise,8,8,1,0.0204,0.1022,0.0819,-0.0341,42,18
Qwen/Qwen2.5-14B,fictional_b1,fictional,1,premise,8,16,1,0.1106,0.0737,-0.037,-0.035,42,18
Qwen/Qwen2.5-14B,fictional_b1,fictional,1,premise,8,2,2,0.0401,0.0739,0.0338,-0.0223,42,18
Qwen/Qwen2.5-14B,fictional_b1,fictional,1,premise,8,3,2,0.0004,0.0065,0.006,-0.0263,42,18
Qwen/Qwen2.5-14B,fictional_b1,fictional,1,premise,8,5,2,0.0077,0.0718,0.0641,-0.0018,42,18
Qwen/Qwen2.5-14B,fictional_b1,fictional,1,premise,8,8,2,0.0597,0.0808,0.0211,0.0789,42,18
Qwen/Qwen2.5-14B,fictional_b1,fictional,1,premise,8,16,2,0.0689,0.0901,0.0212,-0.0056,42,18
Qwen/Qwen2.5-14B,fictional_b1,fictional,1,premise,8,2,3,-0.0165,-0.0282,-0.0117,0.0123,42,18
Qwen/Qwen2.5-14B,fictional_b1,fictional,1,premise,8,3,3,-0.0298,-0.0154,0.0144,-0.016,42,18
Qwen/Qwen2.5-14B,fictional_b1,fictional,1,premise,8,5,3,-0.0097,0.0749,0.0846,-0.0146,42,18
Qwen/Qwen2.5-14B,fictional_b1,fictional,1,premise,8,8,3,-0.0148,0.0767,0.0915,-0.0164,42,18
Qwen/Qwen2.5-14B,fictional_b1,fictional,1,premise,8,16,3,0.0744,0.1278,0.0534,0.0137,42,18
Qwen/Qwen2.5-14B,fictional_b1,fictional,1,premise,8,2,4,-0.0274,-0.0357,-0.0083,0.0052,42,18
Qwen/Qwen2.5-14B,fictional_b1,fictional,1,premise,8,3,4,-0.0142,0.0364,0.0506,-0.0037,42,18
Qwen/Qwen2.5-14B,fictional_b1,fictional,1,premise,8,5,4,0.026,0.0819,0.0559,-0.0292,42,18
Qwen/Qwen2.5-14B,fictional_b1,fictional,1,premise,8,8,4,0.0183,0.0813,0.063,-0.0121,42,18
Qwen/Qwen2.5-14B,fictional_b1,fictional,1,premise,8,16,4,0.0534,0.0518,-0.0016,0.0188,42,18
Qwen/Qwen2.5-14B,fictional_b1,fictional,1,premise,8,2,5,-0.0012,0.0378,0.0391,-0.0336,42,18
Qwen/Qwen2.5-14B,fictional_b1,fictional,1,premise,8,3,5,-0.0345,0.0112,0.0457,-0.0044,42,18
Qwen/Qwen2.5-14B,fictional_b1,fictional,1,premise,8,5,5,-0.0082,0.04,0.0482,-0.0398,42,18
Qwen/Qwen2.5-14B,fictional_b1,fictional,1,premise,8,8,5,0.0058,0.1316,0.1258,0.0354,42,18
Qwen/Qwen2.5-14B,fictional_b1,fictional,1,premise,8,16,5,0.0589,-0.0265,-0.0854,-0.0004,42,18
Qwen/Qwen2.5-14B,fictional_b1,fictional,1,premise,12,2,0,0.0402,0.0048,-0.0355,0.0124,42,18
Qwen/Qwen2.5-14B,fictional_b1,fictional,1,premise,12,3,0,0.0142,0.0148,0.0006,-0.0004,42,18
Qwen/Qwen2.5-14B,fictional_b1,fictional,1,premise,12,5,0,-0.0177,0.0527,0.0704,0.0437,42,18
Qwen/Qwen2.5-14B,fictional_b1,fictional,1,premise,12,8,0,0.0333,0.0906,0.0573,0.0237,42,18
Qwen/Qwen2.5-14B,fictional_b1,fictional,1,premise,12,16,0,0.0854,0.0747,-0.0106,-0.0144,42,18
Qwen/Qwen2.5-14B,fictional_b1,fictional,1,premise,12,2,1,0.019,0.0104,-0.0085,-0.0157,42,18
Qwen/Qwen2.5-14B,fictional_b1,fictional,1,premise,12,3,1,0.0081,0.0018,-0.0063,0.0044,42,18
Qwen/Qwen2.5-14B,fictional_b1,fictional,1,premise,12,5,1,0.0202,0.1043,0.0841,0.0076,42,18
Qwen/Qwen2.5-14B,fictional_b1,fictional,1,premise,12,8,1,0.0294,0.0898,0.0604,0.0376,42,18
Qwen/Qwen2.5-14B,fictional_b1,fictional,1,premise,12,16,1,0.0727,0.0407,-0.032,0.0065,42,18
Qwen/Qwen2.5-14B,fictional_b1,fictional,1,premise,12,2,2,0.0192,-0.0077,-0.0268,-0.0067,42,18
Qwen/Qwen2.5-14B,fictional_b1,fictional,1,premise,12,3,2,0.0061,0.0066,0.0005,-0.0423,42,18
Qwen/Qwen2.5-14B,fictional_b1,fictional,1,premise,12,5,2,-0.0189,0.0734,0.0922,0.0116,42,18
Qwen/Qwen2.5-14B,fictional_b1,fictional,1,premise,12,8,2,0.0108,0.0759,0.0651,-0.0465,42,18
Qwen/Qwen2.5-14B,fictional_b1,fictional,1,premise,12,16,2,0.0703,0.0692,-0.0011,0.0243,42,18
Qwen/Qwen2.5-14B,fictional_b1,fictional,1,premise,12,2,3,-0.0406,0.0267,0.0673,0.0122,42,18
Qwen/Qwen2.5-14B,fictional_b1,fictional,1,premise,12,3,3,-0.0392,0.0122,0.0514,0.0134,42,18
Qwen/Qwen2.5-14B,fictional_b1,fictional,1,premise,12,5,3,-0.0521,0.1259,0.178,0.0231,42,18
Qwen/Qwen2.5-14B,fictional_b1,fictional,1,premise,12,8,3,-0.026,0.1005,0.1265,-0.0198,42,18
Qwen/Qwen2.5-14B,fictional_b1,fictional,1,premise,12,16,3,0.0209,0.1238,0.1029,0.0093,42,18
Qwen/Qwen2.5-14B,fictional_b1,fictional,1,premise,12,2,4,0.0115,0.0349,0.0234,0.0235,42,18
Qwen/Qwen2.5-14B,fictional_b1,fictional,1,premise,12,3,4,-0.0009,0.0458,0.0467,-0.0142,42,18
Qwen/Qwen2.5-14B,fictional_b1,fictional,1,premise,12,5,4,0.0075,0.0197,0.0123,0.001,42,18
Qwen/Qwen2.5-14B,fictional_b1,fictional,1,premise,12,8,4,-0.0584,0.0757,0.1341,0.005,42,18
Qwen/Qwen2.5-14B,fictional_b1,fictional,1,premise,12,16,4,0.0635,-0.0241,-0.0876,0.0047,42,18
Qwen/Qwen2.5-14B,fictional_b1,fictional,1,premise,12,2,5,0.0095,0.0221,0.0126,0.0432,42,18
Qwen/Qwen2.5-14B,fictional_b1,fictional,1,premise,12,3,5,0.0048,0.0378,0.0331,0.0372,42,18
Qwen/Qwen2.5-14B,fictional_b1,fictional,1,premise,12,5,5,0.0046,0.1065,0.1019,0.02,42,18
Qwen/Qwen2.5-14B,fictional_b1,fictional,1,premise,12,8,5,0.006,0.1466,0.1407,0.0137,42,18
Qwen/Qwen2.5-14B,fictional_b1,fictional,1,premise,12,16,5,0.0752,0.0399,-0.0353,-0.0359,42,18
Qwen/Qwen2.5-14B,fictional_b1,fictional,1,premise,16,2,0,0.0054,-0.057,-0.0624,-0.0074,42,18
Qwen/Qwen2.5-14B,fictional_b1,fictional,1,premise,16,3,0,-0.0166,0.0017,0.0183,-0.0329,42,18
Qwen/Qwen2.5-14B,fictional_b1,fictional,1,premise,16,5,0,-0.0005,0.1116,0.1121,0.0393,42,18
Qwen/Qwen2.5-14B,fictional_b1,fictional,1,premise,16,8,0,0.0507,0.1092,0.0585,0.0374,42,18
Qwen/Qwen2.5-14B,fictional_b1,fictional,1,premise,16,16,0,0.0564,0.195,0.1386,0.0113,42,18
Qwen/Qwen2.5-14B,fictional_b1,fictional,1,premise,16,2,1,-0.0386,0.0378,0.0763,0.0153,42,18
Qwen/Qwen2.5-14B,fictional_b1,fictional,1,premise,16,3,1,0.037,0.0358,-0.0012,-0.0385,42,18
Qwen/Qwen2.5-14B,fictional_b1,fictional,1,premise,16,5,1,-0.0067,0.0679,0.0746,0.0001,42,18
Qwen/Qwen2.5-14B,fictional_b1,fictional,1,premise,16,8,1,0.0227,0.1383,0.1156,-0.013,42,18
Qwen/Qwen2.5-14B,fictional_b1,fictional,1,premise,16,16,1,0.0686,0.1389,0.0703,-0.0097,42,18
Qwen/Qwen2.5-14B,fictional_b1,fictional,1,premise,16,2,2,0.0042,-0.0152,-0.0194,-0.0345,42,18
Qwen/Qwen2.5-14B,fictional_b1,fictional,1,premise,16,3,2,-0.0071,0.0449,0.052,0.0111,42,18
Qwen/Qwen2.5-14B,fictional_b1,fictional,1,premise,16,5,2,-0.0427,0.0417,0.0844,0.0701,42,18
Qwen/Qwen2.5-14B,fictional_b1,fictional,1,premise,16,8,2,0.0039,0.1,0.0961,-0.0186,42,18
Qwen/Qwen2.5-14B,fictional_b1,fictional,1,premise,16,16,2,0.0733,0.1184,0.0451,0.0093,42,18
Qwen/Qwen2.5-14B,fictional_b1,fictional,1,premise,16,2,3,-0.0147,-0.0213,-0.0066,-0.0282,42,18
Qwen/Qwen2.5-14B,fictional_b1,fictional,1,premise,16,3,3,-0.002,-0.0408,-0.0388,-0.0207,42,18
Qwen/Qwen2.5-14B,fictional_b1,fictional,1,premise,16,5,3,0.0258,0.0773,0.0515,0.0349,42,18
Qwen/Qwen2.5-14B,fictional_b1,fictional,1,premise,16,8,3,0.0455,0.125,0.0795,-0.0464,42,18
Qwen/Qwen2.5-14B,fictional_b1,fictional,1,premise,16,16,3,0.0816,0.0388,-0.0428,-0.0133,42,18
Qwen/Qwen2.5-14B,fictional_b1,fictional,1,premise,16,2,4,0.0496,0.0385,-0.011,-0.0017,42,18
Qwen/Qwen2.5-14B,fictional_b1,fictional,1,premise,16,3,4,0.0118,0.0204,0.0086,0.0298,42,18
Qwen/Qwen2.5-14B,fictional_b1,fictional,1,premise,16,5,4,-0.0025,0.0905,0.0931,-0.0449,42,18
Qwen/Qwen2.5-14B,fictional_b1,fictional,1,premise,16,8,4,0.0168,0.1239,0.107,0.0279,42,18
Qwen/Qwen2.5-14B,fictional_b1,fictional,1,premise,16,16,4,0.0358,0.0632,0.0274,-0.0228,42,18
Qwen/Qwen2.5-14B,fictional_b1,fictional,1,premise,16,2,5,0.0073,0.0251,0.0178,-0.0475,42,18
Qwen/Qwen2.5-14B,fictional_b1,fictional,1,premise,16,3,5,0.0136,0.0547,0.0411,-0.0085,42,18
Qwen/Qwen2.5-14B,fictional_b1,fictional,1,premise,16,5,5,0.019,0.0714,0.0524,-0.0164,42,18
Qwen/Qwen2.5-14B,fictional_b1,fictional,1,premise,16,8,5,0.0162,0.1449,0.1287,-0.026,42,18
Qwen/Qwen2.5-14B,fictional_b1,fictional,1,premise,16,16,5,0.0816,0.122,0.0404,-0.0112,42,18
Qwen/Qwen2.5-14B,fictional_b1,fictional,1,premise,20,2,0,0.0192,0.0196,0.0004,-0.0227,42,18
Qwen/Qwen2.5-14B,fictional_b1,fictional,1,premise,20,3,0,-0.0113,0.0662,0.0775,0.034,42,18
Qwen/Qwen2.5-14B,fictional_b1,fictional,1,premise,20,5,0,0.0756,0.1086,0.033,-0.0086,42,18
Qwen/Qwen2.5-14B,fictional_b1,fictional,1,premise,20,8,0,0.0546,0.1455,0.0909,0.002,42,18
Qwen/Qwen2.5-14B,fictional_b1,fictional,1,premise,20,16,0,0.1529,0.0735,-0.0793,-0.0229,42,18
Qwen/Qwen2.5-14B,fictional_b1,fictional,1,premise,20,2,1,0.0219,-0.0018,-0.0237,-0.0362,42,18
Qwen/Qwen2.5-14B,fictional_b1,fictional,1,premise,20,3,1,0.0518,0.0177,-0.0342,-0.0196,42,18
Qwen/Qwen2.5-14B,fictional_b1,fictional,1,premise,20,5,1,0.072,0.1295,0.0575,-0.0481,42,18
Qwen/Qwen2.5-14B,fictional_b1,fictional,1,premise,20,8,1,0.047,0.1553,0.1082,-0.0523,42,18
Qwen/Qwen2.5-14B,fictional_b1,fictional,1,premise,20,16,1,0.0612,0.0575,-0.0036,-0.0183,42,18
Qwen/Qwen2.5-14B,fictional_b1,fictional,1,premise,20,2,2,0.01,0.0325,0.0225,0.0103,42,18
Qwen/Qwen2.5-14B,fictional_b1,fictional,1,premise,20,3,2,0.0339,0.0286,-0.0053,-0.0168,42,18
Qwen/Qwen2.5-14B,fictional_b1,fictional,1,premise,20,5,2,0.0306,0.0981,0.0675,-0.0149,42,18
Qwen/Qwen2.5-14B,fictional_b1,fictional,1,premise,20,8,2,0.0394,0.1462,0.1068,0.0309,42,18
Qwen/Qwen2.5-14B,fictional_b1,fictional,1,premise,20,16,2,0.0753,0.0821,0.0068,0.0039,42,18
Qwen/Qwen2.5-14B,fictional_b1,fictional,1,premise,20,2,3,0.046,0.0628,0.0168,-0.0064,42,18
Qwen/Qwen2.5-14B,fictional_b1,fictional,1,premise,20,3,3,0.0061,0.0161,0.01,0.0068,42,18
Qwen/Qwen2.5-14B,fictional_b1,fictional,1,premise,20,5,3,-0.0126,0.1259,0.1385,0.0157,42,18
Qwen/Qwen2.5-14B,fictional_b1,fictional,1,premise,20,8,3,0.0682,0.1319,0.0637,-0.0227,42,18
Qwen/Qwen2.5-14B,fictional_b1,fictional,1,premise,20,16,3,0.1176,0.0211,-0.0965,-0.0334,42,18
Qwen/Qwen2.5-14B,fictional_b1,fictional,1,premise,20,2,4,0.0388,0.059,0.0202,-0.0474,42,18
Qwen/Qwen2.5-14B,fictional_b1,fictional,1,premise,20,3,4,0.055,0.0522,-0.0028,-0.0057,42,18
Qwen/Qwen2.5-14B,fictional_b1,fictional,1,premise,20,5,4,0.0801,0.1154,0.0353,-0.0276,42,18
Qwen/Qwen2.5-14B,fictional_b1,fictional,1,premise,20,8,4,0.0827,0.1172,0.0344,-0.0353,42,18
Qwen/Qwen2.5-14B,fictional_b1,fictional,1,premise,20,16,4,0.1222,0.0901,-0.0322,-0.0347,42,18
Qwen/Qwen2.5-14B,fictional_b1,fictional,1,premise,20,2,5,-0.004,-0.0088,-0.0048,0.0487,42,18
Qwen/Qwen2.5-14B,fictional_b1,fictional,1,premise,20,3,5,0.0475,0.0069,-0.0406,0.0384,42,18
Qwen/Qwen2.5-14B,fictional_b1,fictional,1,premise,20,5,5,0.0538,0.0931,0.0392,-0.0408,42,18
Qwen/Qwen2.5-14B,fictional_b1,fictional,1,premise,20,8,5,0.0455,0.0915,0.046,0.007,42,18
Qwen/Qwen2.5-14B,fictional_b1,fictional,1,premise,20,16,5,0.1365,-0.0068,-0.1433,-0.0113,42,18
Qwen/Qwen2.5-14B,fictional_b1,fictional,1,premise,24,2,0,0.0648,0.1159,0.0511,0.0152,42,18
Qwen/Qwen2.5-14B,fictional_b1,fictional,1,premise,24,3,0,0.0733,0.0919,0.0186,-0.0168,42,18
Qwen/Qwen2.5-14B,fictional_b1,fictional,1,premise,24,5,0,0.0474,0.0958,0.0483,-0.0007,42,18
Qwen/Qwen2.5-14B,fictional_b1,fictional,1,premise,24,8,0,0.0957,0.2376,0.1419,0.0302,42,18
Qwen/Qwen2.5-14B,fictional_b1,fictional,1,premise,24,16,0,0.1938,0.2399,0.0461,0.0271,42,18
Qwen/Qwen2.5-14B,fictional_b1,fictional,1,premise,24,2,1,0.0346,0.083,0.0484,-0.0005,42,18
Qwen/Qwen2.5-14B,fictional_b1,fictional,1,premise,24,3,1,0.0351,0.1326,0.0975,0.0709,42,18
Qwen/Qwen2.5-14B,fictional_b1,fictional,1,premise,24,5,1,0.1036,0.13,0.0264,-0.0077,42,18
Qwen/Qwen2.5-14B,fictional_b1,fictional,1,premise,24,8,1,0.108,0.1727,0.0647,-0.0119,42,18
Qwen/Qwen2.5-14B,fictional_b1,fictional,1,premise,24,16,1,0.1796,0.2389,0.0594,0.0166,42,18
Qwen/Qwen2.5-14B,fictional_b1,fictional,1,premise,24,2,2,0.0217,0.0347,0.013,0.0092,42,18
Qwen/Qwen2.5-14B,fictional_b1,fictional,1,premise,24,3,2,0.0201,0.0385,0.0184,0.0668,42,18
Qwen/Qwen2.5-14B,fictional_b1,fictional,1,premise,24,5,2,0.0494,0.0988,0.0494,0.0559,42,18
Qwen/Qwen2.5-14B,fictional_b1,fictional,1,premise,24,8,2,0.1609,0.1524,-0.0085,0.0328,42,18
Qwen/Qwen2.5-14B,fictional_b1,fictional,1,premise,24,16,2,0.1355,0.1741,0.0386,0.0654,42,18
Qwen/Qwen2.5-14B,fictional_b1,fictional,1,premise,24,2,3,0.0497,0.0532,0.0036,0.0018,42,18
Qwen/Qwen2.5-14B,fictional_b1,fictional,1,premise,24,3,3,0.0671,0.0822,0.0151,-0.0082,42,18
Qwen/Qwen2.5-14B,fictional_b1,fictional,1,premise,24,5,3,0.0646,0.1365,0.0718,0.0265,42,18
Qwen/Qwen2.5-14B,fictional_b1,fictional,1,premise,24,8,3,0.0664,0.202,0.1356,-0.0215,42,18
Qwen/Qwen2.5-14B,fictional_b1,fictional,1,premise,24,16,3,0.1578,0.1852,0.0274,-0.0216,42,18
Qwen/Qwen2.5-14B,fictional_b1,fictional,1,premise,24,2,4,0.1123,0.1116,-0.0007,-0.0178,42,18
Qwen/Qwen2.5-14B,fictional_b1,fictional,1,premise,24,3,4,0.0898,0.0766,-0.0132,0.0151,42,18
Qwen/Qwen2.5-14B,fictional_b1,fictional,1,premise,24,5,4,0.0158,0.1642,0.1484,-0.0123,42,18
Qwen/Qwen2.5-14B,fictional_b1,fictional,1,premise,24,8,4,0.0765,0.1058,0.0292,-0.0114,42,18
Qwen/Qwen2.5-14B,fictional_b1,fictional,1,premise,24,16,4,0.1551,0.1253,-0.0297,-0.0395,42,18
Qwen/Qwen2.5-14B,fictional_b1,fictional,1,premise,24,2,5,0.0437,0.1233,0.0795,0.0306,42,18
Qwen/Qwen2.5-14B,fictional_b1,fictional,1,premise,24,3,5,0.0988,0.0381,-0.0607,0.0104,42,18
Qwen/Qwen2.5-14B,fictional_b1,fictional,1,premise,24,5,5,0.0335,0.1733,0.1398,0.0386,42,18
Qwen/Qwen2.5-14B,fictional_b1,fictional,1,premise,24,8,5,0.0881,0.1773,0.0892,-0.0306,42,18
Qwen/Qwen2.5-14B,fictional_b1,fictional,1,premise,24,16,5,0.1717,0.2214,0.0497,0.0007,42,18
Qwen/Qwen2.5-14B,fictional_b1,fictional,1,premise,28,2,0,0.1168,0.0455,-0.0713,0.0297,42,18
Qwen/Qwen2.5-14B,fictional_b1,fictional,1,premise,28,3,0,0.1111,0.177,0.0659,-0.004,42,18
Qwen/Qwen2.5-14B,fictional_b1,fictional,1,premise,28,5,0,0.1309,0.1483,0.0174,0.0005,42,18
Qwen/Qwen2.5-14B,fictional_b1,fictional,1,premise,28,8,0,0.2464,0.2392,-0.0072,-0.0125,42,18
Qwen/Qwen2.5-14B,fictional_b1,fictional,1,premise,28,16,0,0.31,0.2129,-0.097,0.0042,42,18
Qwen/Qwen2.5-14B,fictional_b1,fictional,1,premise,28,2,1,0.0408,0.1063,0.0655,0.0296,42,18
Qwen/Qwen2.5-14B,fictional_b1,fictional,1,premise,28,3,1,0.0719,0.1065,0.0345,0.0389,42,18
Qwen/Qwen2.5-14B,fictional_b1,fictional,1,premise,28,5,1,0.1192,0.2164,0.0972,-0.0438,42,18
Qwen/Qwen2.5-14B,fictional_b1,fictional,1,premise,28,8,1,0.2188,0.2539,0.0351,-0.0477,42,18
Qwen/Qwen2.5-14B,fictional_b1,fictional,1,premise,28,16,1,0.2723,0.2727,0.0004,-0.0222,42,18
Qwen/Qwen2.5-14B,fictional_b1,fictional,1,premise,28,2,2,0.0718,0.0668,-0.005,0.0022,42,18
Qwen/Qwen2.5-14B,fictional_b1,fictional,1,premise,28,3,2,0.1014,0.12,0.0186,-0.0067,42,18
Qwen/Qwen2.5-14B,fictional_b1,fictional,1,premise,28,5,2,0.1487,0.2385,0.0898,0.0114,42,18
Qwen/Qwen2.5-14B,fictional_b1,fictional,1,premise,28,8,2,0.1781,0.1984,0.0202,0.04,42,18
Qwen/Qwen2.5-14B,fictional_b1,fictional,1,premise,28,16,2,0.2707,0.3176,0.047,0.0277,42,18
Qwen/Qwen2.5-14B,fictional_b1,fictional,1,premise,28,2,3,0.078,0.0684,-0.0096,-0.0022,42,18
Qwen/Qwen2.5-14B,fictional_b1,fictional,1,premise,28,3,3,0.0956,0.1687,0.0731,0.0133,42,18
Qwen/Qwen2.5-14B,fictional_b1,fictional,1,premise,28,5,3,0.1573,0.1639,0.0065,0.0058,42,18
Qwen/Qwen2.5-14B,fictional_b1,fictional,1,premise,28,8,3,0.2148,0.2706,0.0558,0.0107,42,18
Qwen/Qwen2.5-14B,fictional_b1,fictional,1,premise,28,16,3,0.3081,0.1964,-0.1117,0.0012,42,18
Qwen/Qwen2.5-14B,fictional_b1,fictional,1,premise,28,2,4,0.1002,0.0195,-0.0807,0.0115,42,18
Qwen/Qwen2.5-14B,fictional_b1,fictional,1,premise,28,3,4,0.1151,0.1254,0.0102,-0.0105,42,18
Qwen/Qwen2.5-14B,fictional_b1,fictional,1,premise,28,5,4,0.0831,0.1964,0.1132,0.001,42,18
Qwen/Qwen2.5-14B,fictional_b1,fictional,1,premise,28,8,4,0.187,0.1356,-0.0514,-0.0606,42,18
Qwen/Qwen2.5-14B,fictional_b1,fictional,1,premise,28,16,4,0.2399,0.2915,0.0515,-0.0148,42,18
Qwen/Qwen2.5-14B,fictional_b1,fictional,1,premise,28,2,5,0.0651,0.0241,-0.041,0.004,42,18
Qwen/Qwen2.5-14B,fictional_b1,fictional,1,premise,28,3,5,0.0548,0.0491,-0.0057,0.0079,42,18
Qwen/Qwen2.5-14B,fictional_b1,fictional,1,premise,28,5,5,0.162,0.1827,0.0207,-0.0132,42,18
Qwen/Qwen2.5-14B,fictional_b1,fictional,1,premise,28,8,5,0.1603,0.1906,0.0303,-0.0222,42,18
Qwen/Qwen2.5-14B,fictional_b1,fictional,1,premise,28,16,5,0.266,0.3063,0.0403,-0.0092,42,18
Qwen/Qwen2.5-14B,fictional_b1,fictional,1,premise,32,2,0,0.1158,0.067,-0.0489,-0.0112,42,18
Qwen/Qwen2.5-14B,fictional_b1,fictional,1,premise,32,3,0,0.1464,0.1199,-0.0265,-0.0363,42,18
Qwen/Qwen2.5-14B,fictional_b1,fictional,1,premise,32,5,0,0.1118,0.2014,0.0895,-0.0107,42,18
Qwen/Qwen2.5-14B,fictional_b1,fictional,1,premise,32,8,0,0.1826,0.2281,0.0455,0.0093,42,18
Qwen/Qwen2.5-14B,fictional_b1,fictional,1,premise,32,16,0,0.3093,0.1103,-0.199,0.0035,42,18
Qwen/Qwen2.5-14B,fictional_b1,fictional,1,premise,32,2,1,0.0952,0.0942,-0.001,0.0176,42,18
Qwen/Qwen2.5-14B,fictional_b1,fictional,1,premise,32,3,1,0.0816,0.1342,0.0526,-0.0172,42,18
Qwen/Qwen2.5-14B,fictional_b1,fictional,1,premise,32,5,1,0.1459,0.1589,0.013,-0.0097,42,18
Qwen/Qwen2.5-14B,fictional_b1,fictional,1,premise,32,8,1,0.1298,0.1606,0.0309,0.0053,42,18
Qwen/Qwen2.5-14B,fictional_b1,fictional,1,premise,32,16,1,0.2837,0.0674,-0.2163,-0.0026,42,18
Qwen/Qwen2.5-14B,fictional_b1,fictional,1,premise,32,2,2,0.1542,0.139,-0.0152,0.0401,42,18
Qwen/Qwen2.5-14B,fictional_b1,fictional,1,premise,32,3,2,0.1234,0.1555,0.0321,-0.0249,42,18
Qwen/Qwen2.5-14B,fictional_b1,fictional,1,premise,32,5,2,0.1513,0.1831,0.0318,-0.0054,42,18
Qwen/Qwen2.5-14B,fictional_b1,fictional,1,premise,32,8,2,0.1768,0.1846,0.0078,0.0583,42,18
Qwen/Qwen2.5-14B,fictional_b1,fictional,1,premise,32,16,2,0.2826,0.2493,-0.0333,0.0191,42,18
Qwen/Qwen2.5-14B,fictional_b1,fictional,1,premise,32,2,3,0.0903,0.0781,-0.0122,-0.0295,42,18
Qwen/Qwen2.5-14B,fictional_b1,fictional,1,premise,32,3,3,0.1191,0.145,0.026,-0.0173,42,18
Qwen/Qwen2.5-14B,fictional_b1,fictional,1,premise,32,5,3,0.1982,0.2313,0.0331,-0.0199,42,18
Qwen/Qwen2.5-14B,fictional_b1,fictional,1,premise,32,8,3,0.1967,0.2747,0.078,-0.0042,42,18
Qwen/Qwen2.5-14B,fictional_b1,fictional,1,premise,32,16,3,0.3049,0.3173,0.0124,-0.0203,42,18
Qwen/Qwen2.5-14B,fictional_b1,fictional,1,premise,32,2,4,0.1471,0.1587,0.0115,0.0108,42,18
Qwen/Qwen2.5-14B,fictional_b1,fictional,1,premise,32,3,4,0.1617,0.1674,0.0057,0.0098,42,18
Qwen/Qwen2.5-14B,fictional_b1,fictional,1,premise,32,5,4,0.16,0.2197,0.0597,-0.0182,42,18
Qwen/Qwen2.5-14B,fictional_b1,fictional,1,premise,32,8,4,0.2091,0.1808,-0.0282,0.0054,42,18
Qwen/Qwen2.5-14B,fictional_b1,fictional,1,premise,32,16,4,0.3051,0.0595,-0.2456,0.0176,42,18
Qwen/Qwen2.5-14B,fictional_b1,fictional,1,premise,32,2,5,0.0978,0.1318,0.0339,0.02,42,18
Qwen/Qwen2.5-14B,fictional_b1,fictional,1,premise,32,3,5,0.0672,0.0929,0.0257,0.009,42,18
Qwen/Qwen2.5-14B,fictional_b1,fictional,1,premise,32,5,5,0.0779,0.1674,0.0895,0.0187,42,18
Qwen/Qwen2.5-14B,fictional_b1,fictional,1,premise,32,8,5,0.1795,0.2513,0.0718,0.0035,42,18
Qwen/Qwen2.5-14B,fictional_b1,fictional,1,premise,32,16,5,0.2341,0.2258,-0.0083,-0.0059,42,18
Qwen/Qwen2.5-14B,fictional_b1,fictional,1,premise,36,2,0,0.1788,0.1345,-0.0443,0.0358,42,18
Qwen/Qwen2.5-14B,fictional_b1,fictional,1,premise,36,3,0,0.1504,0.1723,0.0219,0.0575,42,18
Qwen/Qwen2.5-14B,fictional_b1,fictional,1,premise,36,5,0,0.1673,0.2079,0.0406,0.021,42,18
Qwen/Qwen2.5-14B,fictional_b1,fictional,1,premise,36,8,0,0.1387,0.2356,0.0968,-0.0087,42,18
Qwen/Qwen2.5-14B,fictional_b1,fictional,1,premise,36,16,0,0.3396,0.0861,-0.2534,-0.0069,42,18
Qwen/Qwen2.5-14B,fictional_b1,fictional,1,premise,36,2,1,0.1133,0.0737,-0.0396,-0.0169,42,18
Qwen/Qwen2.5-14B,fictional_b1,fictional,1,premise,36,3,1,0.0668,0.054,-0.0128,0.0008,42,18
Qwen/Qwen2.5-14B,fictional_b1,fictional,1,premise,36,5,1,0.1091,0.1573,0.0482,-0.0263,42,18
Qwen/Qwen2.5-14B,fictional_b1,fictional,1,premise,36,8,1,0.1516,0.131,-0.0207,-0.0539,42,18
Qwen/Qwen2.5-14B,fictional_b1,fictional,1,premise,36,16,1,0.2458,0.1538,-0.092,0.0028,42,18
Qwen/Qwen2.5-14B,fictional_b1,fictional,1,premise,36,2,2,0.1897,0.1488,-0.0409,0.0143,42,18
Qwen/Qwen2.5-14B,fictional_b1,fictional,1,premise,36,3,2,0.1304,0.1765,0.0461,0.0283,42,18
Qwen/Qwen2.5-14B,fictional_b1,fictional,1,premise,36,5,2,0.1862,0.2021,0.0159,-0.0256,42,18
Qwen/Qwen2.5-14B,fictional_b1,fictional,1,premise,36,8,2,0.1893,0.1823,-0.0069,0.0448,42,18
Qwen/Qwen2.5-14B,fictional_b1,fictional,1,premise,36,16,2,0.2815,0.2014,-0.0801,-0.0019,42,18
Qwen/Qwen2.5-14B,fictional_b1,fictional,1,premise,36,2,3,0.0547,0.1118,0.057,-0.019,42,18
Qwen/Qwen2.5-14B,fictional_b1,fictional,1,premise,36,3,3,0.0528,0.0599,0.0071,0.0101,42,18
Qwen/Qwen2.5-14B,fictional_b1,fictional,1,premise,36,5,3,0.0892,0.1229,0.0337,-0.0039,42,18
Qwen/Qwen2.5-14B,fictional_b1,fictional,1,premise,36,8,3,0.1793,0.2362,0.0569,-0.0067,42,18
Qwen/Qwen2.5-14B,fictional_b1,fictional,1,premise,36,16,3,0.2473,0.2033,-0.044,-0.0045,42,18
Qwen/Qwen2.5-14B,fictional_b1,fictional,1,premise,36,2,4,0.0929,0.0877,-0.0052,-0.0203,42,18
Qwen/Qwen2.5-14B,fictional_b1,fictional,1,premise,36,3,4,0.1052,0.1347,0.0295,-0.0269,42,18
Qwen/Qwen2.5-14B,fictional_b1,fictional,1,premise,36,5,4,0.1387,0.1707,0.032,0.0058,42,18
Qwen/Qwen2.5-14B,fictional_b1,fictional,1,premise,36,8,4,0.1758,0.175,-0.0008,-0.0175,42,18
Qwen/Qwen2.5-14B,fictional_b1,fictional,1,premise,36,16,4,0.2516,0.1374,-0.1143,0.0164,42,18
Qwen/Qwen2.5-14B,fictional_b1,fictional,1,premise,36,2,5,0.096,0.0858,-0.0102,0.0005,42,18
Qwen/Qwen2.5-14B,fictional_b1,fictional,1,premise,36,3,5,0.1483,0.1328,-0.0155,0.0041,42,18
Qwen/Qwen2.5-14B,fictional_b1,fictional,1,premise,36,5,5,0.071,0.1897,0.1187,-0.0026,42,18
Qwen/Qwen2.5-14B,fictional_b1,fictional,1,premise,36,8,5,0.1813,0.2087,0.0274,-0.0037,42,18
Qwen/Qwen2.5-14B,fictional_b1,fictional,1,premise,36,16,5,0.2584,0.0931,-0.1653,-0.0252,42,18
Qwen/Qwen2.5-14B,fictional_b1,fictional,1,premise,40,2,0,0.2213,0.1879,-0.0334,0.022,42,18
Qwen/Qwen2.5-14B,fictional_b1,fictional,1,premise,40,3,0,0.1733,0.15,-0.0234,0.0046,42,18
Qwen/Qwen2.5-14B,fictional_b1,fictional,1,premise,40,5,0,0.187,0.2574,0.0703,-0.0155,42,18
Qwen/Qwen2.5-14B,fictional_b1,fictional,1,premise,40,8,0,0.2041,0.2077,0.0036,0.0127,42,18
Qwen/Qwen2.5-14B,fictional_b1,fictional,1,premise,40,16,0,0.2448,0.1322,-0.1126,0.0041,42,18
Qwen/Qwen2.5-14B,fictional_b1,fictional,1,premise,40,2,1,0.0945,0.1157,0.0213,0.0055,42,18
Qwen/Qwen2.5-14B,fictional_b1,fictional,1,premise,40,3,1,0.0656,0.1178,0.0522,-0.0122,42,18
Qwen/Qwen2.5-14B,fictional_b1,fictional,1,premise,40,5,1,0.1298,0.1506,0.0208,-0.0479,42,18
Qwen/Qwen2.5-14B,fictional_b1,fictional,1,premise,40,8,1,0.1289,0.1831,0.0541,-0.039,42,18
Qwen/Qwen2.5-14B,fictional_b1,fictional,1,premise,40,16,1,0.2425,0.0783,-0.1642,-0.0734,42,18
Qwen/Qwen2.5-14B,fictional_b1,fictional,1,premise,40,2,2,0.0457,0.0698,0.0241,0.0066,42,18
Qwen/Qwen2.5-14B,fictional_b1,fictional,1,premise,40,3,2,0.0985,0.1496,0.0511,0.0246,42,18
Qwen/Qwen2.5-14B,fictional_b1,fictional,1,premise,40,5,2,0.0949,0.1765,0.0817,0.004,42,18
Qwen/Qwen2.5-14B,fictional_b1,fictional,1,premise,40,8,2,0.1094,0.2349,0.1255,0.0269,42,18
Qwen/Qwen2.5-14B,fictional_b1,fictional,1,premise,40,16,2,0.2633,0.1363,-0.127,0.0295,42,18
Qwen/Qwen2.5-14B,fictional_b1,fictional,1,premise,40,2,3,0.0802,0.0651,-0.015,0.0304,42,18
Qwen/Qwen2.5-14B,fictional_b1,fictional,1,premise,40,3,3,0.1423,0.144,0.0017,-0.0174,42,18
Qwen/Qwen2.5-14B,fictional_b1,fictional,1,premise,40,5,3,0.0535,0.2247,0.1713,0.0056,42,18
Qwen/Qwen2.5-14B,fictional_b1,fictional,1,premise,40,8,3,0.1207,0.2415,0.1207,0.0115,42,18
Qwen/Qwen2.5-14B,fictional_b1,fictional,1,premise,40,16,3,0.2681,0.2289,-0.0392,-0.0239,42,18
Qwen/Qwen2.5-14B,fictional_b1,fictional,1,premise,40,2,4,0.041,0.1279,0.0869,0.0182,42,18
Qwen/Qwen2.5-14B,fictional_b1,fictional,1,premise,40,3,4,0.1267,0.1667,0.0399,-0.0155,42,18
Qwen/Qwen2.5-14B,fictional_b1,fictional,1,premise,40,5,4,0.1278,0.2139,0.0861,0.0153,42,18
Qwen/Qwen2.5-14B,fictional_b1,fictional,1,premise,40,8,4,0.1865,0.1776,-0.0088,-0.0326,42,18
Qwen/Qwen2.5-14B,fictional_b1,fictional,1,premise,40,16,4,0.2881,0.2171,-0.071,-0.0177,42,18
Qwen/Qwen2.5-14B,fictional_b1,fictional,1,premise,40,2,5,0.0624,0.0897,0.0273,0.0263,42,18
Qwen/Qwen2.5-14B,fictional_b1,fictional,1,premise,40,3,5,0.1405,0.1459,0.0053,0.0198,42,18
Qwen/Qwen2.5-14B,fictional_b1,fictional,1,premise,40,5,5,0.1036,0.1706,0.067,0.0096,42,18
Qwen/Qwen2.5-14B,fictional_b1,fictional,1,premise,40,8,5,0.1563,0.1987,0.0423,0.0042,42,18
Qwen/Qwen2.5-14B,fictional_b1,fictional,1,premise,40,16,5,0.2194,0.0673,-0.1522,0.0061,42,18
Qwen/Qwen2.5-14B,fictional_b1,fictional,1,premise,44,2,0,0.129,0.0567,-0.0723,-0.0012,42,18
Qwen/Qwen2.5-14B,fictional_b1,fictional,1,premise,44,3,0,0.0938,0.1267,0.0328,0.0096,42,18
Qwen/Qwen2.5-14B,fictional_b1,fictional,1,premise,44,5,0,0.1807,0.2422,0.0615,-0.0267,42,18
Qwen/Qwen2.5-14B,fictional_b1,fictional,1,premise,44,8,0,0.1123,0.2024,0.0901,-0.003,42,18
Qwen/Qwen2.5-14B,fictional_b1,fictional,1,premise,44,16,0,0.2276,0.144,-0.0836,-0.0063,42,18
Qwen/Qwen2.5-14B,fictional_b1,fictional,1,premise,44,2,1,0.0717,0.0614,-0.0103,0.0197,42,18
Qwen/Qwen2.5-14B,fictional_b1,fictional,1,premise,44,3,1,0.1211,0.1068,-0.0143,0.0289,42,18
Qwen/Qwen2.5-14B,fictional_b1,fictional,1,premise,44,5,1,0.1192,0.1755,0.0563,-0.0227,42,18
Qwen/Qwen2.5-14B,fictional_b1,fictional,1,premise,44,8,1,0.1746,0.202,0.0275,-0.0121,42,18
Qwen/Qwen2.5-14B,fictional_b1,fictional,1,premise,44,16,1,0.2265,0.2202,-0.0062,-0.0058,42,18
Qwen/Qwen2.5-14B,fictional_b1,fictional,1,premise,44,2,2,0.0871,0.0614,-0.0258,-0.0077,42,18
Qwen/Qwen2.5-14B,fictional_b1,fictional,1,premise,44,3,2,0.1328,0.1302,-0.0027,0.0063,42,18
Qwen/Qwen2.5-14B,fictional_b1,fictional,1,premise,44,5,2,0.1772,0.1786,0.0014,-0.0085,42,18
Qwen/Qwen2.5-14B,fictional_b1,fictional,1,premise,44,8,2,0.1862,0.2137,0.0275,0.0143,42,18
Qwen/Qwen2.5-14B,fictional_b1,fictional,1,premise,44,16,2,0.2358,0.1629,-0.0729,0.0246,42,18
Qwen/Qwen2.5-14B,fictional_b1,fictional,1,premise,44,2,3,0.0485,0.1358,0.0873,-0.01,42,18
Qwen/Qwen2.5-14B,fictional_b1,fictional,1,premise,44,3,3,0.1093,0.1003,-0.0089,0.0178,42,18
Qwen/Qwen2.5-14B,fictional_b1,fictional,1,premise,44,5,3,0.1628,0.2094,0.0467,-0.0145,42,18
Qwen/Qwen2.5-14B,fictional_b1,fictional,1,premise,44,8,3,0.1581,0.1723,0.0142,-0.037,42,18
Qwen/Qwen2.5-14B,fictional_b1,fictional,1,premise,44,16,3,0.226,0.1774,-0.0486,0.007,42,18
Qwen/Qwen2.5-14B,fictional_b1,fictional,1,premise,44,2,4,0.0999,0.1259,0.026,0.0162,42,18
Qwen/Qwen2.5-14B,fictional_b1,fictional,1,premise,44,3,4,0.1323,0.179,0.0468,-0.0245,42,18
Qwen/Qwen2.5-14B,fictional_b1,fictional,1,premise,44,5,4,0.182,0.1978,0.0158,-0.0118,42,18
Qwen/Qwen2.5-14B,fictional_b1,fictional,1,premise,44,8,4,0.158,0.2227,0.0647,-0.0463,42,18
Qwen/Qwen2.5-14B,fictional_b1,fictional,1,premise,44,16,4,0.2657,0.128,-0.1376,-0.0235,42,18
Qwen/Qwen2.5-14B,fictional_b1,fictional,1,premise,44,2,5,0.1039,0.12,0.0161,-0.0092,42,18
Qwen/Qwen2.5-14B,fictional_b1,fictional,1,premise,44,3,5,0.1097,0.1596,0.0499,-0.0214,42,18
Qwen/Qwen2.5-14B,fictional_b1,fictional,1,premise,44,5,5,0.1542,0.1841,0.0298,-0.0243,42,18
Qwen/Qwen2.5-14B,fictional_b1,fictional,1,premise,44,8,5,0.2022,0.144,-0.0582,0.0034,42,18
Qwen/Qwen2.5-14B,fictional_b1,fictional,1,premise,44,16,5,0.2316,0.1316,-0.1,0.0156,42,18
Qwen/Qwen2.5-14B,fictional_b1,fictional,1,premise,48,2,0,0.056,0.1214,0.0654,0.0199,42,18
Qwen/Qwen2.5-14B,fictional_b1,fictional,1,premise,48,3,0,0.1197,0.1737,0.054,-0.0136,42,18
Qwen/Qwen2.5-14B,fictional_b1,fictional,1,premise,48,5,0,0.0766,0.1646,0.0881,-0.0124,42,18
Qwen/Qwen2.5-14B,fictional_b1,fictional,1,premise,48,8,0,0.146,0.1267,-0.0193,0.0013,42,18
Qwen/Qwen2.5-14B,fictional_b1,fictional,1,premise,48,16,0,0.1954,0.1207,-0.0747,-0.025,42,18
Qwen/Qwen2.5-14B,fictional_b1,fictional,1,premise,48,2,1,0.0981,0.0643,-0.0339,-0.0472,42,18
Qwen/Qwen2.5-14B,fictional_b1,fictional,1,premise,48,3,1,0.0609,0.0857,0.0248,-0.0059,42,18
Qwen/Qwen2.5-14B,fictional_b1,fictional,1,premise,48,5,1,0.1074,0.1936,0.0861,-0.0139,42,18
Qwen/Qwen2.5-14B,fictional_b1,fictional,1,premise,48,8,1,0.1308,0.1245,-0.0063,-0.0298,42,18
Qwen/Qwen2.5-14B,fictional_b1,fictional,1,premise,48,16,1,0.1694,0.1641,-0.0053,-0.0278,42,18
Qwen/Qwen2.5-14B,fictional_b1,fictional,1,premise,48,2,2,0.0842,0.12,0.0358,0.0043,42,18
Qwen/Qwen2.5-14B,fictional_b1,fictional,1,premise,48,3,2,0.0913,0.1268,0.0355,-0.0195,42,18
Qwen/Qwen2.5-14B,fictional_b1,fictional,1,premise,48,5,2,0.0999,0.1705,0.0707,0.0235,42,18
Qwen/Qwen2.5-14B,fictional_b1,fictional,1,premise,48,8,2,0.1319,0.1824,0.0505,0.0063,42,18
Qwen/Qwen2.5-14B,fictional_b1,fictional,1,premise,48,16,2,0.2142,0.2128,-0.0014,0.0074,42,18
Qwen/Qwen2.5-14B,fictional_b1,fictional,1,premise,48,2,3,0.1405,0.0909,-0.0497,-0.0044,42,18
Qwen/Qwen2.5-14B,fictional_b1,fictional,1,premise,48,3,3,0.1333,0.2015,0.0682,-0.0009,42,18
Qwen/Qwen2.5-14B,fictional_b1,fictional,1,premise,48,5,3,0.1186,0.1987,0.0801,0.0056,42,18
Qwen/Qwen2.5-14B,fictional_b1,fictional,1,premise,48,8,3,0.1218,0.1654,0.0436,-0.0137,42,18
Qwen/Qwen2.5-14B,fictional_b1,fictional,1,premise,48,16,3,0.2091,0.1558,-0.0533,-0.0185,42,18
Qwen/Qwen2.5-14B,fictional_b1,fictional,1,premise,48,2,4,0.0957,0.0796,-0.0161,0.0409,42,18
Qwen/Qwen2.5-14B,fictional_b1,fictional,1,premise,48,3,4,0.0938,0.1019,0.0082,0.0046,42,18
Qwen/Qwen2.5-14B,fictional_b1,fictional,1,premise,48,5,4,0.1213,0.1939,0.0727,-0.017,42,18
Qwen/Qwen2.5-14B,fictional_b1,fictional,1,premise,48,8,4,0.1647,0.1577,-0.007,-0.0311,42,18
Qwen/Qwen2.5-14B,fictional_b1,fictional,1,premise,48,16,4,0.2111,0.2102,-0.001,-0.0619,42,18
Qwen/Qwen2.5-14B,fictional_b1,fictional,1,premise,48,2,5,0.0637,0.1047,0.041,-0.0291,42,18
Qwen/Qwen2.5-14B,fictional_b1,fictional,1,premise,48,3,5,0.0571,0.1188,0.0618,-0.0009,42,18
Qwen/Qwen2.5-14B,fictional_b1,fictional,1,premise,48,5,5,0.1423,0.1957,0.0534,-0.0344,42,18
Qwen/Qwen2.5-14B,fictional_b1,fictional,1,premise,48,8,5,0.1244,0.1529,0.0285,-0.0099,42,18
Qwen/Qwen2.5-14B,fictional_b1,fictional,1,premise,48,16,5,0.1632,0.1112,-0.0519,0.0339,42,18
Qwen/Qwen2.5-14B,fictional_b1,fictional,1,last,0,2,0,-0.0095,0.0157,0.0252,0.0103,42,18
Qwen/Qwen2.5-14B,fictional_b1,fictional,1,last,0,3,0,-0.0095,0.0157,0.0252,0.0103,42,18
Qwen/Qwen2.5-14B,fictional_b1,fictional,1,last,0,5,0,-0.0095,-0.0095,0.0,0.0168,42,18
Qwen/Qwen2.5-14B,fictional_b1,fictional,1,last,0,8,0,-0.0095,-0.0095,0.0,0.0168,42,18
Qwen/Qwen2.5-14B,fictional_b1,fictional,1,last,0,16,0,-0.0095,0.0215,0.031,0.0243,42,18
Qwen/Qwen2.5-14B,fictional_b1,fictional,1,last,0,2,1,0.0445,0.0722,0.0277,-0.0058,42,18
Qwen/Qwen2.5-14B,fictional_b1,fictional,1,last,0,3,1,0.0445,0.0445,0.0,-0.0206,42,18
Qwen/Qwen2.5-14B,fictional_b1,fictional,1,last,0,5,1,0.0445,0.0839,0.0395,-0.0143,42,18
Qwen/Qwen2.5-14B,fictional_b1,fictional,1,last,0,8,1,0.0445,0.0722,0.0277,-0.0206,42,18
Qwen/Qwen2.5-14B,fictional_b1,fictional,1,last,0,16,1,0.0445,0.0445,0.0,-0.0143,42,18
Qwen/Qwen2.5-14B,fictional_b1,fictional,1,last,0,2,2,0.0225,0.0225,0.0,-0.0313,42,18
Qwen/Qwen2.5-14B,fictional_b1,fictional,1,last,0,3,2,0.0225,0.0225,0.0,-0.0313,42,18
Qwen/Qwen2.5-14B,fictional_b1,fictional,1,last,0,5,2,0.0225,0.0225,0.0,-0.0313,42,18
Qwen/Qwen2.5-14B,fictional_b1,fictional,1,last,0,8,2,0.0225,0.0554,0.0328,-0.0238,42,18
Qwen/Qwen2.5-14B,fictional_b1,fictional,1,last,0,16,2,0.0225,0.0554,0.0328,-0.0238,42,18
Qwen/Qwen2.5-14B,fictional_b1,fictional,1,last,0,2,3,0.0242,0.0242,0.0,0.0376,42,18
Qwen/Qwen2.5-14B,fictional_b1,fictional,1,last,0,3,3,0.0242,0.0242,0.0,0.0376,42,18
Qwen/Qwen2.5-14B,fictional_b1,fictional,1,last,0,5,3,0.0242,0.0464,0.0222,0.0402,42,18
Qwen/Qwen2.5-14B,fictional_b1,fictional,1,last,0,8,3,0.0242,0.0587,0.0345,0.0406,42,18
Qwen/Qwen2.5-14B,fictional_b1,fictional,1,last,0,16,3,0.0242,0.0242,0.0,0.0402,42,18
Qwen/Qwen2.5-14B,fictional_b1,fictional,1,last,0,2,4,0.0291,0.0589,0.0298,-0.0183,42,18
Qwen/Qwen2.5-14B,fictional_b1,fictional,1,last,0,3,4,0.0291,0.0291,0.0,-0.0175,42,18
Qwen/Qwen2.5-14B,fictional_b1,fictional,1,last,0,5,4,0.0291,0.0589,0.0298,-0.0175,42,18
Qwen/Qwen2.5-14B,fictional_b1,fictional,1,last,0,8,4,0.0291,0.0589,0.0298,-0.0183,42,18
Qwen/Qwen2.5-14B,fictional_b1,fictional,1,last,0,16,4,0.0291,0.0291,0.0,-0.0183,42,18
Qwen/Qwen2.5-14B,fictional_b1,fictional,1,last,0,2,5,0.028,0.028,0.0,0.0286,42,18
Qwen/Qwen2.5-14B,fictional_b1,fictional,1,last,0,3,5,0.028,0.028,0.0,0.0286,42,18
Qwen/Qwen2.5-14B,fictional_b1,fictional,1,last,0,5,5,0.028,0.0835,0.0555,0.0272,42,18
Qwen/Qwen2.5-14B,fictional_b1,fictional,1,last,0,8,5,0.028,0.0694,0.0414,0.026,42,18
Qwen/Qwen2.5-14B,fictional_b1,fictional,1,last,0,16,5,0.028,0.028,0.0,0.0286,42,18
Qwen/Qwen2.5-14B,fictional_b1,fictional,1,last,4,2,0,0.0043,-0.0034,-0.0077,0.0086,42,18
Qwen/Qwen2.5-14B,fictional_b1,fictional,1,last,4,3,0,-0.0297,0.0148,0.0445,-0.004,42,18
Qwen/Qwen2.5-14B,fictional_b1,fictional,1,last,4,5,0,-0.0193,0.0493,0.0686,0.0063,42,18
Qwen/Qwen2.5-14B,fictional_b1,fictional,1,last,4,8,0,0.0281,0.0513,0.0232,0.0182,42,18
Qwen/Qwen2.5-14B,fictional_b1,fictional,1,last,4,16,0,0.0862,0.0493,-0.0369,0.0269,42,18
Qwen/Qwen2.5-14B,fictional_b1,fictional,1,last,4,2,1,0.0657,0.0583,-0.0074,-0.0011,42,18
Qwen/Qwen2.5-14B,fictional_b1,fictional,1,last,4,3,1,-0.0077,0.0119,0.0196,-0.0263,42,18
Qwen/Qwen2.5-14B,fictional_b1,fictional,1,last,4,5,1,0.0094,0.0409,0.0315,-0.0432,42,18
Qwen/Qwen2.5-14B,fictional_b1,fictional,1,last,4,8,1,-0.0037,0.1046,0.1083,-0.0468,42,18
Qwen/Qwen2.5-14B,fictional_b1,fictional,1,last,4,16,1,0.0861,0.0685,-0.0175,-0.0141,42,18
Qwen/Qwen2.5-14B,fictional_b1,fictional,1,last,4,2,2,-0.0083,0.005,0.0133,0.0199,42,18
Qwen/Qwen2.5-14B,fictional_b1,fictional,1,last,4,3,2,0.0236,0.0173,-0.0063,-0.0061,42,18
Qwen/Qwen2.5-14B,fictional_b1,fictional,1,last,4,5,2,-0.011,0.0685,0.0795,0.0576,42,18
Qwen/Qwen2.5-14B,fictional_b1,fictional,1,last,4,8,2,0.0051,0.0678,0.0627,-0.0062,42,18
Qwen/Qwen2.5-14B,fictional_b1,fictional,1,last,4,16,2,0.0459,0.0957,0.0498,0.0143,42,18
Qwen/Qwen2.5-14B,fictional_b1,fictional,1,last,4,2,3,0.0199,-0.0516,-0.0715,0.0244,42,18
Qwen/Qwen2.5-14B,fictional_b1,fictional,1,last,4,3,3,0.0435,-0.0164,-0.0598,0.0215,42,18
Qwen/Qwen2.5-14B,fictional_b1,fictional,1,last,4,5,3,0.0094,0.0199,0.0105,0.0132,42,18
Qwen/Qwen2.5-14B,fictional_b1,fictional,1,last,4,8,3,-0.0417,0.0989,0.1406,-0.0349,42,18
Qwen/Qwen2.5-14B,fictional_b1,fictional,1,last,4,16,3,0.0648,0.0058,-0.059,0.0011,42,18
Qwen/Qwen2.5-14B,fictional_b1,fictional,1,last,4,2,4,-0.0067,-0.0137,-0.007,-0.0595,42,18
Qwen/Qwen2.5-14B,fictional_b1,fictional,1,last,4,3,4,0.0026,-0.0117,-0.0142,-0.0366,42,18
Qwen/Qwen2.5-14B,fictional_b1,fictional,1,last,4,5,4,0.0368,0.0999,0.0631,-0.0212,42,18
Qwen/Qwen2.5-14B,fictional_b1,fictional,1,last,4,8,4,0.0131,0.0999,0.0868,-0.0062,42,18
Qwen/Qwen2.5-14B,fictional_b1,fictional,1,last,4,16,4,0.0539,0.0298,-0.0241,0.0187,42,18
Qwen/Qwen2.5-14B,fictional_b1,fictional,1,last,4,2,5,0.0021,0.0202,0.0181,-0.0231,42,18
Qwen/Qwen2.5-14B,fictional_b1,fictional,1,last,4,3,5,0.0147,0.0259,0.0111,-0.0326,42,18
Qwen/Qwen2.5-14B,fictional_b1,fictional,1,last,4,5,5,0.0001,0.0584,0.0584,-0.0528,42,18
Qwen/Qwen2.5-14B,fictional_b1,fictional,1,last,4,8,5,-0.0195,0.0536,0.073,0.0005,42,18
Qwen/Qwen2.5-14B,fictional_b1,fictional,1,last,4,16,5,0.0395,0.0774,0.0379,-0.0048,42,18
Qwen/Qwen2.5-14B,fictional_b1,fictional,1,last,8,2,0,-0.0162,-0.0064,0.0098,0.0302,42,18
Qwen/Qwen2.5-14B,fictional_b1,fictional,1,last,8,3,0,-0.0123,-0.011,0.0012,0.026,42,18
Qwen/Qwen2.5-14B,fictional_b1,fictional,1,last,8,5,0,-0.0182,0.1115,0.1297,0.0075,42,18
Qwen/Qwen2.5-14B,fictional_b1,fictional,1,last,8,8,0,-0.0084,0.0856,0.0941,-0.0131,42,18
Qwen/Qwen2.5-14B,fictional_b1,fictional,1,last,8,16,0,0.0474,0.0336,-0.0138,-0.018,42,18
Qwen/Qwen2.5-14B,fictional_b1,fictional,1,last,8,2,1,-0.0276,-0.0361,-0.0085,0.0235,42,18
Qwen/Qwen2.5-14B,fictional_b1,fictional,1,last,8,3,1,-0.0049,0.0232,0.0282,-0.022,42,18
Qwen/Qwen2.5-14B,fictional_b1,fictional,1,last,8,5,1,0.0291,0.0833,0.0542,-0.0452,42,18
Qwen/Qwen2.5-14B,fictional_b1,fictional,1,last,8,8,1,-0.0216,0.0841,0.1057,0.0022,42,18
Qwen/Qwen2.5-14B,fictional_b1,fictional,1,last,8,16,1,0.0185,0.1707,0.1522,-0.0379,42,18
Qwen/Qwen2.5-14B,fictional_b1,fictional,1,last,8,2,2,0.075,0.0199,-0.0551,-0.0115,42,18
Qwen/Qwen2.5-14B,fictional_b1,fictional,1,last,8,3,2,-0.0088,0.0608,0.0696,0.0007,42,18
Qwen/Qwen2.5-14B,fictional_b1,fictional,1,last,8,5,2,-0.0307,0.062,0.0927,0.0014,42,18
Qwen/Qwen2.5-14B,fictional_b1,fictional,1,last,8,8,2,0.0182,0.0968,0.0786,0.0065,42,18
Qwen/Qwen2.5-14B,fictional_b1,fictional,1,last,8,16,2,0.0734,0.0219,-0.0515,-0.0592,42,18
Qwen/Qwen2.5-14B,fictional_b1,fictional,1,last,8,2,3,-0.0016,-0.0007,0.0009,-0.0266,42,18
Qwen/Qwen2.5-14B,fictional_b1,fictional,1,last,8,3,3,-0.0052,-0.0119,-0.0067,-0.0253,42,18
Qwen/Qwen2.5-14B,fictional_b1,fictional,1,last,8,5,3,0.0116,0.0998,0.0882,-0.0182,42,18
Qwen/Qwen2.5-14B,fictional_b1,fictional,1,last,8,8,3,0.0346,0.0595,0.0249,0.028,42,18
Qwen/Qwen2.5-14B,fictional_b1,fictional,1,last,8,16,3,0.0163,0.0335,0.0172,0.0062,42,18
Qwen/Qwen2.5-14B,fictional_b1,fictional,1,last,8,2,4,0.0133,0.0161,0.0029,0.0072,42,18
Qwen/Qwen2.5-14B,fictional_b1,fictional,1,last,8,3,4,-0.0026,0.0598,0.0624,0.0163,42,18
Qwen/Qwen2.5-14B,fictional_b1,fictional,1,last,8,5,4,0.0207,0.113,0.0923,-0.0407,42,18
Qwen/Qwen2.5-14B,fictional_b1,fictional,1,last,8,8,4,0.0232,0.1304,0.1071,-0.0196,42,18
Qwen/Qwen2.5-14B,fictional_b1,fictional,1,last,8,16,4,0.0533,0.0977,0.0444,-0.0222,42,18
Qwen/Qwen2.5-14B,fictional_b1,fictional,1,last,8,2,5,-0.0005,-0.0075,-0.007,-0.0336,42,18
Qwen/Qwen2.5-14B,fictional_b1,fictional,1,last,8,3,5,-0.0106,0.0034,0.014,-0.0176,42,18
Qwen/Qwen2.5-14B,fictional_b1,fictional,1,last,8,5,5,-0.0136,0.053,0.0666,-0.0157,42,18
Qwen/Qwen2.5-14B,fictional_b1,fictional,1,last,8,8,5,-0.0057,0.1103,0.116,0.0075,42,18
Qwen/Qwen2.5-14B,fictional_b1,fictional,1,last,8,16,5,0.019,-0.0141,-0.0332,-0.0201,42,18
Qwen/Qwen2.5-14B,fictional_b1,fictional,1,last,12,2,0,-0.0126,-0.0386,-0.026,-0.0193,42,18
Qwen/Qwen2.5-14B,fictional_b1,fictional,1,last,12,3,0,-0.0261,-0.0467,-0.0206,0.0486,42,18
Qwen/Qwen2.5-14B,fictional_b1,fictional,1,last,12,5,0,-0.0428,0.023,0.0658,-0.0128,42,18
Qwen/Qwen2.5-14B,fictional_b1,fictional,1,last,12,8,0,-0.013,0.1124,0.1254,-0.0089,42,18
Qwen/Qwen2.5-14B,fictional_b1,fictional,1,last,12,16,0,0.042,0.0206,-0.0214,0.0338,42,18
Qwen/Qwen2.5-14B,fictional_b1,fictional,1,last,12,2,1,0.0068,-0.0093,-0.016,-0.0153,42,18
Qwen/Qwen2.5-14B,fictional_b1,fictional,1,last,12,3,1,0.0206,0.0508,0.0302,-0.0071,42,18
Qwen/Qwen2.5-14B,fictional_b1,fictional,1,last,12,5,1,0.0051,0.0623,0.0571,-0.0294,42,18
Qwen/Qwen2.5-14B,fictional_b1,fictional,1,last,12,8,1,0.0318,0.1025,0.0707,-0.0424,42,18
Qwen/Qwen2.5-14B,fictional_b1,fictional,1,last,12,16,1,0.0593,0.1314,0.0721,-0.0329,42,18
Qwen/Qwen2.5-14B,fictional_b1,fictional,1,last,12,2,2,-0.0081,-0.0288,-0.0208,0.0177,42,18
Qwen/Qwen2.5-14B,fictional_b1,fictional,1,last,12,3,2,0.0085,0.0245,0.016,-0.025,42,18
Qwen/Qwen2.5-14B,fictional_b1,fictional,1,last,12,5,2,-0.0301,0.071,0.1011,0.0031,42,18
Qwen/Qwen2.5-14B,fictional_b1,fictional,1,last,12,8,2,-0.0193,0.0771,0.0964,0.0094,42,18
Qwen/Qwen2.5-14B,fictional_b1,fictional,1,last,12,16,2,0.0556,0.0701,0.0145,0.0297,42,18
Qwen/Qwen2.5-14B,fictional_b1,fictional,1,last,12,2,3,0.0252,-0.0207,-0.0459,-0.0376,42,18
Qwen/Qwen2.5-14B,fictional_b1,fictional,1,last,12,3,3,0.0247,-0.0205,-0.0452,-0.0171,42,18
Qwen/Qwen2.5-14B,fictional_b1,fictional,1,last,12,5,3,0.005,0.0757,0.0708,0.0176,42,18
Qwen/Qwen2.5-14B,fictional_b1,fictional,1,last,12,8,3,0.03,0.1379,0.1079,0.0013,42,18
Qwen/Qwen2.5-14B,fictional_b1,fictional,1,last,12,16,3,0.0329,0.0939,0.0609,-0.0546,42,18
Qwen/Qwen2.5-14B,fictional_b1,fictional,1,last,12,2,4,-0.0115,-0.0068,0.0047,-0.0113,42,18
Qwen/Qwen2.5-14B,fictional_b1,fictional,1,last,12,3,4,0.015,0.0226,0.0077,-0.0,42,18
Qwen/Qwen2.5-14B,fictional_b1,fictional,1,last,12,5,4,0.0373,0.0907,0.0534,-0.0326,42,18
Qwen/Qwen2.5-14B,fictional_b1,fictional,1,last,12,8,4,-0.0071,0.0959,0.103,-0.0119,42,18
Qwen/Qwen2.5-14B,fictional_b1,fictional,1,last,12,16,4,0.0547,0.0971,0.0423,0.0253,42,18
Qwen/Qwen2.5-14B,fictional_b1,fictional,1,last,12,2,5,0.0006,0.0591,0.0585,-0.0037,42,18
Qwen/Qwen2.5-14B,fictional_b1,fictional,1,last,12,3,5,0.0001,0.0497,0.0496,0.0171,42,18
Qwen/Qwen2.5-14B,fictional_b1,fictional,1,last,12,5,5,0.0041,0.0917,0.0876,-0.0118,42,18
Qwen/Qwen2.5-14B,fictional_b1,fictional,1,last,12,8,5,-0.0359,0.133,0.1689,-0.0061,42,18
Qwen/Qwen2.5-14B,fictional_b1,fictional,1,last,12,16,5,0.0847,0.0592,-0.0255,-0.0275,42,18
Qwen/Qwen2.5-14B,fictional_b1,fictional,1,last,16,2,0,-0.0006,0.0098,0.0104,-0.0264,42,18
Qwen/Qwen2.5-14B,fictional_b1,fictional,1,last,16,3,0,0.0019,0.0317,0.0297,-0.0301,42,18
Qwen/Qwen2.5-14B,fictional_b1,fictional,1,last,16,5,0,0.0239,0.0579,0.034,-0.0178,42,18
Qwen/Qwen2.5-14B,fictional_b1,fictional,1,last,16,8,0,-0.002,0.0883,0.0903,-0.0071,42,18
Qwen/Qwen2.5-14B,fictional_b1,fictional,1,last,16,16,0,0.0046,0.208,0.2033,0.0051,42,18
Qwen/Qwen2.5-14B,fictional_b1,fictional,1,last,16,2,1,-0.0108,-0.0051,0.0057,0.0306,42,18
Qwen/Qwen2.5-14B,fictional_b1,fictional,1,last,16,3,1,-0.0125,0.0136,0.0261,-0.0542,42,18
Qwen/Qwen2.5-14B,fictional_b1,fictional,1,last,16,5,1,-0.0095,0.0891,0.0986,-0.0216,42,18
Qwen/Qwen2.5-14B,fictional_b1,fictional,1,last,16,8,1,-0.0327,0.1613,0.194,-0.0109,42,18
Qwen/Qwen2.5-14B,fictional_b1,fictional,1,last,16,16,1,0.0745,0.0858,0.0114,-0.0393,42,18
Qwen/Qwen2.5-14B,fictional_b1,fictional,1,last,16,2,2,0.0413,0.0095,-0.0318,-0.0192,42,18
Qwen/Qwen2.5-14B,fictional_b1,fictional,1,last,16,3,2,0.0094,0.0218,0.0123,0.0133,42,18
Qwen/Qwen2.5-14B,fictional_b1,fictional,1,last,16,5,2,0.0093,0.0814,0.0721,-0.0153,42,18
Qwen/Qwen2.5-14B,fictional_b1,fictional,1,last,16,8,2,0.0261,0.1272,0.1011,-0.0004,42,18
Qwen/Qwen2.5-14B,fictional_b1,fictional,1,last,16,16,2,0.0629,0.0657,0.0028,0.0266,42,18
Qwen/Qwen2.5-14B,fictional_b1,fictional,1,last,16,2,3,-0.0182,-0.0089,0.0094,0.008,42,18
Qwen/Qwen2.5-14B,fictional_b1,fictional,1,last,16,3,3,-0.0101,0.0324,0.0424,-0.0101,42,18
Qwen/Qwen2.5-14B,fictional_b1,fictional,1,last,16,5,3,-0.0108,0.0894,0.1002,-0.0041,42,18
Qwen/Qwen2.5-14B,fictional_b1,fictional,1,last,16,8,3,0.0249,0.124,0.0991,-0.0155,42,18
Qwen/Qwen2.5-14B,fictional_b1,fictional,1,last,16,16,3,0.0304,0.0651,0.0347,-0.0148,42,18
Qwen/Qwen2.5-14B,fictional_b1,fictional,1,last,16,2,4,-0.0055,0.0119,0.0175,0.0408,42,18
Qwen/Qwen2.5-14B,fictional_b1,fictional,1,last,16,3,4,0.0583,-0.0355,-0.0938,0.002,42,18
Qwen/Qwen2.5-14B,fictional_b1,fictional,1,last,16,5,4,0.0047,0.0284,0.0238,-0.0482,42,18
Qwen/Qwen2.5-14B,fictional_b1,fictional,1,last,16,8,4,0.0241,0.111,0.0869,-0.0205,42,18
Qwen/Qwen2.5-14B,fictional_b1,fictional,1,last,16,16,4,0.0617,0.0321,-0.0295,0.0493,42,18
Qwen/Qwen2.5-14B,fictional_b1,fictional,1,last,16,2,5,-0.0216,0.01,0.0316,-0.0441,42,18
Qwen/Qwen2.5-14B,fictional_b1,fictional,1,last,16,3,5,0.0035,0.092,0.0885,-0.0208,42,18
Qwen/Qwen2.5-14B,fictional_b1,fictional,1,last,16,5,5,0.0862,0.0907,0.0045,-0.0055,42,18
Qwen/Qwen2.5-14B,fictional_b1,fictional,1,last,16,8,5,0.0359,0.0978,0.0619,-0.0338,42,18
Qwen/Qwen2.5-14B,fictional_b1,fictional,1,last,16,16,5,0.0714,0.0546,-0.0168,-0.0365,42,18
Qwen/Qwen2.5-14B,fictional_b1,fictional,1,last,20,2,0,0.0002,0.0711,0.0709,-0.0198,42,18
Qwen/Qwen2.5-14B,fictional_b1,fictional,1,last,20,3,0,0.0371,0.0461,0.009,-0.0439,42,18
Qwen/Qwen2.5-14B,fictional_b1,fictional,1,last,20,5,0,0.0179,0.1101,0.0923,-0.0339,42,18
Qwen/Qwen2.5-14B,fictional_b1,fictional,1,last,20,8,0,0.0452,0.1357,0.0905,0.009,42,18
Qwen/Qwen2.5-14B,fictional_b1,fictional,1,last,20,16,0,0.0892,0.1522,0.063,0.0098,42,18
Qwen/Qwen2.5-14B,fictional_b1,fictional,1,last,20,2,1,0.0232,0.0325,0.0093,0.0161,42,18
Qwen/Qwen2.5-14B,fictional_b1,fictional,1,last,20,3,1,0.0216,0.0355,0.014,-0.0273,42,18
Qwen/Qwen2.5-14B,fictional_b1,fictional,1,last,20,5,1,0.003,0.0653,0.0623,0.0316,42,18
Qwen/Qwen2.5-14B,fictional_b1,fictional,1,last,20,8,1,0.0211,0.1596,0.1385,-0.0144,42,18
Qwen/Qwen2.5-14B,fictional_b1,fictional,1,last,20,16,1,0.1184,0.0992,-0.0192,-0.007,42,18
Qwen/Qwen2.5-14B,fictional_b1,fictional,1,last,20,2,2,-0.0368,-0.0235,0.0132,0.0395,42,18
Qwen/Qwen2.5-14B,fictional_b1,fictional,1,last,20,3,2,0.0239,0.0169,-0.007,-0.0057,42,18
Qwen/Qwen2.5-14B,fictional_b1,fictional,1,last,20,5,2,0.0125,0.0725,0.06,-0.0064,42,18
Qwen/Qwen2.5-14B,fictional_b1,fictional,1,last,20,8,2,0.0205,0.1509,0.1304,0.0176,42,18
Qwen/Qwen2.5-14B,fictional_b1,fictional,1,last,20,16,2,0.1383,0.0406,-0.0977,0.0331,42,18
Qwen/Qwen2.5-14B,fictional_b1,fictional,1,last,20,2,3,0.0211,0.047,0.026,-0.0268,42,18
Qwen/Qwen2.5-14B,fictional_b1,fictional,1,last,20,3,3,0.0055,0.044,0.0385,0.0143,42,18
Qwen/Qwen2.5-14B,fictional_b1,fictional,1,last,20,5,3,-0.0042,0.083,0.0872,0.0416,42,18
Qwen/Qwen2.5-14B,fictional_b1,fictional,1,last,20,8,3,0.0281,0.1706,0.1425,-0.0044,42,18
Qwen/Qwen2.5-14B,fictional_b1,fictional,1,last,20,16,3,0.1129,0.0654,-0.0476,0.0025,42,18
Qwen/Qwen2.5-14B,fictional_b1,fictional,1,last,20,2,4,0.0404,0.0137,-0.0267,0.0138,42,18
Qwen/Qwen2.5-14B,fictional_b1,fictional,1,last,20,3,4,-0.0141,0.0175,0.0315,-0.0506,42,18
Qwen/Qwen2.5-14B,fictional_b1,fictional,1,last,20,5,4,0.0257,0.1222,0.0965,-0.0014,42,18
Qwen/Qwen2.5-14B,fictional_b1,fictional,1,last,20,8,4,0.0534,0.1288,0.0754,-0.0399,42,18
Qwen/Qwen2.5-14B,fictional_b1,fictional,1,last,20,16,4,0.0487,0.1439,0.0952,-0.0236,42,18
Qwen/Qwen2.5-14B,fictional_b1,fictional,1,last,20,2,5,-0.0281,0.0038,0.0319,0.0199,42,18
Qwen/Qwen2.5-14B,fictional_b1,fictional,1,last,20,3,5,-0.0029,0.0236,0.0264,0.0156,42,18
Qwen/Qwen2.5-14B,fictional_b1,fictional,1,last,20,5,5,-0.0003,0.0959,0.0962,0.0487,42,18
Qwen/Qwen2.5-14B,fictional_b1,fictional,1,last,20,8,5,0.0573,0.0858,0.0284,0.004,42,18
Qwen/Qwen2.5-14B,fictional_b1,fictional,1,last,20,16,5,0.126,0.0563,-0.0697,0.0072,42,18
Qwen/Qwen2.5-14B,fictional_b1,fictional,1,last,24,2,0,0.0722,0.0332,-0.039,-0.0483,42,18
Qwen/Qwen2.5-14B,fictional_b1,fictional,1,last,24,3,0,0.0726,0.0468,-0.0258,-0.0024,42,18
Qwen/Qwen2.5-14B,fictional_b1,fictional,1,last,24,5,0,0.0655,0.1443,0.0788,-0.0083,42,18
Qwen/Qwen2.5-14B,fictional_b1,fictional,1,last,24,8,0,0.0935,0.1534,0.0599,-0.0243,42,18
Qwen/Qwen2.5-14B,fictional_b1,fictional,1,last,24,16,0,0.1513,0.2531,0.1018,0.0068,42,18
Qwen/Qwen2.5-14B,fictional_b1,fictional,1,last,24,2,1,0.0603,0.086,0.0257,-0.0217,42,18
Qwen/Qwen2.5-14B,fictional_b1,fictional,1,last,24,3,1,0.0653,0.0218,-0.0436,0.0199,42,18
Qwen/Qwen2.5-14B,fictional_b1,fictional,1,last,24,5,1,0.0867,0.2064,0.1197,-0.0198,42,18
Qwen/Qwen2.5-14B,fictional_b1,fictional,1,last,24,8,1,0.1268,0.1858,0.059,-0.0056,42,18
Qwen/Qwen2.5-14B,fictional_b1,fictional,1,last,24,16,1,0.1805,0.1922,0.0117,0.0094,42,18
Qwen/Qwen2.5-14B,fictional_b1,fictional,1,last,24,2,2,0.0511,0.0627,0.0116,0.0231,42,18
Qwen/Qwen2.5-14B,fictional_b1,fictional,1,last,24,3,2,0.075,0.087,0.012,-0.0435,42,18
Qwen/Qwen2.5-14B,fictional_b1,fictional,1,last,24,5,2,0.0906,0.1432,0.0526,0.0515,42,18
Qwen/Qwen2.5-14B,fictional_b1,fictional,1,last,24,8,2,0.1006,0.0667,-0.0339,0.0048,42,18
Qwen/Qwen2.5-14B,fictional_b1,fictional,1,last,24,16,2,0.1358,0.1817,0.0459,0.011,42,18
Qwen/Qwen2.5-14B,fictional_b1,fictional,1,last,24,2,3,0.0181,0.063,0.0449,-0.0063,42,18
Qwen/Qwen2.5-14B,fictional_b1,fictional,1,last,24,3,3,0.0676,0.0597,-0.0079,0.0113,42,18
Qwen/Qwen2.5-14B,fictional_b1,fictional,1,last,24,5,3,0.0291,0.1499,0.1208,0.0006,42,18
Qwen/Qwen2.5-14B,fictional_b1,fictional,1,last,24,8,3,0.0803,0.1091,0.0288,-0.0164,42,18
Qwen/Qwen2.5-14B,fictional_b1,fictional,1,last,24,16,3,0.1413,0.2472,0.1059,-0.0254,42,18
Qwen/Qwen2.5-14B,fictional_b1,fictional,1,last,24,2,4,0.0031,-0.003,-0.0061,0.0026,42,18
Qwen/Qwen2.5-14B,fictional_b1,fictional,1,last,24,3,4,0.03,0.0456,0.0156,0.0096,42,18
Qwen/Qwen2.5-14B,fictional_b1,fictional,1,last,24,5,4,0.036,0.1035,0.0676,-0.0087,42,18
Qwen/Qwen2.5-14B,fictional_b1,fictional,1,last,24,8,4,0.0602,0.1154,0.0552,-0.0037,42,18
Qwen/Qwen2.5-14B,fictional_b1,fictional,1,last,24,16,4,0.1524,0.179,0.0266,-0.045,42,18
Qwen/Qwen2.5-14B,fictional_b1,fictional,1,last,24,2,5,0.0252,0.0411,0.0159,0.0486,42,18
Qwen/Qwen2.5-14B,fictional_b1,fictional,1,last,24,3,5,0.066,0.1107,0.0447,0.0138,42,18
Qwen/Qwen2.5-14B,fictional_b1,fictional,1,last,24,5,5,0.0994,0.1797,0.0804,0.0249,42,18
Qwen/Qwen2.5-14B,fictional_b1,fictional,1,last,24,8,5,0.0866,0.1978,0.1112,-0.0019,42,18
Qwen/Qwen2.5-14B,fictional_b1,fictional,1,last,24,16,5,0.1435,0.1456,0.0021,0.0001,42,18
Qwen/Qwen2.5-14B,fictional_b1,fictional,1,last,28,2,0,0.0614,0.0733,0.0119,0.024,42,18
Qwen/Qwen2.5-14B,fictional_b1,fictional,1,last,28,3,0,0.1125,0.1595,0.047,-0.056,42,18
Qwen/Qwen2.5-14B,fictional_b1,fictional,1,last,28,5,0,0.1774,0.2169,0.0396,0.0391,42,18
Qwen/Qwen2.5-14B,fictional_b1,fictional,1,last,28,8,0,0.1765,0.1806,0.0041,-0.0468,42,18
Qwen/Qwen2.5-14B,fictional_b1,fictional,1,last,28,16,0,0.2734,0.2781,0.0047,0.0031,42,18
Qwen/Qwen2.5-14B,fictional_b1,fictional,1,last,28,2,1,0.1021,0.0636,-0.0385,-0.0214,42,18
Qwen/Qwen2.5-14B,fictional_b1,fictional,1,last,28,3,1,0.0908,0.1411,0.0503,0.0101,42,18
Qwen/Qwen2.5-14B,fictional_b1,fictional,1,last,28,5,1,0.1099,0.2549,0.145,-0.0015,42,18
Qwen/Qwen2.5-14B,fictional_b1,fictional,1,last,28,8,1,0.2007,0.2127,0.012,-0.0316,42,18
Qwen/Qwen2.5-14B,fictional_b1,fictional,1,last,28,16,1,0.2734,0.274,0.0006,-0.0283,42,18
Qwen/Qwen2.5-14B,fictional_b1,fictional,1,last,28,2,2,0.0869,0.0584,-0.0285,-0.0295,42,18
Qwen/Qwen2.5-14B,fictional_b1,fictional,1,last,28,3,2,0.0526,0.107,0.0544,-0.0161,42,18
Qwen/Qwen2.5-14B,fictional_b1,fictional,1,last,28,5,2,0.1234,0.1904,0.067,0.0053,42,18
Qwen/Qwen2.5-14B,fictional_b1,fictional,1,last,28,8,2,0.1486,0.1778,0.0291,0.0321,42,18
Qwen/Qwen2.5-14B,fictional_b1,fictional,1,last,28,16,2,0.2113,0.2902,0.0789,0.0389,42,18
Qwen/Qwen2.5-14B,fictional_b1,fictional,1,last,28,2,3,0.0454,0.0788,0.0333,0.0074,42,18
Qwen/Qwen2.5-14B,fictional_b1,fictional,1,last,28,3,3,0.1204,0.1559,0.0355,-0.0212,42,18
Qwen/Qwen2.5-14B,fictional_b1,fictional,1,last,28,5,3,0.1749,0.165,-0.01,0.0148,42,18
Qwen/Qwen2.5-14B,fictional_b1,fictional,1,last,28,8,3,0.1634,0.2555,0.0921,0.0004,42,18
Qwen/Qwen2.5-14B,fictional_b1,fictional,1,last,28,16,3,0.2237,0.2903,0.0666,-0.0356,42,18
Qwen/Qwen2.5-14B,fictional_b1,fictional,1,last,28,2,4,0.0212,0.0535,0.0323,-0.0252,42,18
Qwen/Qwen2.5-14B,fictional_b1,fictional,1,last,28,3,4,0.0824,0.0399,-0.0425,-0.0124,42,18
Qwen/Qwen2.5-14B,fictional_b1,fictional,1,last,28,5,4,0.1307,0.1551,0.0244,-0.0138,42,18
Qwen/Qwen2.5-14B,fictional_b1,fictional,1,last,28,8,4,0.1713,0.2019,0.0306,-0.0469,42,18
Qwen/Qwen2.5-14B,fictional_b1,fictional,1,last,28,16,4,0.2497,0.2691,0.0194,-0.0466,42,18
Qwen/Qwen2.5-14B,fictional_b1,fictional,1,last,28,2,5,0.1105,0.1042,-0.0063,0.0241,42,18
Qwen/Qwen2.5-14B,fictional_b1,fictional,1,last,28,3,5,0.1479,0.0692,-0.0786,0.0209,42,18
Qwen/Qwen2.5-14B,fictional_b1,fictional,1,last,28,5,5,0.1031,0.1959,0.0928,0.0379,42,18
Qwen/Qwen2.5-14B,fictional_b1,fictional,1,last,28,8,5,0.1494,0.1902,0.0407,-0.0332,42,18
Qwen/Qwen2.5-14B,fictional_b1,fictional,1,last,28,16,5,0.234,0.2627,0.0287,-0.0231,42,18
Qwen/Qwen2.5-14B,fictional_b1,fictional,1,last,32,2,0,0.1099,0.0644,-0.0455,0.0065,42,18
Qwen/Qwen2.5-14B,fictional_b1,fictional,1,last,32,3,0,0.0993,0.116,0.0166,0.0025,42,18
Qwen/Qwen2.5-14B,fictional_b1,fictional,1,last,32,5,0,0.1141,0.1679,0.0538,0.014,42,18
Qwen/Qwen2.5-14B,fictional_b1,fictional,1,last,32,8,0,0.1212,0.2171,0.0959,-0.0041,42,18
Qwen/Qwen2.5-14B,fictional_b1,fictional,1,last,32,16,0,0.2759,0.2616,-0.0143,-0.0045,42,18
Qwen/Qwen2.5-14B,fictional_b1,fictional,1,last,32,2,1,0.0616,0.0948,0.0332,0.0145,42,18
Qwen/Qwen2.5-14B,fictional_b1,fictional,1,last,32,3,1,0.1189,0.1278,0.0089,-0.0014,42,18
Qwen/Qwen2.5-14B,fictional_b1,fictional,1,last,32,5,1,0.1432,0.175,0.0318,-0.0385,42,18
Qwen/Qwen2.5-14B,fictional_b1,fictional,1,last,32,8,1,0.1374,0.2635,0.1262,-0.0232,42,18
Qwen/Qwen2.5-14B,fictional_b1,fictional,1,last,32,16,1,0.2824,0.2428,-0.0396,-0.0442,42,18
Qwen/Qwen2.5-14B,fictional_b1,fictional,1,last,32,2,2,0.108,0.1302,0.0222,0.0143,42,18
Qwen/Qwen2.5-14B,fictional_b1,fictional,1,last,32,3,2,0.0724,0.0876,0.0152,0.0002,42,18
Qwen/Qwen2.5-14B,fictional_b1,fictional,1,last,32,5,2,0.1336,0.2203,0.0866,0.0217,42,18
Qwen/Qwen2.5-14B,fictional_b1,fictional,1,last,32,8,2,0.097,0.2407,0.1438,-0.0096,42,18
Qwen/Qwen2.5-14B,fictional_b1,fictional,1,last,32,16,2,0.2595,0.2417,-0.0178,0.0113,42,18
Qwen/Qwen2.5-14B,fictional_b1,fictional,1,last,32,2,3,0.1516,0.1473,-0.0044,-0.0125,42,18
Qwen/Qwen2.5-14B,fictional_b1,fictional,1,last,32,3,3,0.096,0.1802,0.0842,0.0266,42,18
Qwen/Qwen2.5-14B,fictional_b1,fictional,1,last,32,5,3,0.1286,0.1986,0.07,-0.0035,42,18
Qwen/Qwen2.5-14B,fictional_b1,fictional,1,last,32,8,3,0.1719,0.2518,0.0798,-0.0174,42,18
Qwen/Qwen2.5-14B,fictional_b1,fictional,1,last,32,16,3,0.2606,0.2833,0.0227,-0.0171,42,18
Qwen/Qwen2.5-14B,fictional_b1,fictional,1,last,32,2,4,0.0893,0.0996,0.0103,0.0026,42,18
Qwen/Qwen2.5-14B,fictional_b1,fictional,1,last,32,3,4,0.0561,0.1005,0.0445,-0.0151,42,18
Qwen/Qwen2.5-14B,fictional_b1,fictional,1,last,32,5,4,0.142,0.1567,0.0147,-0.0409,42,18
Qwen/Qwen2.5-14B,fictional_b1,fictional,1,last,32,8,4,0.1859,0.2235,0.0376,-0.0122,42,18
Qwen/Qwen2.5-14B,fictional_b1,fictional,1,last,32,16,4,0.2654,0.291,0.0256,-0.0012,42,18
Qwen/Qwen2.5-14B,fictional_b1,fictional,1,last,32,2,5,0.1025,0.0784,-0.0241,-0.0247,42,18
Qwen/Qwen2.5-14B,fictional_b1,fictional,1,last,32,3,5,0.1013,0.1008,-0.0005,0.0158,42,18
Qwen/Qwen2.5-14B,fictional_b1,fictional,1,last,32,5,5,0.1826,0.2041,0.0214,-0.0144,42,18
Qwen/Qwen2.5-14B,fictional_b1,fictional,1,last,32,8,5,0.215,0.2368,0.0218,0.0148,42,18
Qwen/Qwen2.5-14B,fictional_b1,fictional,1,last,32,16,5,0.2381,0.2309,-0.0072,-0.0128,42,18
Qwen/Qwen2.5-14B,fictional_b1,fictional,1,last,36,2,0,0.1303,0.0836,-0.0467,-0.0437,42,18
Qwen/Qwen2.5-14B,fictional_b1,fictional,1,last,36,3,0,0.1087,0.0743,-0.0343,-0.0042,42,18
Qwen/Qwen2.5-14B,fictional_b1,fictional,1,last,36,5,0,0.1056,0.1401,0.0345,-0.0118,42,18
Qwen/Qwen2.5-14B,fictional_b1,fictional,1,last,36,8,0,0.1038,0.1565,0.0527,-0.0428,42,18
Qwen/Qwen2.5-14B,fictional_b1,fictional,1,last,36,16,0,0.2868,0.2529,-0.034,-0.0162,42,18
Qwen/Qwen2.5-14B,fictional_b1,fictional,1,last,36,2,1,0.0455,0.0486,0.003,0.0738,42,18
Qwen/Qwen2.5-14B,fictional_b1,fictional,1,last,36,3,1,0.0977,0.154,0.0563,-0.0095,42,18
Qwen/Qwen2.5-14B,fictional_b1,fictional,1,last,36,5,1,0.143,0.1248,-0.0181,0.0093,42,18
Qwen/Qwen2.5-14B,fictional_b1,fictional,1,last,36,8,1,0.1448,0.1708,0.026,-0.0516,42,18
Qwen/Qwen2.5-14B,fictional_b1,fictional,1,last,36,16,1,0.2165,0.2109,-0.0056,0.008,42,18
Qwen/Qwen2.5-14B,fictional_b1,fictional,1,last,36,2,2,0.0686,0.0572,-0.0114,0.0395,42,18
Qwen/Qwen2.5-14B,fictional_b1,fictional,1,last,36,3,2,0.0704,0.0919,0.0215,0.017,42,18
Qwen/Qwen2.5-14B,fictional_b1,fictional,1,last,36,5,2,0.0906,0.2358,0.1451,-0.0012,42,18
Qwen/Qwen2.5-14B,fictional_b1,fictional,1,last,36,8,2,0.1524,0.1907,0.0384,0.0477,42,18
Qwen/Qwen2.5-14B,fictional_b1,fictional,1,last,36,16,2,0.2099,0.2303,0.0204,-0.0065,42,18
Qwen/Qwen2.5-14B,fictional_b1,fictional,1,last,36,2,3,0.0627,0.0893,0.0267,-0.0275,42,18
Qwen/Qwen2.5-14B,fictional_b1,fictional,1,last,36,3,3,0.1069,0.119,0.0121,-0.0338,42,18
Qwen/Qwen2.5-14B,fictional_b1,fictional,1,last,36,5,3,0.1241,0.2151,0.0911,-0.0217,42,18
Qwen/Qwen2.5-14B,fictional_b1,fictional,1,last,36,8,3,0.1584,0.2605,0.1022,0.006,42,18
Qwen/Qwen2.5-14B,fictional_b1,fictional,1,last,36,16,3,0.2331,0.2128,-0.0203,0.0073,42,18
Qwen/Qwen2.5-14B,fictional_b1,fictional,1,last,36,2,4,0.1186,0.1134,-0.0052,0.0008,42,18
Qwen/Qwen2.5-14B,fictional_b1,fictional,1,last,36,3,4,0.1073,0.0684,-0.0389,-0.0289,42,18
Qwen/Qwen2.5-14B,fictional_b1,fictional,1,last,36,5,4,0.1073,0.1783,0.071,-0.0143,42,18
Qwen/Qwen2.5-14B,fictional_b1,fictional,1,last,36,8,4,0.2063,0.2122,0.006,-0.0202,42,18
Qwen/Qwen2.5-14B,fictional_b1,fictional,1,last,36,16,4,0.2936,0.1582,-0.1354,-0.0333,42,18
Qwen/Qwen2.5-14B,fictional_b1,fictional,1,last,36,2,5,0.0781,0.1383,0.0603,0.0242,42,18
Qwen/Qwen2.5-14B,fictional_b1,fictional,1,last,36,3,5,0.0975,0.149,0.0515,-0.022,42,18
Qwen/Qwen2.5-14B,fictional_b1,fictional,1,last,36,5,5,0.1319,0.2075,0.0755,-0.0087,42,18
Qwen/Qwen2.5-14B,fictional_b1,fictional,1,last,36,8,5,0.1499,0.2256,0.0757,0.0381,42,18
Qwen/Qwen2.5-14B,fictional_b1,fictional,1,last,36,16,5,0.2004,0.2838,0.0833,-0.0089,42,18
Qwen/Qwen2.5-14B,fictional_b1,fictional,1,last,40,2,0,0.093,0.0672,-0.0258,0.0027,42,18
Qwen/Qwen2.5-14B,fictional_b1,fictional,1,last,40,3,0,0.0511,0.1228,0.0717,0.0011,42,18
Qwen/Qwen2.5-14B,fictional_b1,fictional,1,last,40,5,0,0.1077,0.1952,0.0874,0.0312,42,18
Qwen/Qwen2.5-14B,fictional_b1,fictional,1,last,40,8,0,0.1669,0.1607,-0.0063,-0.0379,42,18
Qwen/Qwen2.5-14B,fictional_b1,fictional,1,last,40,16,0,0.1958,0.0268,-0.169,-0.0369,42,18
Qwen/Qwen2.5-14B,fictional_b1,fictional,1,last,40,2,1,0.0696,0.0679,-0.0017,-0.0032,42,18
Qwen/Qwen2.5-14B,fictional_b1,fictional,1,last,40,3,1,0.1387,0.1032,-0.0355,-0.0047,42,18
Qwen/Qwen2.5-14B,fictional_b1,fictional,1,last,40,5,1,0.1941,0.1138,-0.0803,0.0232,42,18
Qwen/Qwen2.5-14B,fictional_b1,fictional,1,last,40,8,1,0.175,0.1929,0.0179,-0.0243,42,18
Qwen/Qwen2.5-14B,fictional_b1,fictional,1,last,40,16,1,0.2163,0.2543,0.0381,0.006,42,18
Qwen/Qwen2.5-14B,fictional_b1,fictional,1,last,40,2,2,0.1047,0.077,-0.0277,-0.0058,42,18
Qwen/Qwen2.5-14B,fictional_b1,fictional,1,last,40,3,2,0.0843,0.157,0.0727,-0.0019,42,18
Qwen/Qwen2.5-14B,fictional_b1,fictional,1,last,40,5,2,0.0852,0.1572,0.072,0.0215,42,18
Qwen/Qwen2.5-14B,fictional_b1,fictional,1,last,40,8,2,0.1373,0.1557,0.0184,0.0194,42,18
Qwen/Qwen2.5-14B,fictional_b1,fictional,1,last,40,16,2,0.2341,0.0921,-0.142,0.0182,42,18
Qwen/Qwen2.5-14B,fictional_b1,fictional,1,last,40,2,3,0.0707,0.0647,-0.006,-0.0228,42,18
Qwen/Qwen2.5-14B,fictional_b1,fictional,1,last,40,3,3,0.0906,0.1064,0.0157,-0.0127,42,18
Qwen/Qwen2.5-14B,fictional_b1,fictional,1,last,40,5,3,0.1052,0.1829,0.0777,-0.0544,42,18
Qwen/Qwen2.5-14B,fictional_b1,fictional,1,last,40,8,3,0.159,0.2029,0.0438,-0.0053,42,18
Qwen/Qwen2.5-14B,fictional_b1,fictional,1,last,40,16,3,0.2116,0.2627,0.0512,-0.0368,42,18
Qwen/Qwen2.5-14B,fictional_b1,fictional,1,last,40,2,4,0.1111,0.1035,-0.0076,0.0548,42,18
Qwen/Qwen2.5-14B,fictional_b1,fictional,1,last,40,3,4,0.0918,0.1122,0.0204,-0.0354,42,18
Qwen/Qwen2.5-14B,fictional_b1,fictional,1,last,40,5,4,0.0967,0.1098,0.0131,-0.0543,42,18
Qwen/Qwen2.5-14B,fictional_b1,fictional,1,last,40,8,4,0.1637,0.1955,0.0318,-0.0048,42,18
Qwen/Qwen2.5-14B,fictional_b1,fictional,1,last,40,16,4,0.2525,0.2716,0.019,-0.0424,42,18
Qwen/Qwen2.5-14B,fictional_b1,fictional,1,last,40,2,5,0.0721,0.1275,0.0555,-0.0326,42,18
Qwen/Qwen2.5-14B,fictional_b1,fictional,1,last,40,3,5,0.1089,0.1344,0.0255,0.0147,42,18
Qwen/Qwen2.5-14B,fictional_b1,fictional,1,last,40,5,5,0.1116,0.1315,0.02,-0.0081,42,18
Qwen/Qwen2.5-14B,fictional_b1,fictional,1,last,40,8,5,0.0989,0.2009,0.102,-0.0104,42,18
Qwen/Qwen2.5-14B,fictional_b1,fictional,1,last,40,16,5,0.1995,0.2439,0.0445,-0.0109,42,18
Qwen/Qwen2.5-14B,fictional_b1,fictional,1,last,44,2,0,0.0657,0.0873,0.0216,0.023,42,18
Qwen/Qwen2.5-14B,fictional_b1,fictional,1,last,44,3,0,0.1448,0.0936,-0.0511,-0.0089,42,18
Qwen/Qwen2.5-14B,fictional_b1,fictional,1,last,44,5,0,0.0832,0.184,0.1008,0.0025,42,18
Qwen/Qwen2.5-14B,fictional_b1,fictional,1,last,44,8,0,0.1644,0.1588,-0.0056,-0.0121,42,18
Qwen/Qwen2.5-14B,fictional_b1,fictional,1,last,44,16,0,0.2355,0.1451,-0.0904,0.0216,42,18
Qwen/Qwen2.5-14B,fictional_b1,fictional,1,last,44,2,1,-0.0001,0.0605,0.0606,0.0149,42,18
Qwen/Qwen2.5-14B,fictional_b1,fictional,1,last,44,3,1,0.1015,0.1118,0.0104,-0.0195,42,18
Qwen/Qwen2.5-14B,fictional_b1,fictional,1,last,44,5,1,0.1108,0.1658,0.055,-0.0365,42,18
Qwen/Qwen2.5-14B,fictional_b1,fictional,1,last,44,8,1,0.1194,0.1803,0.061,-0.0218,42,18
Qwen/Qwen2.5-14B,fictional_b1,fictional,1,last,44,16,1,0.248,0.2416,-0.0063,-0.0407,42,18
Qwen/Qwen2.5-14B,fictional_b1,fictional,1,last,44,2,2,0.1492,0.1147,-0.0345,-0.0477,42,18
Qwen/Qwen2.5-14B,fictional_b1,fictional,1,last,44,3,2,0.1401,0.1039,-0.0362,-0.0024,42,18
Qwen/Qwen2.5-14B,fictional_b1,fictional,1,last,44,5,2,0.1014,0.1752,0.0738,0.002,42,18
Qwen/Qwen2.5-14B,fictional_b1,fictional,1,last,44,8,2,0.1357,0.1804,0.0447,0.0191,42,18
Qwen/Qwen2.5-14B,fictional_b1,fictional,1,last,44,16,2,0.228,0.2009,-0.0271,0.0181,42,18
Qwen/Qwen2.5-14B,fictional_b1,fictional,1,last,44,2,3,0.0077,0.0147,0.0071,0.0045,42,18
Qwen/Qwen2.5-14B,fictional_b1,fictional,1,last,44,3,3,0.0866,0.0613,-0.0252,-0.0151,42,18
Qwen/Qwen2.5-14B,fictional_b1,fictional,1,last,44,5,3,0.1008,0.1963,0.0955,0.0063,42,18
Qwen/Qwen2.5-14B,fictional_b1,fictional,1,last,44,8,3,0.1253,0.1522,0.027,-0.0401,42,18
Qwen/Qwen2.5-14B,fictional_b1,fictional,1,last,44,16,3,0.1952,0.0594,-0.1358,-0.0301,42,18
Qwen/Qwen2.5-14B,fictional_b1,fictional,1,last,44,2,4,0.14,0.0878,-0.0521,-0.0231,42,18
Qwen/Qwen2.5-14B,fictional_b1,fictional,1,last,44,3,4,0.0808,0.089,0.0082,0.0331,42,18
Qwen/Qwen2.5-14B,fictional_b1,fictional,1,last,44,5,4,0.1375,0.1645,0.027,-0.0252,42,18
Qwen/Qwen2.5-14B,fictional_b1,fictional,1,last,44,8,4,0.1596,0.1544,-0.0052,-0.0125,42,18
Qwen/Qwen2.5-14B,fictional_b1,fictional,1,last,44,16,4,0.2404,0.0955,-0.1449,-0.0199,42,18
Qwen/Qwen2.5-14B,fictional_b1,fictional,1,last,44,2,5,0.1298,0.0907,-0.0391,-0.032,42,18
Qwen/Qwen2.5-14B,fictional_b1,fictional,1,last,44,3,5,0.0763,0.1117,0.0355,-0.0375,42,18
Qwen/Qwen2.5-14B,fictional_b1,fictional,1,last,44,5,5,0.0918,0.1299,0.0381,0.0107,42,18
Qwen/Qwen2.5-14B,fictional_b1,fictional,1,last,44,8,5,0.1559,0.1741,0.0182,-0.002,42,18
Qwen/Qwen2.5-14B,fictional_b1,fictional,1,last,44,16,5,0.1816,0.1666,-0.015,0.0274,42,18
Qwen/Qwen2.5-14B,fictional_b1,fictional,1,last,48,2,0,0.0565,0.0837,0.0272,-0.0118,42,18
Qwen/Qwen2.5-14B,fictional_b1,fictional,1,last,48,3,0,0.041,0.0729,0.0319,0.0166,42,18
Qwen/Qwen2.5-14B,fictional_b1,fictional,1,last,48,5,0,0.0367,0.1793,0.1425,-0.0114,42,18
Qwen/Qwen2.5-14B,fictional_b1,fictional,1,last,48,8,0,0.1649,0.1416,-0.0233,0.0103,42,18
Qwen/Qwen2.5-14B,fictional_b1,fictional,1,last,48,16,0,0.2008,0.1562,-0.0447,0.0281,42,18
Qwen/Qwen2.5-14B,fictional_b1,fictional,1,last,48,2,1,0.0852,0.0838,-0.0014,-0.0314,42,18
Qwen/Qwen2.5-14B,fictional_b1,fictional,1,last,48,3,1,0.0821,0.1014,0.0193,-0.0446,42,18
Qwen/Qwen2.5-14B,fictional_b1,fictional,1,last,48,5,1,0.1284,0.1251,-0.0034,-0.0015,42,18
Qwen/Qwen2.5-14B,fictional_b1,fictional,1,last,48,8,1,0.1136,0.1949,0.0813,-0.0087,42,18
Qwen/Qwen2.5-14B,fictional_b1,fictional,1,last,48,16,1,0.1407,0.1267,-0.014,-0.0402,42,18
Qwen/Qwen2.5-14B,fictional_b1,fictional,1,last,48,2,2,0.0862,0.0502,-0.036,-0.0119,42,18
Qwen/Qwen2.5-14B,fictional_b1,fictional,1,last,48,3,2,0.1596,0.1467,-0.0129,0.0057,42,18
Qwen/Qwen2.5-14B,fictional_b1,fictional,1,last,48,5,2,0.1036,0.1588,0.0553,-0.0116,42,18
Qwen/Qwen2.5-14B,fictional_b1,fictional,1,last,48,8,2,0.157,0.1814,0.0245,-0.0126,42,18
Qwen/Qwen2.5-14B,fictional_b1,fictional,1,last,48,16,2,0.1721,0.1458,-0.0263,-0.0422,42,18
Qwen/Qwen2.5-14B,fictional_b1,fictional,1,last,48,2,3,0.0371,0.0508,0.0137,0.015,42,18
Qwen/Qwen2.5-14B,fictional_b1,fictional,1,last,48,3,3,0.0013,0.0764,0.0751,0.0054,42,18
Qwen/Qwen2.5-14B,fictional_b1,fictional,1,last,48,5,3,0.0783,0.1819,0.1036,-0.0283,42,18
Qwen/Qwen2.5-14B,fictional_b1,fictional,1,last,48,8,3,0.1222,0.1298,0.0076,-0.0563,42,18
Qwen/Qwen2.5-14B,fictional_b1,fictional,1,last,48,16,3,0.142,0.1162,-0.0258,-0.0236,42,18
Qwen/Qwen2.5-14B,fictional_b1,fictional,1,last,48,2,4,0.0664,0.039,-0.0274,0.0206,42,18
Qwen/Qwen2.5-14B,fictional_b1,fictional,1,last,48,3,4,0.1083,0.1005,-0.0079,0.0123,42,18
Qwen/Qwen2.5-14B,fictional_b1,fictional,1,last,48,5,4,0.1111,0.1958,0.0846,-0.05,42,18
Qwen/Qwen2.5-14B,fictional_b1,fictional,1,last,48,8,4,0.1441,0.1259,-0.0182,-0.0268,42,18
Qwen/Qwen2.5-14B,fictional_b1,fictional,1,last,48,16,4,0.1996,0.1374,-0.0622,-0.0502,42,18
Qwen/Qwen2.5-14B,fictional_b1,fictional,1,last,48,2,5,0.0105,0.0177,0.0071,-0.0494,42,18
Qwen/Qwen2.5-14B,fictional_b1,fictional,1,last,48,3,5,0.0267,0.0693,0.0426,-0.0113,42,18
Qwen/Qwen2.5-14B,fictional_b1,fictional,1,last,48,5,5,0.1167,0.1206,0.0038,-0.0459,42,18
Qwen/Qwen2.5-14B,fictional_b1,fictional,1,last,48,8,5,0.123,0.109,-0.0139,0.0315,42,18
Qwen/Qwen2.5-14B,fictional_b1,fictional,1,last,48,16,5,0.1857,0.1316,-0.0541,0.0405,42,18
Qwen/Qwen2.5-14B,fictional_b2,fictional,2,premise,0,2,0,-0.0659,-0.0659,0.0,0.0099,42,18
Qwen/Qwen2.5-14B,fictional_b2,fictional,2,premise,0,3,0,-0.0659,-0.0659,0.0,0.0099,42,18
Qwen/Qwen2.5-14B,fictional_b2,fictional,2,premise,0,5,0,-0.0659,-0.0542,0.0117,-0.0005,42,18
Qwen/Qwen2.5-14B,fictional_b2,fictional,2,premise,0,8,0,-0.0659,-0.0659,0.0,0.0099,42,18
Qwen/Qwen2.5-14B,fictional_b2,fictional,2,premise,0,16,0,-0.0659,-0.0659,0.0,0.0099,42,18
Qwen/Qwen2.5-14B,fictional_b2,fictional,2,premise,0,2,1,-0.0514,-0.0514,0.0,0.0028,42,18
Qwen/Qwen2.5-14B,fictional_b2,fictional,2,premise,0,3,1,-0.0514,-0.0514,0.0,0.0028,42,18
Qwen/Qwen2.5-14B,fictional_b2,fictional,2,premise,0,5,1,-0.0514,-0.038,0.0134,-0.0011,42,18
Qwen/Qwen2.5-14B,fictional_b2,fictional,2,premise,0,8,1,-0.0514,-0.0514,0.0,0.0028,42,18
Qwen/Qwen2.5-14B,fictional_b2,fictional,2,premise,0,16,1,-0.0301,-0.0514,-0.0214,0.0028,42,18
Qwen/Qwen2.5-14B,fictional_b2,fictional,2,premise,0,2,2,-0.0319,-0.0133,0.0186,0.0369,42,18
Qwen/Qwen2.5-14B,fictional_b2,fictional,2,premise,0,3,2,-0.0319,-0.0319,0.0,0.0315,42,18
Qwen/Qwen2.5-14B,fictional_b2,fictional,2,premise,0,5,2,-0.0319,-0.0133,0.0186,0.0315,42,18
Qwen/Qwen2.5-14B,fictional_b2,fictional,2,premise,0,8,2,-0.0319,-0.0166,0.0153,0.0369,42,18
Qwen/Qwen2.5-14B,fictional_b2,fictional,2,premise,0,16,2,-0.0319,-0.0319,0.0,0.0315,42,18
Qwen/Qwen2.5-14B,fictional_b2,fictional,2,premise,0,2,3,-0.0454,-0.0343,0.0112,0.0326,42,18
Qwen/Qwen2.5-14B,fictional_b2,fictional,2,premise,0,3,3,-0.0454,-0.0343,0.0112,0.0326,42,18
Qwen/Qwen2.5-14B,fictional_b2,fictional,2,premise,0,5,3,-0.0454,-0.0343,0.0112,0.0326,42,18
Qwen/Qwen2.5-14B,fictional_b2,fictional,2,premise,0,8,3,-0.0454,-0.0454,0.0,0.0326,42,18
Qwen/Qwen2.5-14B,fictional_b2,fictional,2,premise,0,16,3,-0.0454,-0.0262,0.0193,0.0201,42,18
Qwen/Qwen2.5-14B,fictional_b2,fictional,2,premise,0,2,4,-0.0572,-0.0572,0.0,0.0132,42,18
Qwen/Qwen2.5-14B,fictional_b2,fictional,2,premise,0,3,4,-0.0572,-0.0572,0.0,0.0132,42,18
Qwen/Qwen2.5-14B,fictional_b2,fictional,2,premise,0,5,4,-0.0572,-0.0265,0.0308,0.0217,42,18
Qwen/Qwen2.5-14B,fictional_b2,fictional,2,premise,0,8,4,-0.0572,-0.0572,0.0,0.0132,42,18
Qwen/Qwen2.5-14B,fictional_b2,fictional,2,premise,0,16,4,-0.0572,-0.0205,0.0367,0.0206,42,18
Qwen/Qwen2.5-14B,fictional_b2,fictional,2,premise,0,2,5,-0.0453,-0.0453,0.0,0.0417,42,18
Qwen/Qwen2.5-14B,fictional_b2,fictional,2,premise,0,3,5,-0.0453,-0.0362,0.0091,0.0445,42,18
Qwen/Qwen2.5-14B,fictional_b2,fictional,2,premise,0,5,5,-0.0453,-0.0453,0.0,0.0417,42,18
Qwen/Qwen2.5-14B,fictional_b2,fictional,2,premise,0,8,5,-0.0453,-0.0362,0.0091,0.0445,42,18
Qwen/Qwen2.5-14B,fictional_b2,fictional,2,premise,0,16,5,-0.0453,-0.0453,0.0,0.0417,42,18
Qwen/Qwen2.5-14B,fictional_b2,fictional,2,premise,4,2,0,0.0049,0.0675,0.0626,0.0436,42,18
Qwen/Qwen2.5-14B,fictional_b2,fictional,2,premise,4,3,0,0.0031,0.0158,0.0126,0.0152,42,18
Qwen/Qwen2.5-14B,fictional_b2,fictional,2,premise,4,5,0,0.0085,0.1492,0.1406,-0.0071,42,18
Qwen/Qwen2.5-14B,fictional_b2,fictional,2,premise,4,8,0,0.0905,0.1199,0.0294,0.0243,42,18
Qwen/Qwen2.5-14B,fictional_b2,fictional,2,premise,4,16,0,0.1515,0.0799,-0.0716,0.0285,42,18
Qwen/Qwen2.5-14B,fictional_b2,fictional,2,premise,4,2,1,0.0527,0.0489,-0.0038,-0.0193,42,18
Qwen/Qwen2.5-14B,fictional_b2,fictional,2,premise,4,3,1,0.0113,0.1141,0.1028,-0.0278,42,18
Qwen/Qwen2.5-14B,fictional_b2,fictional,2,premise,4,5,1,0.0045,0.1017,0.0972,0.0031,42,18
Qwen/Qwen2.5-14B,fictional_b2,fictional,2,premise,4,8,1,0.0628,0.0974,0.0346,-0.0058,42,18
Qwen/Qwen2.5-14B,fictional_b2,fictional,2,premise,4,16,1,0.169,0.1872,0.0182,-0.0126,42,18
Qwen/Qwen2.5-14B,fictional_b2,fictional,2,premise,4,2,2,-0.0058,0.028,0.0338,0.0072,42,18
Qwen/Qwen2.5-14B,fictional_b2,fictional,2,premise,4,3,2,0.0309,0.099,0.0682,-0.0147,42,18
Qwen/Qwen2.5-14B,fictional_b2,fictional,2,premise,4,5,2,-0.0005,0.1002,0.1007,-0.0627,42,18
Qwen/Qwen2.5-14B,fictional_b2,fictional,2,premise,4,8,2,0.026,0.1577,0.1317,-0.0265,42,18
Qwen/Qwen2.5-14B,fictional_b2,fictional,2,premise,4,16,2,0.1358,0.0005,-0.1353,-0.0347,42,18
Qwen/Qwen2.5-14B,fictional_b2,fictional,2,premise,4,2,3,-0.0285,-0.0137,0.0148,-0.0366,42,18
Qwen/Qwen2.5-14B,fictional_b2,fictional,2,premise,4,3,3,0.062,0.0629,0.0009,0.0223,42,18
Qwen/Qwen2.5-14B,fictional_b2,fictional,2,premise,4,5,3,0.0652,0.1827,0.1174,0.007,42,18
Qwen/Qwen2.5-14B,fictional_b2,fictional,2,premise,4,8,3,0.0711,0.124,0.0529,-0.0319,42,18
Qwen/Qwen2.5-14B,fictional_b2,fictional,2,premise,4,16,3,0.165,0.0794,-0.0856,-0.0257,42,18
Qwen/Qwen2.5-14B,fictional_b2,fictional,2,premise,4,2,4,-0.0062,0.0507,0.0569,-0.0058,42,18
Qwen/Qwen2.5-14B,fictional_b2,fictional,2,premise,4,3,4,0.0238,0.0954,0.0716,0.0361,42,18
Qwen/Qwen2.5-14B,fictional_b2,fictional,2,premise,4,5,4,0.0573,0.1634,0.1061,-0.0166,42,18
Qwen/Qwen2.5-14B,fictional_b2,fictional,2,premise,4,8,4,0.0516,0.1588,0.1071,-0.0235,42,18
Qwen/Qwen2.5-14B,fictional_b2,fictional,2,premise,4,16,4,0.1546,0.1344,-0.0202,0.0294,42,18
Qwen/Qwen2.5-14B,fictional_b2,fictional,2,premise,4,2,5,-0.0055,0.04,0.0455,-0.0415,42,18
Qwen/Qwen2.5-14B,fictional_b2,fictional,2,premise,4,3,5,0.0226,0.0373,0.0147,-0.0017,42,18
Qwen/Qwen2.5-14B,fictional_b2,fictional,2,premise,4,5,5,0.0469,0.1434,0.0965,-0.0018,42,18
Qwen/Qwen2.5-14B,fictional_b2,fictional,2,premise,4,8,5,0.0941,0.1278,0.0337,-0.0098,42,18
Qwen/Qwen2.5-14B,fictional_b2,fictional,2,premise,4,16,5,0.1512,0.052,-0.0992,-0.0157,42,18
Qwen/Qwen2.5-14B,fictional_b2,fictional,2,premise,8,2,0,0.023,0.0931,0.0701,-0.0062,42,18
Qwen/Qwen2.5-14B,fictional_b2,fictional,2,premise,8,3,0,0.0306,0.1395,0.1088,-0.0562,42,18
Qwen/Qwen2.5-14B,fictional_b2,fictional,2,premise,8,5,0,0.0549,0.2029,0.148,-0.0171,42,18
Qwen/Qwen2.5-14B,fictional_b2,fictional,2,premise,8,8,0,0.1081,0.2359,0.1277,-0.0104,42,18
Qwen/Qwen2.5-14B,fictional_b2,fictional,2,premise,8,16,0,0.2367,0.2564,0.0197,-0.0344,42,18
Qwen/Qwen2.5-14B,fictional_b2,fictional,2,premise,8,2,1,0.0315,0.1689,0.1373,0.0288,42,18
Qwen/Qwen2.5-14B,fictional_b2,fictional,2,premise,8,3,1,0.0548,0.1969,0.1421,-0.0259,42,18
Qwen/Qwen2.5-14B,fictional_b2,fictional,2,premise,8,5,1,0.0641,0.2847,0.2206,0.0005,42,18
Qwen/Qwen2.5-14B,fictional_b2,fictional,2,premise,8,8,1,0.1527,0.266,0.1134,-0.0153,42,18
Qwen/Qwen2.5-14B,fictional_b2,fictional,2,premise,8,16,1,0.2764,0.1729,-0.1035,0.0088,42,18
Qwen/Qwen2.5-14B,fictional_b2,fictional,2,premise,8,2,2,0.0283,0.0906,0.0623,-0.0178,42,18
Qwen/Qwen2.5-14B,fictional_b2,fictional,2,premise,8,3,2,0.0451,0.188,0.1429,-0.0249,42,18
Qwen/Qwen2.5-14B,fictional_b2,fictional,2,premise,8,5,2,0.072,0.2365,0.1644,-0.0441,42,18
Qwen/Qwen2.5-14B,fictional_b2,fictional,2,premise,8,8,2,0.0987,0.2653,0.1666,-0.0256,42,18
Qwen/Qwen2.5-14B,fictional_b2,fictional,2,premise,8,16,2,0.2385,0.1542,-0.0843,-0.0075,42,18
Qwen/Qwen2.5-14B,fictional_b2,fictional,2,premise,8,2,3,0.0049,0.051,0.0461,-0.0431,42,18
Qwen/Qwen2.5-14B,fictional_b2,fictional,2,premise,8,3,3,0.023,0.2028,0.1798,-0.0284,42,18
Qwen/Qwen2.5-14B,fictional_b2,fictional,2,premise,8,5,3,0.0875,0.2672,0.1797,-0.0603,42,18
Qwen/Qwen2.5-14B,fictional_b2,fictional,2,premise,8,8,3,0.1479,0.2265,0.0786,-0.0369,42,18
Qwen/Qwen2.5-14B,fictional_b2,fictional,2,premise,8,16,3,0.2352,0.2926,0.0574,-0.0354,42,18
Qwen/Qwen2.5-14B,fictional_b2,fictional,2,premise,8,2,4,-0.0148,0.0711,0.0859,-0.0278,42,18
Qwen/Qwen2.5-14B,fictional_b2,fictional,2,premise,8,3,4,0.0264,0.1458,0.1194,-0.0082,42,18
Qwen/Qwen2.5-14B,fictional_b2,fictional,2,premise,8,5,4,0.0632,0.2279,0.1646,0.0047,42,18
Qwen/Qwen2.5-14B,fictional_b2,fictional,2,premise,8,8,4,0.1011,0.2367,0.1356,0.0319,42,18
Qwen/Qwen2.5-14B,fictional_b2,fictional,2,premise,8,16,4,0.247,0.1811,-0.0659,0.0188,42,18
Qwen/Qwen2.5-14B,fictional_b2,fictional,2,premise,8,2,5,-0.0207,0.0986,0.1193,-0.0033,42,18
Qwen/Qwen2.5-14B,fictional_b2,fictional,2,premise,8,3,5,0.0596,0.1954,0.1358,0.0029,42,18
Qwen/Qwen2.5-14B,fictional_b2,fictional,2,premise,8,5,5,0.013,0.2475,0.2344,0.0215,42,18
Qwen/Qwen2.5-14B,fictional_b2,fictional,2,premise,8,8,5,0.1497,0.2425,0.0928,0.0062,42,18
Qwen/Qwen2.5-14B,fictional_b2,fictional,2,premise,8,16,5,0.2243,0.17,-0.0543,0.0113,42,18
Qwen/Qwen2.5-14B,fictional_b2,fictional,2,premise,12,2,0,0.0037,0.1292,0.1255,-0.013,42,18
Qwen/Qwen2.5-14B,fictional_b2,fictional,2,premise,12,3,0,0.0523,0.2266,0.1742,-0.0411,42,18
Qwen/Qwen2.5-14B,fictional_b2,fictional,2,premise,12,5,0,0.1007,0.304,0.2033,-0.0755,42,18
Qwen/Qwen2.5-14B,fictional_b2,fictional,2,premise,12,8,0,0.1093,0.2628,0.1535,-0.0504,42,18
Qwen/Qwen2.5-14B,fictional_b2,fictional,2,premise,12,16,0,0.2701,0.3869,0.1168,-0.0454,42,18
Qwen/Qwen2.5-14B,fictional_b2,fictional,2,premise,12,2,1,0.0173,0.169,0.1518,0.0378,42,18
Qwen/Qwen2.5-14B,fictional_b2,fictional,2,premise,12,3,1,0.0589,0.1912,0.1323,0.0325,42,18
Qwen/Qwen2.5-14B,fictional_b2,fictional,2,premise,12,5,1,0.0954,0.2465,0.1511,0.026,42,18
Qwen/Qwen2.5-14B,fictional_b2,fictional,2,premise,12,8,1,0.1651,0.2379,0.0728,-0.0032,42,18
Qwen/Qwen2.5-14B,fictional_b2,fictional,2,premise,12,16,1,0.2613,0.2185,-0.0428,0.047,42,18
Qwen/Qwen2.5-14B,fictional_b2,fictional,2,premise,12,2,2,-0.0238,0.0821,0.1059,-0.0041,42,18
Qwen/Qwen2.5-14B,fictional_b2,fictional,2,premise,12,3,2,-0.0005,0.1849,0.1854,-0.0113,42,18
Qwen/Qwen2.5-14B,fictional_b2,fictional,2,premise,12,5,2,0.0397,0.2688,0.229,-0.0178,42,18
Qwen/Qwen2.5-14B,fictional_b2,fictional,2,premise,12,8,2,0.1444,0.2023,0.0579,-0.0264,42,18
Qwen/Qwen2.5-14B,fictional_b2,fictional,2,premise,12,16,2,0.2887,0.3949,0.1062,-0.0183,42,18
Qwen/Qwen2.5-14B,fictional_b2,fictional,2,premise,12,2,3,-0.0041,0.1133,0.1174,-0.0251,42,18
Qwen/Qwen2.5-14B,fictional_b2,fictional,2,premise,12,3,3,0.0357,0.1879,0.1521,-0.0144,42,18
Qwen/Qwen2.5-14B,fictional_b2,fictional,2,premise,12,5,3,0.0807,0.2753,0.1946,-0.0475,42,18
Qwen/Qwen2.5-14B,fictional_b2,fictional,2,premise,12,8,3,0.1597,0.2934,0.1337,-0.0627,42,18
Qwen/Qwen2.5-14B,fictional_b2,fictional,2,premise,12,16,3,0.3044,0.3117,0.0073,-0.0215,42,18
Qwen/Qwen2.5-14B,fictional_b2,fictional,2,premise,12,2,4,0.0122,0.1401,0.1279,0.025,42,18
Qwen/Qwen2.5-14B,fictional_b2,fictional,2,premise,12,3,4,0.0335,0.1625,0.1291,-0.026,42,18
Qwen/Qwen2.5-14B,fictional_b2,fictional,2,premise,12,5,4,0.0648,0.269,0.2042,0.0209,42,18
Qwen/Qwen2.5-14B,fictional_b2,fictional,2,premise,12,8,4,0.1436,0.2929,0.1493,-0.0131,42,18
Qwen/Qwen2.5-14B,fictional_b2,fictional,2,premise,12,16,4,0.3186,0.295,-0.0236,-0.021,42,18
Qwen/Qwen2.5-14B,fictional_b2,fictional,2,premise,12,2,5,0.0159,0.0976,0.0817,-0.0097,42,18
Qwen/Qwen2.5-14B,fictional_b2,fictional,2,premise,12,3,5,0.0358,0.1713,0.1355,-0.0268,42,18
Qwen/Qwen2.5-14B,fictional_b2,fictional,2,premise,12,5,5,0.0415,0.3025,0.261,-0.0123,42,18
Qwen/Qwen2.5-14B,fictional_b2,fictional,2,premise,12,8,5,0.1019,0.3248,0.2229,-0.0189,42,18
Qwen/Qwen2.5-14B,fictional_b2,fictional,2,premise,12,16,5,0.242,0.1555,-0.0865,-0.0295,42,18
Qwen/Qwen2.5-14B,fictional_b2,fictional,2,premise,16,2,0,-0.0073,0.1035,0.1108,0.0177,42,18
Qwen/Qwen2.5-14B,fictional_b2,fictional,2,premise,16,3,0,0.0197,0.1803,0.1607,-0.0086,42,18
Qwen/Qwen2.5-14B,fictional_b2,fictional,2,premise,16,5,0,0.0434,0.2804,0.237,-0.0126,42,18
Qwen/Qwen2.5-14B,fictional_b2,fictional,2,premise,16,8,0,0.1121,0.2833,0.1712,0.0059,42,18
Qwen/Qwen2.5-14B,fictional_b2,fictional,2,premise,16,16,0,0.2719,0.1164,-0.1554,0.0102,42,18
Qwen/Qwen2.5-14B,fictional_b2,fictional,2,premise,16,2,1,0.0009,0.0863,0.0854,-0.0248,42,18
Qwen/Qwen2.5-14B,fictional_b2,fictional,2,premise,16,3,1,0.023,0.2159,0.1929,-0.0254,42,18
Qwen/Qwen2.5-14B,fictional_b2,fictional,2,premise,16,5,1,0.1,0.2597,0.1597,-0.0139,42,18
Qwen/Qwen2.5-14B,fictional_b2,fictional,2,premise,16,8,1,0.0966,0.199,0.1025,-0.0016,42,18
Qwen/Qwen2.5-14B,fictional_b2,fictional,2,premise,16,16,1,0.2515,0.29,0.0385,0.034,42,18
Qwen/Qwen2.5-14B,fictional_b2,fictional,2,premise,16,2,2,0.0053,0.1328,0.1275,0.003,42,18
Qwen/Qwen2.5-14B,fictional_b2,fictional,2,premise,16,3,2,0.0198,0.1727,0.1529,-0.0171,42,18
Qwen/Qwen2.5-14B,fictional_b2,fictional,2,premise,16,5,2,0.0269,0.2629,0.236,-0.0382,42,18
Qwen/Qwen2.5-14B,fictional_b2,fictional,2,premise,16,8,2,0.1093,0.2842,0.1749,-0.0018,42,18
Qwen/Qwen2.5-14B,fictional_b2,fictional,2,premise,16,16,2,0.2663,0.212,-0.0543,-0.0221,42,18
Qwen/Qwen2.5-14B,fictional_b2,fictional,2,premise,16,2,3,0.0342,0.1045,0.0703,-0.0697,42,18
Qwen/Qwen2.5-14B,fictional_b2,fictional,2,premise,16,3,3,0.1012,0.2267,0.1256,-0.0366,42,18
Qwen/Qwen2.5-14B,fictional_b2,fictional,2,premise,16,5,3,0.114,0.3054,0.1914,-0.0412,42,18
Qwen/Qwen2.5-14B,fictional_b2,fictional,2,premise,16,8,3,0.1717,0.3051,0.1333,-0.0328,42,18
Qwen/Qwen2.5-14B,fictional_b2,fictional,2,premise,16,16,3,0.2823,0.2955,0.0132,-0.0563,42,18
Qwen/Qwen2.5-14B,fictional_b2,fictional,2,premise,16,2,4,0.0123,0.092,0.0798,0.0356,42,18
Qwen/Qwen2.5-14B,fictional_b2,fictional,2,premise,16,3,4,0.0407,0.1679,0.1271,0.0048,42,18
Qwen/Qwen2.5-14B,fictional_b2,fictional,2,premise,16,5,4,0.0345,0.2852,0.2507,0.0002,42,18
Qwen/Qwen2.5-14B,fictional_b2,fictional,2,premise,16,8,4,0.1397,0.1546,0.0149,0.0029,42,18
Qwen/Qwen2.5-14B,fictional_b2,fictional,2,premise,16,16,4,0.3111,0.153,-0.1581,-0.0266,42,18
Qwen/Qwen2.5-14B,fictional_b2,fictional,2,premise,16,2,5,0.0095,0.083,0.0735,0.013,42,18
Qwen/Qwen2.5-14B,fictional_b2,fictional,2,premise,16,3,5,0.038,0.1983,0.1603,-0.0139,42,18
Qwen/Qwen2.5-14B,fictional_b2,fictional,2,premise,16,5,5,0.0625,0.2271,0.1646,-0.0225,42,18
Qwen/Qwen2.5-14B,fictional_b2,fictional,2,premise,16,8,5,0.1391,0.1112,-0.0279,-0.0164,42,18
Qwen/Qwen2.5-14B,fictional_b2,fictional,2,premise,16,16,5,0.2834,0.3211,0.0377,-0.034,42,18
Qwen/Qwen2.5-14B,fictional_b2,fictional,2,premise,20,2,0,0.0039,0.0575,0.0537,-0.0076,42,18
Qwen/Qwen2.5-14B,fictional_b2,fictional,2,premise,20,3,0,0.0377,0.2189,0.1812,-0.0206,42,18
Qwen/Qwen2.5-14B,fictional_b2,fictional,2,premise,20,5,0,0.1175,0.2739,0.1564,-0.0586,42,18
Qwen/Qwen2.5-14B,fictional_b2,fictional,2,premise,20,8,0,0.0922,0.2677,0.1756,-0.0801,42,18
Qwen/Qwen2.5-14B,fictional_b2,fictional,2,premise,20,16,0,0.2751,0.2481,-0.027,-0.0271,42,18
Qwen/Qwen2.5-14B,fictional_b2,fictional,2,premise,20,2,1,0.0178,0.1019,0.0841,-0.0078,42,18
Qwen/Qwen2.5-14B,fictional_b2,fictional,2,premise,20,3,1,0.0171,0.1842,0.1671,-0.0432,42,18
Qwen/Qwen2.5-14B,fictional_b2,fictional,2,premise,20,5,1,0.0869,0.2946,0.2076,-0.0074,42,18
Qwen/Qwen2.5-14B,fictional_b2,fictional,2,premise,20,8,1,0.1363,0.2996,0.1632,-0.0162,42,18
Qwen/Qwen2.5-14B,fictional_b2,fictional,2,premise,20,16,1,0.2927,0.335,0.0423,0.0102,42,18
Qwen/Qwen2.5-14B,fictional_b2,fictional,2,premise,20,2,2,0.0357,0.1089,0.0732,0.0123,42,18
Qwen/Qwen2.5-14B,fictional_b2,fictional,2,premise,20,3,2,0.0467,0.2031,0.1564,0.0085,42,18
Qwen/Qwen2.5-14B,fictional_b2,fictional,2,premise,20,5,2,0.0516,0.2943,0.2427,-0.0127,42,18
Qwen/Qwen2.5-14B,fictional_b2,fictional,2,premise,20,8,2,0.1342,0.2667,0.1326,0.019,42,18
Qwen/Qwen2.5-14B,fictional_b2,fictional,2,premise,20,16,2,0.2934,0.3509,0.0575,-0.0212,42,18
Qwen/Qwen2.5-14B,fictional_b2,fictional,2,premise,20,2,3,0.015,0.0418,0.0269,-0.0207,42,18
Qwen/Qwen2.5-14B,fictional_b2,fictional,2,premise,20,3,3,0.0565,0.1496,0.0932,-0.0181,42,18
Qwen/Qwen2.5-14B,fictional_b2,fictional,2,premise,20,5,3,0.0804,0.2948,0.2144,-0.009,42,18
Qwen/Qwen2.5-14B,fictional_b2,fictional,2,premise,20,8,3,0.1019,0.3343,0.2324,-0.0201,42,18
Qwen/Qwen2.5-14B,fictional_b2,fictional,2,premise,20,16,3,0.2357,0.3392,0.1036,-0.0201,42,18
Qwen/Qwen2.5-14B,fictional_b2,fictional,2,premise,20,2,4,0.0313,0.0749,0.0436,-0.0052,42,18
Qwen/Qwen2.5-14B,fictional_b2,fictional,2,premise,20,3,4,0.0558,0.1978,0.1421,0.0185,42,18
Qwen/Qwen2.5-14B,fictional_b2,fictional,2,premise,20,5,4,0.0485,0.3087,0.2602,0.0111,42,18
Qwen/Qwen2.5-14B,fictional_b2,fictional,2,premise,20,8,4,0.1023,0.3039,0.2016,-0.0107,42,18
Qwen/Qwen2.5-14B,fictional_b2,fictional,2,premise,20,16,4,0.2902,0.2955,0.0053,-0.0258,42,18
Qwen/Qwen2.5-14B,fictional_b2,fictional,2,premise,20,2,5,0.0745,0.0583,-0.0162,-0.0074,42,18
Qwen/Qwen2.5-14B,fictional_b2,fictional,2,premise,20,3,5,0.044,0.1876,0.1436,-0.0607,42,18
Qwen/Qwen2.5-14B,fictional_b2,fictional,2,premise,20,5,5,0.058,0.3018,0.2438,-0.037,42,18
Qwen/Qwen2.5-14B,fictional_b2,fictional,2,premise,20,8,5,0.1171,0.3535,0.2364,0.0139,42,18
Qwen/Qwen2.5-14B,fictional_b2,fictional,2,premise,20,16,5,0.2753,0.4066,0.1312,-0.0339,42,18
Qwen/Qwen2.5-14B,fictional_b2,fictional,2,premise,24,2,0,0.0199,0.042,0.0221,0.0231,42,18
Qwen/Qwen2.5-14B,fictional_b2,fictional,2,premise,24,3,0,0.0157,0.1048,0.089,0.0035,42,18
Qwen/Qwen2.5-14B,fictional_b2,fictional,2,premise,24,5,0,0.0471,0.228,0.1809,-0.0093,42,18
Qwen/Qwen2.5-14B,fictional_b2,fictional,2,premise,24,8,0,0.1192,0.2637,0.1446,-0.0181,42,18
Qwen/Qwen2.5-14B,fictional_b2,fictional,2,premise,24,16,0,0.2421,0.1864,-0.0557,-0.0018,42,18
Qwen/Qwen2.5-14B,fictional_b2,fictional,2,premise,24,2,1,0.0358,0.0785,0.0427,-0.0446,42,18
Qwen/Qwen2.5-14B,fictional_b2,fictional,2,premise,24,3,1,0.0943,0.2276,0.1333,-0.0335,42,18
Qwen/Qwen2.5-14B,fictional_b2,fictional,2,premise,24,5,1,0.0811,0.272,0.1909,-0.0198,42,18
Qwen/Qwen2.5-14B,fictional_b2,fictional,2,premise,24,8,1,0.1485,0.3023,0.1538,0.0004,42,18
Qwen/Qwen2.5-14B,fictional_b2,fictional,2,premise,24,16,1,0.2919,0.3437,0.0519,-0.019,42,18
Qwen/Qwen2.5-14B,fictional_b2,fictional,2,premise,24,2,2,-0.0135,0.1174,0.1309,-0.0074,42,18
Qwen/Qwen2.5-14B,fictional_b2,fictional,2,premise,24,3,2,0.0329,0.1626,0.1297,0.0212,42,18
Qwen/Qwen2.5-14B,fictional_b2,fictional,2,premise,24,5,2,0.115,0.2591,0.1441,-0.0193,42,18
Qwen/Qwen2.5-14B,fictional_b2,fictional,2,premise,24,8,2,0.1065,0.3711,0.2646,-0.0212,42,18
Qwen/Qwen2.5-14B,fictional_b2,fictional,2,premise,24,16,2,0.3126,0.3601,0.0475,0.0098,42,18
Qwen/Qwen2.5-14B,fictional_b2,fictional,2,premise,24,2,3,0.0498,0.0516,0.0018,-0.0307,42,18
Qwen/Qwen2.5-14B,fictional_b2,fictional,2,premise,24,3,3,0.0567,0.1344,0.0777,0.0062,42,18
Qwen/Qwen2.5-14B,fictional_b2,fictional,2,premise,24,5,3,0.082,0.2873,0.2052,-0.0532,42,18
Qwen/Qwen2.5-14B,fictional_b2,fictional,2,premise,24,8,3,0.1219,0.2886,0.1666,-0.0111,42,18
Qwen/Qwen2.5-14B,fictional_b2,fictional,2,premise,24,16,3,0.2569,0.3376,0.0807,-0.0257,42,18
Qwen/Qwen2.5-14B,fictional_b2,fictional,2,premise,24,2,4,0.0348,0.0989,0.0642,0.0659,42,18
Qwen/Qwen2.5-14B,fictional_b2,fictional,2,premise,24,3,4,0.0395,0.1438,0.1043,0.0222,42,18
Qwen/Qwen2.5-14B,fictional_b2,fictional,2,premise,24,5,4,0.0762,0.2689,0.1927,0.0005,42,18
Qwen/Qwen2.5-14B,fictional_b2,fictional,2,premise,24,8,4,0.1108,0.2726,0.1619,-0.0297,42,18
Qwen/Qwen2.5-14B,fictional_b2,fictional,2,premise,24,16,4,0.2966,0.3417,0.0452,-0.0154,42,18
Qwen/Qwen2.5-14B,fictional_b2,fictional,2,premise,24,2,5,0.0509,0.0781,0.0272,-0.0324,42,18
Qwen/Qwen2.5-14B,fictional_b2,fictional,2,premise,24,3,5,0.0245,0.2316,0.207,-0.0174,42,18
Qwen/Qwen2.5-14B,fictional_b2,fictional,2,premise,24,5,5,0.0891,0.306,0.2169,-0.0325,42,18
Qwen/Qwen2.5-14B,fictional_b2,fictional,2,premise,24,8,5,0.1259,0.2954,0.1695,-0.0135,42,18
Qwen/Qwen2.5-14B,fictional_b2,fictional,2,premise,24,16,5,0.2535,0.383,0.1295,-0.0513,42,18
Qwen/Qwen2.5-14B,fictional_b2,fictional,2,premise,28,2,0,0.05,0.0988,0.0488,-0.0193,42,18
Qwen/Qwen2.5-14B,fictional_b2,fictional,2,premise,28,3,0,0.072,0.1316,0.0596,-0.0441,42,18
Qwen/Qwen2.5-14B,fictional_b2,fictional,2,premise,28,5,0,0.045,0.3063,0.2613,-0.0144,42,18
Qwen/Qwen2.5-14B,fictional_b2,fictional,2,premise,28,8,0,0.1541,0.2786,0.1245,-0.0105,42,18
Qwen/Qwen2.5-14B,fictional_b2,fictional,2,premise,28,16,0,0.2857,0.2708,-0.0149,0.0111,42,18
Qwen/Qwen2.5-14B,fictional_b2,fictional,2,premise,28,2,1,0.0353,0.1066,0.0712,-0.0025,42,18
Qwen/Qwen2.5-14B,fictional_b2,fictional,2,premise,28,3,1,0.0745,0.1744,0.0999,-0.0202,42,18
Qwen/Qwen2.5-14B,fictional_b2,fictional,2,premise,28,5,1,0.1246,0.3366,0.212,0.0049,42,18
Qwen/Qwen2.5-14B,fictional_b2,fictional,2,premise,28,8,1,0.1588,0.3753,0.2165,-0.0103,42,18
Qwen/Qwen2.5-14B,fictional_b2,fictional,2,premise,28,16,1,0.2895,0.3084,0.019,0.026,42,18
Qwen/Qwen2.5-14B,fictional_b2,fictional,2,premise,28,2,2,0.1004,0.0554,-0.045,0.0561,42,18
Qwen/Qwen2.5-14B,fictional_b2,fictional,2,premise,28,3,2,0.0367,0.1758,0.1391,-0.028,42,18
Qwen/Qwen2.5-14B,fictional_b2,fictional,2,premise,28,5,2,0.0813,0.3257,0.2443,-0.0156,42,18
Qwen/Qwen2.5-14B,fictional_b2,fictional,2,premise,28,8,2,0.1676,0.38,0.2124,0.0063,42,18
Qwen/Qwen2.5-14B,fictional_b2,fictional,2,premise,28,16,2,0.2705,0.1451,-0.1254,0.0034,42,18
Qwen/Qwen2.5-14B,fictional_b2,fictional,2,premise,28,2,3,0.0518,0.1376,0.0858,-0.0352,42,18
Qwen/Qwen2.5-14B,fictional_b2,fictional,2,premise,28,3,3,0.0485,0.2039,0.1553,-0.0295,42,18
Qwen/Qwen2.5-14B,fictional_b2,fictional,2,premise,28,5,3,0.086,0.2808,0.1948,-0.0478,42,18
Qwen/Qwen2.5-14B,fictional_b2,fictional,2,premise,28,8,3,0.1622,0.2772,0.1149,-0.0064,42,18
Qwen/Qwen2.5-14B,fictional_b2,fictional,2,premise,28,16,3,0.252,0.3826,0.1306,0.013,42,18
Qwen/Qwen2.5-14B,fictional_b2,fictional,2,premise,28,2,4,0.0247,0.057,0.0323,-0.0192,42,18
Qwen/Qwen2.5-14B,fictional_b2,fictional,2,premise,28,3,4,0.0156,0.1867,0.1711,0.0112,42,18
Qwen/Qwen2.5-14B,fictional_b2,fictional,2,premise,28,5,4,0.1655,0.2661,0.1005,-0.0067,42,18
Qwen/Qwen2.5-14B,fictional_b2,fictional,2,premise,28,8,4,0.1791,0.2018,0.0227,-0.0011,42,18
Qwen/Qwen2.5-14B,fictional_b2,fictional,2,premise,28,16,4,0.2944,0.2893,-0.0052,-0.0044,42,18
Qwen/Qwen2.5-14B,fictional_b2,fictional,2,premise,28,2,5,0.0743,0.1363,0.0619,0.0354,42,18
Qwen/Qwen2.5-14B,fictional_b2,fictional,2,premise,28,3,5,0.0521,0.1786,0.1266,-0.0273,42,18
Qwen/Qwen2.5-14B,fictional_b2,fictional,2,premise,28,5,5,0.1056,0.3493,0.2436,-0.0065,42,18
Qwen/Qwen2.5-14B,fictional_b2,fictional,2,premise,28,8,5,0.1882,0.3796,0.1914,-0.0831,42,18
Qwen/Qwen2.5-14B,fictional_b2,fictional,2,premise,28,16,5,0.3032,0.3083,0.0052,-0.0319,42,18
Qwen/Qwen2.5-14B,fictional_b2,fictional,2,premise,32,2,0,0.0259,0.0908,0.0649,-0.0434,42,18
Qwen/Qwen2.5-14B,fictional_b2,fictional,2,premise,32,3,0,0.043,0.2063,0.1634,-0.0641,42,18
Qwen/Qwen2.5-14B,fictional_b2,fictional,2,premise,32,5,0,0.1088,0.3128,0.2039,-0.0492,42,18
Qwen/Qwen2.5-14B,fictional_b2,fictional,2,premise,32,8,0,0.1064,0.2259,0.1195,-0.0051,42,18
Qwen/Qwen2.5-14B,fictional_b2,fictional,2,premise,32,16,0,0.232,0.3703,0.1383,-0.0416,42,18
Qwen/Qwen2.5-14B,fictional_b2,fictional,2,premise,32,2,1,0.0575,0.1036,0.046,0.0231,42,18
Qwen/Qwen2.5-14B,fictional_b2,fictional,2,premise,32,3,1,0.0293,0.1829,0.1537,-0.0148,42,18
Qwen/Qwen2.5-14B,fictional_b2,fictional,2,premise,32,5,1,0.0798,0.2436,0.1638,0.0015,42,18
Qwen/Qwen2.5-14B,fictional_b2,fictional,2,premise,32,8,1,0.1797,0.3095,0.1297,0.0029,42,18
Qwen/Qwen2.5-14B,fictional_b2,fictional,2,premise,32,16,1,0.2928,0.3378,0.0451,0.0015,42,18
Qwen/Qwen2.5-14B,fictional_b2,fictional,2,premise,32,2,2,0.0346,0.0787,0.0441,0.0396,42,18
Qwen/Qwen2.5-14B,fictional_b2,fictional,2,premise,32,3,2,0.0472,0.1936,0.1464,0.0261,42,18
Qwen/Qwen2.5-14B,fictional_b2,fictional,2,premise,32,5,2,0.127,0.2497,0.1227,-0.0028,42,18
Qwen/Qwen2.5-14B,fictional_b2,fictional,2,premise,32,8,2,0.1677,0.2628,0.0951,0.0193,42,18
Qwen/Qwen2.5-14B,fictional_b2,fictional,2,premise,32,16,2,0.2991,0.2201,-0.0789,-0.0183,42,18
Qwen/Qwen2.5-14B,fictional_b2,fictional,2,premise,32,2,3,0.0441,0.0645,0.0204,0.0049,42,18
Qwen/Qwen2.5-14B,fictional_b2,fictional,2,premise,32,3,3,0.0315,0.1762,0.1446,0.016,42,18
Qwen/Qwen2.5-14B,fictional_b2,fictional,2,premise,32,5,3,0.0922,0.2384,0.1462,-0.0063,42,18
Qwen/Qwen2.5-14B,fictional_b2,fictional,2,premise,32,8,3,0.1442,0.2916,0.1474,-0.0384,42,18
Qwen/Qwen2.5-14B,fictional_b2,fictional,2,premise,32,16,3,0.2544,0.3428,0.0884,-0.0008,42,18
Qwen/Qwen2.5-14B,fictional_b2,fictional,2,premise,32,2,4,0.048,0.132,0.084,0.0548,42,18
Qwen/Qwen2.5-14B,fictional_b2,fictional,2,premise,32,3,4,0.0838,0.2019,0.118,0.0301,42,18
Qwen/Qwen2.5-14B,fictional_b2,fictional,2,premise,32,5,4,0.0781,0.269,0.191,0.0016,42,18
Qwen/Qwen2.5-14B,fictional_b2,fictional,2,premise,32,8,4,0.1473,0.3109,0.1636,0.0087,42,18
Qwen/Qwen2.5-14B,fictional_b2,fictional,2,premise,32,16,4,0.2668,0.278,0.0112,0.0106,42,18
Qwen/Qwen2.5-14B,fictional_b2,fictional,2,premise,32,2,5,0.0458,0.0865,0.0407,-0.0245,42,18
Qwen/Qwen2.5-14B,fictional_b2,fictional,2,premise,32,3,5,0.0742,0.1597,0.0855,-0.0314,42,18
Qwen/Qwen2.5-14B,fictional_b2,fictional,2,premise,32,5,5,0.0895,0.2515,0.162,-0.0702,42,18
Qwen/Qwen2.5-14B,fictional_b2,fictional,2,premise,32,8,5,0.1164,0.2913,0.1749,-0.0943,42,18
Qwen/Qwen2.5-14B,fictional_b2,fictional,2,premise,32,16,5,0.2456,0.1267,-0.1189,-0.011,42,18
Qwen/Qwen2.5-14B,fictional_b2,fictional,2,premise,36,2,0,0.0961,0.1011,0.0049,0.0471,42,18
Qwen/Qwen2.5-14B,fictional_b2,fictional,2,premise,36,3,0,0.0524,0.1855,0.1331,-0.0316,42,18
Qwen/Qwen2.5-14B,fictional_b2,fictional,2,premise,36,5,0,0.07,0.2887,0.2187,-0.0295,42,18
Qwen/Qwen2.5-14B,fictional_b2,fictional,2,premise,36,8,0,0.1249,0.141,0.0161,-0.0354,42,18
Qwen/Qwen2.5-14B,fictional_b2,fictional,2,premise,36,16,0,0.2617,0.2041,-0.0576,-0.0033,42,18
Qwen/Qwen2.5-14B,fictional_b2,fictional,2,premise,36,2,1,0.0543,0.0896,0.0354,0.0157,42,18
Qwen/Qwen2.5-14B,fictional_b2,fictional,2,premise,36,3,1,0.0441,0.1457,0.1016,-0.0218,42,18
Qwen/Qwen2.5-14B,fictional_b2,fictional,2,premise,36,5,1,0.0824,0.2853,0.2029,-0.0178,42,18
Qwen/Qwen2.5-14B,fictional_b2,fictional,2,premise,36,8,1,0.1447,0.2351,0.0904,0.0019,42,18
Qwen/Qwen2.5-14B,fictional_b2,fictional,2,premise,36,16,1,0.2559,0.2066,-0.0493,0.0241,42,18
Qwen/Qwen2.5-14B,fictional_b2,fictional,2,premise,36,2,2,0.0509,0.1439,0.093,0.0294,42,18
Qwen/Qwen2.5-14B,fictional_b2,fictional,2,premise,36,3,2,0.1328,0.2018,0.069,-0.0121,42,18
Qwen/Qwen2.5-14B,fictional_b2,fictional,2,premise,36,5,2,0.1289,0.2578,0.1289,-0.0063,42,18
Qwen/Qwen2.5-14B,fictional_b2,fictional,2,premise,36,8,2,0.153,0.1486,-0.0044,0.01,42,18
Qwen/Qwen2.5-14B,fictional_b2,fictional,2,premise,36,16,2,0.2524,0.2492,-0.0032,-0.0247,42,18
Qwen/Qwen2.5-14B,fictional_b2,fictional,2,premise,36,2,3,0.0357,0.1015,0.0657,-0.0157,42,18
Qwen/Qwen2.5-14B,fictional_b2,fictional,2,premise,36,3,3,0.0589,0.1531,0.0942,-0.0034,42,18
Qwen/Qwen2.5-14B,fictional_b2,fictional,2,premise,36,5,3,0.0989,0.1983,0.0993,0.0137,42,18
Qwen/Qwen2.5-14B,fictional_b2,fictional,2,premise,36,8,3,0.1109,0.2074,0.0965,-0.0236,42,18
Qwen/Qwen2.5-14B,fictional_b2,fictional,2,premise,36,16,3,0.2941,0.2013,-0.0928,0.0239,42,18
Qwen/Qwen2.5-14B,fictional_b2,fictional,2,premise,36,2,4,0.0157,0.0899,0.0742,0.0156,42,18
Qwen/Qwen2.5-14B,fictional_b2,fictional,2,premise,36,3,4,0.0788,0.1568,0.0781,0.011,42,18
Qwen/Qwen2.5-14B,fictional_b2,fictional,2,premise,36,5,4,0.0834,0.2456,0.1622,0.02,42,18
Qwen/Qwen2.5-14B,fictional_b2,fictional,2,premise,36,8,4,0.1323,0.3179,0.1856,0.0025,42,18
Qwen/Qwen2.5-14B,fictional_b2,fictional,2,premise,36,16,4,0.2485,0.2266,-0.0218,0.0112,42,18
Qwen/Qwen2.5-14B,fictional_b2,fictional,2,premise,36,2,5,0.1337,0.1644,0.0307,-0.0104,42,18
Qwen/Qwen2.5-14B,fictional_b2,fictional,2,premise,36,3,5,0.1198,0.2374,0.1177,0.0275,42,18
Qwen/Qwen2.5-14B,fictional_b2,fictional,2,premise,36,5,5,0.1101,0.2838,0.1738,-0.06,42,18
Qwen/Qwen2.5-14B,fictional_b2,fictional,2,premise,36,8,5,0.1688,0.1464,-0.0224,-0.0216,42,18
Qwen/Qwen2.5-14B,fictional_b2,fictional,2,premise,36,16,5,0.2962,0.2392,-0.0571,-0.0395,42,18
Qwen/Qwen2.5-14B,fictional_b2,fictional,2,premise,40,2,0,0.0238,0.0723,0.0485,-0.0391,42,18
Qwen/Qwen2.5-14B,fictional_b2,fictional,2,premise,40,3,0,0.0425,0.1441,0.1016,-0.0458,42,18
Qwen/Qwen2.5-14B,fictional_b2,fictional,2,premise,40,5,0,0.0762,0.2269,0.1507,-0.006,42,18
Qwen/Qwen2.5-14B,fictional_b2,fictional,2,premise,40,8,0,0.1329,0.1205,-0.0124,0.0556,42,18
Qwen/Qwen2.5-14B,fictional_b2,fictional,2,premise,40,16,0,0.2485,0.2174,-0.0311,0.0099,42,18
Qwen/Qwen2.5-14B,fictional_b2,fictional,2,premise,40,2,1,0.0687,0.1058,0.037,-0.0183,42,18
Qwen/Qwen2.5-14B,fictional_b2,fictional,2,premise,40,3,1,0.098,0.1827,0.0847,0.0107,42,18
Qwen/Qwen2.5-14B,fictional_b2,fictional,2,premise,40,5,1,0.1012,0.2315,0.1303,-0.0044,42,18
Qwen/Qwen2.5-14B,fictional_b2,fictional,2,premise,40,8,1,0.1572,0.2249,0.0677,0.0415,42,18
Qwen/Qwen2.5-14B,fictional_b2,fictional,2,premise,40,16,1,0.2952,0.2314,-0.0637,0.0001,42,18
Qwen/Qwen2.5-14B,fictional_b2,fictional,2,premise,40,2,2,-0.0045,0.1165,0.1209,-0.0159,42,18
Qwen/Qwen2.5-14B,fictional_b2,fictional,2,premise,40,3,2,0.0506,0.1326,0.082,-0.0152,42,18
Qwen/Qwen2.5-14B,fictional_b2,fictional,2,premise,40,5,2,0.0973,0.247,0.1497,-0.0075,42,18
Qwen/Qwen2.5-14B,fictional_b2,fictional,2,premise,40,8,2,0.1467,0.2552,0.1085,0.0158,42,18
Qwen/Qwen2.5-14B,fictional_b2,fictional,2,premise,40,16,2,0.3046,0.2044,-0.1002,-0.0014,42,18
Qwen/Qwen2.5-14B,fictional_b2,fictional,2,premise,40,2,3,0.0533,0.0748,0.0216,0.0154,42,18
Qwen/Qwen2.5-14B,fictional_b2,fictional,2,premise,40,3,3,0.0601,0.1132,0.0531,0.0015,42,18
Qwen/Qwen2.5-14B,fictional_b2,fictional,2,premise,40,5,3,0.1016,0.2166,0.115,-0.0358,42,18
Qwen/Qwen2.5-14B,fictional_b2,fictional,2,premise,40,8,3,0.16,0.2635,0.1035,-0.034,42,18
Qwen/Qwen2.5-14B,fictional_b2,fictional,2,premise,40,16,3,0.2702,0.1954,-0.0748,-0.0034,42,18
Qwen/Qwen2.5-14B,fictional_b2,fictional,2,premise,40,2,4,0.0405,0.0836,0.0431,0.0036,42,18
Qwen/Qwen2.5-14B,fictional_b2,fictional,2,premise,40,3,4,0.054,0.1599,0.1059,0.0057,42,18
Qwen/Qwen2.5-14B,fictional_b2,fictional,2,premise,40,5,4,0.0551,0.2438,0.1887,0.0313,42,18
Qwen/Qwen2.5-14B,fictional_b2,fictional,2,premise,40,8,4,0.1448,0.1613,0.0165,-0.0105,42,18
Qwen/Qwen2.5-14B,fictional_b2,fictional,2,premise,40,16,4,0.2537,0.2164,-0.0373,-0.0219,42,18
Qwen/Qwen2.5-14B,fictional_b2,fictional,2,premise,40,2,5,0.048,0.1047,0.0566,0.012,42,18
Qwen/Qwen2.5-14B,fictional_b2,fictional,2,premise,40,3,5,0.0834,0.1643,0.0809,-0.054,42,18
Qwen/Qwen2.5-14B,fictional_b2,fictional,2,premise,40,5,5,0.0809,0.262,0.1811,0.0097,42,18
Qwen/Qwen2.5-14B,fictional_b2,fictional,2,premise,40,8,5,0.1558,0.2665,0.1106,-0.0521,42,18
Qwen/Qwen2.5-14B,fictional_b2,fictional,2,premise,40,16,5,0.2591,-0.0102,-0.2693,-0.0198,42,18
Qwen/Qwen2.5-14B,fictional_b2,fictional,2,premise,44,2,0,0.1138,0.1306,0.0167,-0.0115,42,18
Qwen/Qwen2.5-14B,fictional_b2,fictional,2,premise,44,3,0,0.0342,0.1972,0.163,-0.0312,42,18
Qwen/Qwen2.5-14B,fictional_b2,fictional,2,premise,44,5,0,0.0739,0.2309,0.157,-0.0083,42,18
Qwen/Qwen2.5-14B,fictional_b2,fictional,2,premise,44,8,0,0.1542,0.152,-0.0022,-0.0215,42,18
Qwen/Qwen2.5-14B,fictional_b2,fictional,2,premise,44,16,0,0.2435,-0.0029,-0.2464,-0.0241,42,18
Qwen/Qwen2.5-14B,fictional_b2,fictional,2,premise,44,2,1,0.0418,0.109,0.0672,-0.0041,42,18
Qwen/Qwen2.5-14B,fictional_b2,fictional,2,premise,44,3,1,0.0727,0.1343,0.0616,-0.0008,42,18
Qwen/Qwen2.5-14B,fictional_b2,fictional,2,premise,44,5,1,0.0724,0.2402,0.1678,0.0387,42,18
Qwen/Qwen2.5-14B,fictional_b2,fictional,2,premise,44,8,1,0.1948,0.1944,-0.0004,0.0224,42,18
Qwen/Qwen2.5-14B,fictional_b2,fictional,2,premise,44,16,1,0.2688,0.0509,-0.2179,0.0322,42,18
Qwen/Qwen2.5-14B,fictional_b2,fictional,2,premise,44,2,2,0.0744,0.1074,0.033,0.0076,42,18
Qwen/Qwen2.5-14B,fictional_b2,fictional,2,premise,44,3,2,0.1014,0.2345,0.1331,0.0029,42,18
Qwen/Qwen2.5-14B,fictional_b2,fictional,2,premise,44,5,2,0.1485,0.2835,0.135,0.0133,42,18
Qwen/Qwen2.5-14B,fictional_b2,fictional,2,premise,44,8,2,0.1597,0.2354,0.0757,-0.002,42,18
Qwen/Qwen2.5-14B,fictional_b2,fictional,2,premise,44,16,2,0.2956,0.0228,-0.2727,0.0288,42,18
Qwen/Qwen2.5-14B,fictional_b2,fictional,2,premise,44,2,3,0.0918,0.1007,0.0089,0.0551,42,18
Qwen/Qwen2.5-14B,fictional_b2,fictional,2,premise,44,3,3,0.0811,0.1619,0.0808,-0.0416,42,18
Qwen/Qwen2.5-14B,fictional_b2,fictional,2,premise,44,5,3,0.1055,0.2361,0.1306,-0.0101,42,18
Qwen/Qwen2.5-14B,fictional_b2,fictional,2,premise,44,8,3,0.1808,0.2285,0.0477,-0.0415,42,18
Qwen/Qwen2.5-14B,fictional_b2,fictional,2,premise,44,16,3,0.289,0.0119,-0.2771,-0.0542,42,18
Qwen/Qwen2.5-14B,fictional_b2,fictional,2,premise,44,2,4,0.094,0.1051,0.0111,-0.0446,42,18
Qwen/Qwen2.5-14B,fictional_b2,fictional,2,premise,44,3,4,0.086,0.1467,0.0608,-0.0205,42,18
Qwen/Qwen2.5-14B,fictional_b2,fictional,2,premise,44,5,4,0.1011,0.2692,0.1681,-0.0172,42,18
Qwen/Qwen2.5-14B,fictional_b2,fictional,2,premise,44,8,4,0.1874,0.2136,0.0261,0.018,42,18
Qwen/Qwen2.5-14B,fictional_b2,fictional,2,premise,44,16,4,0.2989,0.0982,-0.2006,-0.0103,42,18
Qwen/Qwen2.5-14B,fictional_b2,fictional,2,premise,44,2,5,0.0482,0.066,0.0179,0.0159,42,18
Qwen/Qwen2.5-14B,fictional_b2,fictional,2,premise,44,3,5,0.0778,0.1535,0.0757,-0.0116,42,18
Qwen/Qwen2.5-14B,fictional_b2,fictional,2,premise,44,5,5,0.0613,0.2634,0.2021,-0.0596,42,18
Qwen/Qwen2.5-14B,fictional_b2,fictional,2,premise,44,8,5,0.1459,0.2009,0.055,-0.0423,42,18
Qwen/Qwen2.5-14B,fictional_b2,fictional,2,premise,44,16,5,0.261,0.0497,-0.2114,0.0046,42,18
Qwen/Qwen2.5-14B,fictional_b2,fictional,2,premise,48,2,0,0.0392,0.0691,0.0299,-0.0056,42,18
Qwen/Qwen2.5-14B,fictional_b2,fictional,2,premise,48,3,0,0.0359,0.149,0.113,-0.0232,42,18
Qwen/Qwen2.5-14B,fictional_b2,fictional,2,premise,48,5,0,0.0689,0.1697,0.1008,0.0074,42,18
Qwen/Qwen2.5-14B,fictional_b2,fictional,2,premise,48,8,0,0.1521,0.2183,0.0663,-0.0319,42,18
Qwen/Qwen2.5-14B,fictional_b2,fictional,2,premise,48,16,0,0.2719,0.1686,-0.1033,-0.0205,42,18
Qwen/Qwen2.5-14B,fictional_b2,fictional,2,premise,48,2,1,0.0105,0.0783,0.0678,0.0108,42,18
Qwen/Qwen2.5-14B,fictional_b2,fictional,2,premise,48,3,1,0.0229,0.1265,0.1036,-0.0094,42,18
Qwen/Qwen2.5-14B,fictional_b2,fictional,2,premise,48,5,1,0.1031,0.1973,0.0942,0.0276,42,18
Qwen/Qwen2.5-14B,fictional_b2,fictional,2,premise,48,8,1,0.1655,0.2226,0.0571,-0.007,42,18
Qwen/Qwen2.5-14B,fictional_b2,fictional,2,premise,48,16,1,0.2589,0.0848,-0.1741,0.0023,42,18
Qwen/Qwen2.5-14B,fictional_b2,fictional,2,premise,48,2,2,0.0299,0.0597,0.0299,-0.0472,42,18
Qwen/Qwen2.5-14B,fictional_b2,fictional,2,premise,48,3,2,0.0515,0.1831,0.1316,0.006,42,18
Qwen/Qwen2.5-14B,fictional_b2,fictional,2,premise,48,5,2,0.0872,0.205,0.1178,0.0223,42,18
Qwen/Qwen2.5-14B,fictional_b2,fictional,2,premise,48,8,2,0.1925,0.2364,0.0439,-0.0579,42,18
Qwen/Qwen2.5-14B,fictional_b2,fictional,2,premise,48,16,2,0.2627,0.0351,-0.2276,-0.0039,42,18
Qwen/Qwen2.5-14B,fictional_b2,fictional,2,premise,48,2,3,0.0275,0.1399,0.1124,-0.0279,42,18
Qwen/Qwen2.5-14B,fictional_b2,fictional,2,premise,48,3,3,0.0278,0.1479,0.1201,-0.0231,42,18
Qwen/Qwen2.5-14B,fictional_b2,fictional,2,premise,48,5,3,0.0655,0.2013,0.1358,-0.0224,42,18
Qwen/Qwen2.5-14B,fictional_b2,fictional,2,premise,48,8,3,0.176,0.1821,0.006,-0.0286,42,18
Qwen/Qwen2.5-14B,fictional_b2,fictional,2,premise,48,16,3,0.2598,0.1413,-0.1185,0.0089,42,18
Qwen/Qwen2.5-14B,fictional_b2,fictional,2,premise,48,2,4,0.0556,0.0759,0.0203,0.0447,42,18
Qwen/Qwen2.5-14B,fictional_b2,fictional,2,premise,48,3,4,0.0433,0.1599,0.1166,0.0087,42,18
Qwen/Qwen2.5-14B,fictional_b2,fictional,2,premise,48,5,4,0.1068,0.2046,0.0978,0.0047,42,18
Qwen/Qwen2.5-14B,fictional_b2,fictional,2,premise,48,8,4,0.2168,0.2335,0.0166,-0.0507,42,18
Qwen/Qwen2.5-14B,fictional_b2,fictional,2,premise,48,16,4,0.2534,0.1107,-0.1427,-0.0439,42,18
Qwen/Qwen2.5-14B,fictional_b2,fictional,2,premise,48,2,5,0.0943,0.1173,0.0229,-0.0068,42,18
Qwen/Qwen2.5-14B,fictional_b2,fictional,2,premise,48,3,5,0.0921,0.1971,0.105,-0.0443,42,18
Qwen/Qwen2.5-14B,fictional_b2,fictional,2,premise,48,5,5,0.0794,0.2703,0.1909,-0.0169,42,18
Qwen/Qwen2.5-14B,fictional_b2,fictional,2,premise,48,8,5,0.1512,0.1203,-0.0309,-0.0263,42,18
Qwen/Qwen2.5-14B,fictional_b2,fictional,2,premise,48,16,5,0.2411,0.0308,-0.2103,-0.0285,42,18
Qwen/Qwen2.5-14B,fictional_b2,fictional,2,last,0,2,0,-0.0659,-0.0659,0.0,0.0099,42,18
Qwen/Qwen2.5-14B,fictional_b2,fictional,2,last,0,3,0,-0.0659,-0.0659,0.0,-0.0005,42,18
Qwen/Qwen2.5-14B,fictional_b2,fictional,2,last,0,5,0,-0.0659,-0.0659,0.0,0.0099,42,18
Qwen/Qwen2.5-14B,fictional_b2,fictional,2,last,0,8,0,-0.0659,-0.0496,0.0163,0.0006,42,18
Qwen/Qwen2.5-14B,fictional_b2,fictional,2,last,0,16,0,-0.0659,-0.0542,0.0117,-0.0005,42,18
Qwen/Qwen2.5-14B,fictional_b2,fictional,2,last,0,2,1,-0.0514,-0.0514,0.0,0.0028,42,18
Qwen/Qwen2.5-14B,fictional_b2,fictional,2,last,0,3,1,-0.0514,-0.038,0.0134,0.0028,42,18
Qwen/Qwen2.5-14B,fictional_b2,fictional,2,last,0,5,1,-0.0514,-0.0286,0.0228,-0.0106,42,18
Qwen/Qwen2.5-14B,fictional_b2,fictional,2,last,0,8,1,-0.0514,-0.038,0.0134,-0.0011,42,18
Qwen/Qwen2.5-14B,fictional_b2,fictional,2,last,0,16,1,-0.0514,-0.038,0.0134,-0.0011,42,18
Qwen/Qwen2.5-14B,fictional_b2,fictional,2,last,0,2,2,-0.0319,-0.0319,0.0,0.0263,42,18
Qwen/Qwen2.5-14B,fictional_b2,fictional,2,last,0,3,2,-0.0319,-0.0136,0.0184,0.0315,42,18
Qwen/Qwen2.5-14B,fictional_b2,fictional,2,last,0,5,2,-0.0319,-0.0319,0.0,0.0315,42,18
Qwen/Qwen2.5-14B,fictional_b2,fictional,2,last,0,8,2,-0.0319,-0.0166,0.0153,0.0263,42,18
Qwen/Qwen2.5-14B,fictional_b2,fictional,2,last,0,16,2,0.0073,-0.0319,-0.0392,0.0315,42,18
Qwen/Qwen2.5-14B,fictional_b2,fictional,2,last,0,2,3,-0.0454,-0.0454,0.0,0.0243,42,18
Qwen/Qwen2.5-14B,fictional_b2,fictional,2,last,0,3,3,-0.0454,-0.0454,0.0,0.0243,42,18
Qwen/Qwen2.5-14B,fictional_b2,fictional,2,last,0,5,3,-0.0454,-0.0343,0.0112,0.0326,42,18
Qwen/Qwen2.5-14B,fictional_b2,fictional,2,last,0,8,3,-0.0454,-0.0454,0.0,0.0201,42,18
Qwen/Qwen2.5-14B,fictional_b2,fictional,2,last,0,16,3,-0.0454,-0.0262,0.0193,0.0201,42,18
Qwen/Qwen2.5-14B,fictional_b2,fictional,2,last,0,2,4,-0.0572,-0.0572,0.0,0.0132,42,18
Qwen/Qwen2.5-14B,fictional_b2,fictional,2,last,0,3,4,-0.0572,-0.0572,0.0,0.0132,42,18
Qwen/Qwen2.5-14B,fictional_b2,fictional,2,last,0,5,4,-0.0572,-0.0448,0.0124,0.0217,42,18
Qwen/Qwen2.5-14B,fictional_b2,fictional,2,last,0,8,4,-0.0572,-0.0448,0.0124,0.0217,42,18
Qwen/Qwen2.5-14B,fictional_b2,fictional,2,last,0,16,4,-0.0265,-0.0316,-0.0052,0.0082,42,18
Qwen/Qwen2.5-14B,fictional_b2,fictional,2,last,0,2,5,-0.0453,-0.0453,0.0,0.0417,42,18
Qwen/Qwen2.5-14B,fictional_b2,fictional,2,last,0,3,5,-0.0453,-0.0453,0.0,0.0417,42,18
Qwen/Qwen2.5-14B,fictional_b2,fictional,2,last,0,5,5,-0.0453,-0.0453,0.0,0.0417,42,18
Qwen/Qwen2.5-14B,fictional_b2,fictional,2,last,0,8,5,-0.0453,-0.0453,0.0,0.0417,42,18
Qwen/Qwen2.5-14B,fictional_b2,fictional,2,last,0,16,5,-0.0453,-0.0453,0.0,0.0417,42,18
Qwen/Qwen2.5-14B,fictional_b2,fictional,2,last,4,2,0,-0.0192,0.0762,0.0954,0.0055,42,18
Qwen/Qwen2.5-14B,fictional_b2,fictional,2,last,4,3,0,0.0124,0.0819,0.0696,-0.0471,42,18
Qwen/Qwen2.5-14B,fictional_b2,fictional,2,last,4,5,0,0.0808,0.1029,0.0221,0.0142,42,18
Qwen/Qwen2.5-14B,fictional_b2,fictional,2,last,4,8,0,0.0907,0.0777,-0.013,-0.001,42,18
Qwen/Qwen2.5-14B,fictional_b2,fictional,2,last,4,16,0,0.159,0.1473,-0.0117,-0.0493,42,18
Qwen/Qwen2.5-14B,fictional_b2,fictional,2,last,4,2,1,0.0044,0.0211,0.0167,-0.0067,42,18
Qwen/Qwen2.5-14B,fictional_b2,fictional,2,last,4,3,1,-0.0147,0.0197,0.0344,0.018,42,18
Qwen/Qwen2.5-14B,fictional_b2,fictional,2,last,4,5,1,0.0348,0.1172,0.0824,-0.0371,42,18
Qwen/Qwen2.5-14B,fictional_b2,fictional,2,last,4,8,1,0.0552,0.1064,0.0512,0.0253,42,18
Qwen/Qwen2.5-14B,fictional_b2,fictional,2,last,4,16,1,0.1219,0.0058,-0.116,-0.0241,42,18
Qwen/Qwen2.5-14B,fictional_b2,fictional,2,last,4,2,2,0.0286,0.0186,-0.0101,-0.0332,42,18
Qwen/Qwen2.5-14B,fictional_b2,fictional,2,last,4,3,2,0.0271,0.0547,0.0276,-0.0449,42,18
Qwen/Qwen2.5-14B,fictional_b2,fictional,2,last,4,5,2,0.0461,0.1011,0.0551,-0.0372,42,18
Qwen/Qwen2.5-14B,fictional_b2,fictional,2,last,4,8,2,0.0624,0.081,0.0186,0.001,42,18
Qwen/Qwen2.5-14B,fictional_b2,fictional,2,last,4,16,2,0.1276,0.0775,-0.0501,-0.0399,42,18
Qwen/Qwen2.5-14B,fictional_b2,fictional,2,last,4,2,3,0.0324,0.0658,0.0334,-0.0222,42,18
Qwen/Qwen2.5-14B,fictional_b2,fictional,2,last,4,3,3,0.0456,0.1332,0.0877,0.0066,42,18
Qwen/Qwen2.5-14B,fictional_b2,fictional,2,last,4,5,3,-0.0007,0.1121,0.1128,0.0058,42,18
Qwen/Qwen2.5-14B,fictional_b2,fictional,2,last,4,8,3,0.0705,0.0912,0.0208,-0.0181,42,18
Qwen/Qwen2.5-14B,fictional_b2,fictional,2,last,4,16,3,0.1325,0.0919,-0.0406,0.0146,42,18
Qwen/Qwen2.5-14B,fictional_b2,fictional,2,last,4,2,4,0.0389,0.0478,0.0089,-0.0088,42,18
Qwen/Qwen2.5-14B,fictional_b2,fictional,2,last,4,3,4,0.0457,0.0228,-0.023,-0.0137,42,18
Qwen/Qwen2.5-14B,fictional_b2,fictional,2,last,4,5,4,-0.0153,0.0877,0.103,0.0203,42,18
Qwen/Qwen2.5-14B,fictional_b2,fictional,2,last,4,8,4,0.0939,0.0719,-0.022,-0.0406,42,18
Qwen/Qwen2.5-14B,fictional_b2,fictional,2,last,4,16,4,0.1451,0.0484,-0.0967,0.0185,42,18
Qwen/Qwen2.5-14B,fictional_b2,fictional,2,last,4,2,5,0.0128,0.0339,0.0211,0.0026,42,18
Qwen/Qwen2.5-14B,fictional_b2,fictional,2,last,4,3,5,0.0206,0.0459,0.0252,0.0117,42,18
Qwen/Qwen2.5-14B,fictional_b2,fictional,2,last,4,5,5,0.0336,0.1333,0.0997,0.0178,42,18
Qwen/Qwen2.5-14B,fictional_b2,fictional,2,last,4,8,5,0.1097,0.1484,0.0388,-0.022,42,18
Qwen/Qwen2.5-14B,fictional_b2,fictional,2,last,4,16,5,0.1404,0.1914,0.051,-0.0289,42,18
Qwen/Qwen2.5-14B,fictional_b2,fictional,2,last,8,2,0,0.0301,0.0961,0.066,-0.0074,42,18
Qwen/Qwen2.5-14B,fictional_b2,fictional,2,last,8,3,0,0.0385,0.1748,0.1363,-0.0298,42,18
Qwen/Qwen2.5-14B,fictional_b2,fictional,2,last,8,5,0,0.0522,0.199,0.1468,-0.0141,42,18
Qwen/Qwen2.5-14B,fictional_b2,fictional,2,last,8,8,0,0.1439,0.157,0.0132,0.0082,42,18
Qwen/Qwen2.5-14B,fictional_b2,fictional,2,last,8,16,0,0.2185,0.1616,-0.0569,0.0315,42,18
Qwen/Qwen2.5-14B,fictional_b2,fictional,2,last,8,2,1,-0.0274,0.0507,0.0781,-0.0031,42,18
Qwen/Qwen2.5-14B,fictional_b2,fictional,2,last,8,3,1,0.0119,0.1238,0.1119,-0.0204,42,18
Qwen/Qwen2.5-14B,fictional_b2,fictional,2,last,8,5,1,0.0498,0.1917,0.1419,0.0003,42,18
Qwen/Qwen2.5-14B,fictional_b2,fictional,2,last,8,8,1,0.106,0.2291,0.1231,-0.0391,42,18
Qwen/Qwen2.5-14B,fictional_b2,fictional,2,last,8,16,1,0.1883,0.134,-0.0543,0.0142,42,18
Qwen/Qwen2.5-14B,fictional_b2,fictional,2,last,8,2,2,-0.0134,0.0601,0.0734,0.0022,42,18
Qwen/Qwen2.5-14B,fictional_b2,fictional,2,last,8,3,2,0.0197,0.1309,0.1111,0.005,42,18
Qwen/Qwen2.5-14B,fictional_b2,fictional,2,last,8,5,2,-0.0037,0.2065,0.2101,-0.046,42,18
Qwen/Qwen2.5-14B,fictional_b2,fictional,2,last,8,8,2,0.1201,0.1558,0.0357,-0.0432,42,18
Qwen/Qwen2.5-14B,fictional_b2,fictional,2,last,8,16,2,0.2094,0.2781,0.0687,-0.0072,42,18
Qwen/Qwen2.5-14B,fictional_b2,fictional,2,last,8,2,3,0.0209,0.1107,0.0898,-0.0191,42,18
Qwen/Qwen2.5-14B,fictional_b2,fictional,2,last,8,3,3,0.0409,0.1485,0.1076,-0.1101,42,18
Qwen/Qwen2.5-14B,fictional_b2,fictional,2,last,8,5,3,0.0579,0.2058,0.1479,-0.0609,42,18
Qwen/Qwen2.5-14B,fictional_b2,fictional,2,last,8,8,3,0.0911,0.1989,0.1077,-0.0098,42,18
Qwen/Qwen2.5-14B,fictional_b2,fictional,2,last,8,16,3,0.233,0.1898,-0.0432,0.012,42,18
Qwen/Qwen2.5-14B,fictional_b2,fictional,2,last,8,2,4,0.0291,0.0461,0.0169,0.006,42,18
Qwen/Qwen2.5-14B,fictional_b2,fictional,2,last,8,3,4,0.0166,0.1572,0.1406,0.0004,42,18
Qwen/Qwen2.5-14B,fictional_b2,fictional,2,last,8,5,4,0.0717,0.2102,0.1385,-0.0243,42,18
Qwen/Qwen2.5-14B,fictional_b2,fictional,2,last,8,8,4,0.0565,0.2408,0.1843,0.038,42,18
Qwen/Qwen2.5-14B,fictional_b2,fictional,2,last,8,16,4,0.2124,0.2188,0.0064,0.0239,42,18
Qwen/Qwen2.5-14B,fictional_b2,fictional,2,last,8,2,5,0.0168,0.1117,0.0949,-0.0026,42,18
Qwen/Qwen2.5-14B,fictional_b2,fictional,2,last,8,3,5,0.0235,0.1944,0.1709,-0.0105,42,18
Qwen/Qwen2.5-14B,fictional_b2,fictional,2,last,8,5,5,0.0541,0.1716,0.1175,-0.088,42,18
Qwen/Qwen2.5-14B,fictional_b2,fictional,2,last,8,8,5,0.118,0.211,0.093,-0.0479,42,18
Qwen/Qwen2.5-14B,fictional_b2,fictional,2,last,8,16,5,0.1767,0.1336,-0.0431,-0.0221,42,18
Qwen/Qwen2.5-14B,fictional_b2,fictional,2,last,12,2,0,0.0188,0.0916,0.0729,-0.0343,42,18
Qwen/Qwen2.5-14B,fictional_b2,fictional,2,last,12,3,0,0.0232,0.1619,0.1388,0.0392,42,18
Qwen/Qwen2.5-14B,fictional_b2,fictional,2,last,12,5,0,0.0532,0.2633,0.2101,-0.0385,42,18
Qwen/Qwen2.5-14B,fictional_b2,fictional,2,last,12,8,0,0.1041,0.277,0.1729,-0.0292,42,18
Qwen/Qwen2.5-14B,fictional_b2,fictional,2,last,12,16,0,0.2306,0.3468,0.1162,-0.0253,42,18
Qwen/Qwen2.5-14B,fictional_b2,fictional,2,last,12,2,1,0.0376,0.0735,0.036,-0.0404,42,18
Qwen/Qwen2.5-14B,fictional_b2,fictional,2,last,12,3,1,0.0555,0.1445,0.089,-0.0471,42,18
Qwen/Qwen2.5-14B,fictional_b2,fictional,2,last,12,5,1,0.086,0.1971,0.1111,-0.028,42,18
Qwen/Qwen2.5-14B,fictional_b2,fictional,2,last,12,8,1,0.1724,0.2936,0.1211,-0.0089,42,18
Qwen/Qwen2.5-14B,fictional_b2,fictional,2,last,12,16,1,0.2526,0.3177,0.0651,-0.0124,42,18
Qwen/Qwen2.5-14B,fictional_b2,fictional,2,last,12,2,2,0.0372,0.09,0.0528,0.0039,42,18
Qwen/Qwen2.5-14B,fictional_b2,fictional,2,last,12,3,2,0.0473,0.1914,0.1441,-0.0372,42,18
Qwen/Qwen2.5-14B,fictional_b2,fictional,2,last,12,5,2,0.0446,0.2293,0.1847,0.0072,42,18
Qwen/Qwen2.5-14B,fictional_b2,fictional,2,last,12,8,2,0.138,0.2419,0.1039,0.0033,42,18
Qwen/Qwen2.5-14B,fictional_b2,fictional,2,last,12,16,2,0.2166,0.3622,0.1456,-0.0224,42,18
Qwen/Qwen2.5-14B,fictional_b2,fictional,2,last,12,2,3,0.0151,0.067,0.0519,-0.0413,42,18
Qwen/Qwen2.5-14B,fictional_b2,fictional,2,last,12,3,3,0.025,0.1407,0.1158,-0.0739,42,18
Qwen/Qwen2.5-14B,fictional_b2,fictional,2,last,12,5,3,0.0467,0.2649,0.2182,-0.026,42,18
Qwen/Qwen2.5-14B,fictional_b2,fictional,2,last,12,8,3,0.0975,0.2237,0.1262,-0.0402,42,18
Qwen/Qwen2.5-14B,fictional_b2,fictional,2,last,12,16,3,0.2075,0.3145,0.107,-0.0364,42,18
Qwen/Qwen2.5-14B,fictional_b2,fictional,2,last,12,2,4,0.0229,0.1049,0.082,-0.0386,42,18
Qwen/Qwen2.5-14B,fictional_b2,fictional,2,last,12,3,4,-0.0075,0.1545,0.162,-0.0078,42,18
Qwen/Qwen2.5-14B,fictional_b2,fictional,2,last,12,5,4,0.0321,0.2719,0.2398,0.0082,42,18
Qwen/Qwen2.5-14B,fictional_b2,fictional,2,last,12,8,4,0.1618,0.2841,0.1223,0.0312,42,18
Qwen/Qwen2.5-14B,fictional_b2,fictional,2,last,12,16,4,0.2653,0.2945,0.0292,-0.0008,42,18
Qwen/Qwen2.5-14B,fictional_b2,fictional,2,last,12,2,5,0.0314,0.0858,0.0544,0.0206,42,18
Qwen/Qwen2.5-14B,fictional_b2,fictional,2,last,12,3,5,0.0263,0.1435,0.1173,-0.0612,42,18
Qwen/Qwen2.5-14B,fictional_b2,fictional,2,last,12,5,5,0.067,0.2439,0.1769,-0.0586,42,18
Qwen/Qwen2.5-14B,fictional_b2,fictional,2,last,12,8,5,0.1196,0.2791,0.1595,0.0207,42,18
Qwen/Qwen2.5-14B,fictional_b2,fictional,2,last,12,16,5,0.2357,0.1712,-0.0645,-0.0138,42,18
Qwen/Qwen2.5-14B,fictional_b2,fictional,2,last,16,2,0,0.0108,0.1027,0.0919,0.0015,42,18
Qwen/Qwen2.5-14B,fictional_b2,fictional,2,last,16,3,0,0.0386,0.1887,0.1501,-0.0368,42,18
Qwen/Qwen2.5-14B,fictional_b2,fictional,2,last,16,5,0,0.0524,0.2052,0.1528,-0.0695,42,18
Qwen/Qwen2.5-14B,fictional_b2,fictional,2,last,16,8,0,0.1299,0.1418,0.0119,-0.005,42,18
Qwen/Qwen2.5-14B,fictional_b2,fictional,2,last,16,16,0,0.2374,0.3573,0.1199,-0.0096,42,18
Qwen/Qwen2.5-14B,fictional_b2,fictional,2,last,16,2,1,-0.0189,0.0757,0.0946,0.0095,42,18
Qwen/Qwen2.5-14B,fictional_b2,fictional,2,last,16,3,1,0.032,0.1776,0.1456,0.0142,42,18
Qwen/Qwen2.5-14B,fictional_b2,fictional,2,last,16,5,1,0.0577,0.2498,0.1921,-0.0045,42,18
Qwen/Qwen2.5-14B,fictional_b2,fictional,2,last,16,8,1,0.1373,0.2723,0.135,0.0025,42,18
Qwen/Qwen2.5-14B,fictional_b2,fictional,2,last,16,16,1,0.2232,0.2631,0.0399,0.017,42,18
Qwen/Qwen2.5-14B,fictional_b2,fictional,2,last,16,2,2,0.0007,0.0673,0.0665,-0.0227,42,18
Qwen/Qwen2.5-14B,fictional_b2,fictional,2,last,16,3,2,-0.0,0.1386,0.1386,-0.0205,42,18
Qwen/Qwen2.5-14B,fictional_b2,fictional,2,last,16,5,2,0.0206,0.2246,0.204,-0.0139,42,18
Qwen/Qwen2.5-14B,fictional_b2,fictional,2,last,16,8,2,0.0994,0.214,0.1146,0.0047,42,18
Qwen/Qwen2.5-14B,fictional_b2,fictional,2,last,16,16,2,0.26,0.238,-0.022,-0.0292,42,18
Qwen/Qwen2.5-14B,fictional_b2,fictional,2,last,16,2,3,0.055,0.1094,0.0544,-0.0374,42,18
Qwen/Qwen2.5-14B,fictional_b2,fictional,2,last,16,3,3,0.0532,0.169,0.1158,-0.012,42,18
Qwen/Qwen2.5-14B,fictional_b2,fictional,2,last,16,5,3,0.1075,0.2772,0.1697,-0.0247,42,18
Qwen/Qwen2.5-14B,fictional_b2,fictional,2,last,16,8,3,0.1365,0.2202,0.0837,-0.0209,42,18
Qwen/Qwen2.5-14B,fictional_b2,fictional,2,last,16,16,3,0.2393,0.2789,0.0396,-0.0487,42,18
Qwen/Qwen2.5-14B,fictional_b2,fictional,2,last,16,2,4,0.0094,0.0565,0.047,0.0301,42,18
Qwen/Qwen2.5-14B,fictional_b2,fictional,2,last,16,3,4,0.0251,0.1303,0.1053,-0.0387,42,18
Qwen/Qwen2.5-14B,fictional_b2,fictional,2,last,16,5,4,0.0373,0.2382,0.2009,0.0162,42,18
Qwen/Qwen2.5-14B,fictional_b2,fictional,2,last,16,8,4,0.0737,0.2231,0.1494,0.008,42,18
Qwen/Qwen2.5-14B,fictional_b2,fictional,2,last,16,16,4,0.2541,0.1839,-0.0702,-0.0066,42,18
Qwen/Qwen2.5-14B,fictional_b2,fictional,2,last,16,2,5,0.0167,0.1279,0.1111,-0.0612,42,18
Qwen/Qwen2.5-14B,fictional_b2,fictional,2,last,16,3,5,0.0348,0.1224,0.0876,-0.0372,42,18
Qwen/Qwen2.5-14B,fictional_b2,fictional,2,last,16,5,5,0.0926,0.2281,0.1356,-0.0387,42,18
Qwen/Qwen2.5-14B,fictional_b2,fictional,2,last,16,8,5,0.1142,0.2223,0.1081,-0.012,42,18
Qwen/Qwen2.5-14B,fictional_b2,fictional,2,last,16,16,5,0.2357,0.2819,0.0461,-0.0259,42,18
Qwen/Qwen2.5-14B,fictional_b2,fictional,2,last,20,2,0,0.0081,0.069,0.0609,-0.0042,42,18
Qwen/Qwen2.5-14B,fictional_b2,fictional,2,last,20,3,0,0.0365,0.177,0.1405,-0.0298,42,18
Qwen/Qwen2.5-14B,fictional_b2,fictional,2,last,20,5,0,0.0591,0.2144,0.1552,-0.0068,42,18
Qwen/Qwen2.5-14B,fictional_b2,fictional,2,last,20,8,0,0.0968,0.2108,0.114,-0.0164,42,18
Qwen/Qwen2.5-14B,fictional_b2,fictional,2,last,20,16,0,0.2374,0.2184,-0.0189,-0.0143,42,18
Qwen/Qwen2.5-14B,fictional_b2,fictional,2,last,20,2,1,0.0485,0.0702,0.0217,-0.0164,42,18
Qwen/Qwen2.5-14B,fictional_b2,fictional,2,last,20,3,1,0.0553,0.1268,0.0714,0.0132,42,18
Qwen/Qwen2.5-14B,fictional_b2,fictional,2,last,20,5,1,0.0516,0.253,0.2015,0.0333,42,18
Qwen/Qwen2.5-14B,fictional_b2,fictional,2,last,20,8,1,0.078,0.2608,0.1829,-0.0155,42,18
Qwen/Qwen2.5-14B,fictional_b2,fictional,2,last,20,16,1,0.2534,0.3373,0.0839,0.0059,42,18
Qwen/Qwen2.5-14B,fictional_b2,fictional,2,last,20,2,2,0.0143,0.1054,0.0911,-0.0606,42,18
Qwen/Qwen2.5-14B,fictional_b2,fictional,2,last,20,3,2,0.0449,0.15,0.1051,-0.0298,42,18
Qwen/Qwen2.5-14B,fictional_b2,fictional,2,last,20,5,2,0.0625,0.2718,0.2093,0.0119,42,18
Qwen/Qwen2.5-14B,fictional_b2,fictional,2,last,20,8,2,0.1128,0.2163,0.1035,0.0019,42,18
Qwen/Qwen2.5-14B,fictional_b2,fictional,2,last,20,16,2,0.2835,0.2513,-0.0322,0.0226,42,18
Qwen/Qwen2.5-14B,fictional_b2,fictional,2,last,20,2,3,0.0193,0.0862,0.0669,-0.0325,42,18
Qwen/Qwen2.5-14B,fictional_b2,fictional,2,last,20,3,3,-0.0011,0.138,0.1391,0.0149,42,18
Qwen/Qwen2.5-14B,fictional_b2,fictional,2,last,20,5,3,0.023,0.2901,0.2671,-0.0695,42,18
Qwen/Qwen2.5-14B,fictional_b2,fictional,2,last,20,8,3,0.1124,0.1834,0.071,-0.0258,42,18
Qwen/Qwen2.5-14B,fictional_b2,fictional,2,last,20,16,3,0.2369,0.3733,0.1364,-0.0799,42,18
Qwen/Qwen2.5-14B,fictional_b2,fictional,2,last,20,2,4,0.0064,0.0745,0.0681,0.0128,42,18
Qwen/Qwen2.5-14B,fictional_b2,fictional,2,last,20,3,4,0.0489,0.1361,0.0872,-0.0377,42,18
Qwen/Qwen2.5-14B,fictional_b2,fictional,2,last,20,5,4,0.0437,0.2971,0.2534,-0.0089,42,18
Qwen/Qwen2.5-14B,fictional_b2,fictional,2,last,20,8,4,0.1169,0.2945,0.1776,-0.0182,42,18
Qwen/Qwen2.5-14B,fictional_b2,fictional,2,last,20,16,4,0.2525,0.2885,0.0359,0.0246,42,18
Qwen/Qwen2.5-14B,fictional_b2,fictional,2,last,20,2,5,0.0046,0.0827,0.0781,0.0044,42,18
Qwen/Qwen2.5-14B,fictional_b2,fictional,2,last,20,3,5,0.0386,0.1615,0.1229,0.0012,42,18
Qwen/Qwen2.5-14B,fictional_b2,fictional,2,last,20,5,5,0.0124,0.2743,0.2619,0.0002,42,18
Qwen/Qwen2.5-14B,fictional_b2,fictional,2,last,20,8,5,0.1376,0.2855,0.1479,-0.0105,42,18
Qwen/Qwen2.5-14B,fictional_b2,fictional,2,last,20,16,5,0.2217,0.3617,0.14,-0.0283,42,18
Qwen/Qwen2.5-14B,fictional_b2,fictional,2,last,24,2,0,0.055,0.056,0.001,0.006,42,18
Qwen/Qwen2.5-14B,fictional_b2,fictional,2,last,24,3,0,0.0369,0.1775,0.1407,-0.0123,42,18
Qwen/Qwen2.5-14B,fictional_b2,fictional,2,last,24,5,0,0.0556,0.2415,0.1859,-0.0324,42,18
Qwen/Qwen2.5-14B,fictional_b2,fictional,2,last,24,8,0,0.0979,0.2895,0.1916,-0.0376,42,18
Qwen/Qwen2.5-14B,fictional_b2,fictional,2,last,24,16,0,0.2618,0.366,0.1042,-0.0457,42,18
Qwen/Qwen2.5-14B,fictional_b2,fictional,2,last,24,2,1,0.0186,0.0915,0.0729,0.0454,42,18
Qwen/Qwen2.5-14B,fictional_b2,fictional,2,last,24,3,1,0.03,0.1165,0.0865,-0.0148,42,18
Qwen/Qwen2.5-14B,fictional_b2,fictional,2,last,24,5,1,0.0412,0.2435,0.2023,0.0111,42,18
Qwen/Qwen2.5-14B,fictional_b2,fictional,2,last,24,8,1,0.0961,0.3242,0.2281,0.0155,42,18
Qwen/Qwen2.5-14B,fictional_b2,fictional,2,last,24,16,1,0.2359,0.3732,0.1373,0.0196,42,18
Qwen/Qwen2.5-14B,fictional_b2,fictional,2,last,24,2,2,0.053,0.1085,0.0555,-0.0133,42,18
Qwen/Qwen2.5-14B,fictional_b2,fictional,2,last,24,3,2,0.0464,0.172,0.1256,-0.0594,42,18
Qwen/Qwen2.5-14B,fictional_b2,fictional,2,last,24,5,2,0.0497,0.2986,0.2489,-0.0266,42,18
Qwen/Qwen2.5-14B,fictional_b2,fictional,2,last,24,8,2,0.1256,0.3529,0.2273,0.0073,42,18
Qwen/Qwen2.5-14B,fictional_b2,fictional,2,last,24,16,2,0.2778,0.3513,0.0735,-0.0193,42,18
Qwen/Qwen2.5-14B,fictional_b2,fictional,2,last,24,2,3,0.0561,0.0881,0.0321,-0.0316,42,18
Qwen/Qwen2.5-14B,fictional_b2,fictional,2,last,24,3,3,0.0639,0.1326,0.0688,-0.0023,42,18
Qwen/Qwen2.5-14B,fictional_b2,fictional,2,last,24,5,3,0.0663,0.2651,0.1988,-0.0249,42,18
Qwen/Qwen2.5-14B,fictional_b2,fictional,2,last,24,8,3,0.1322,0.3244,0.1922,-0.0435,42,18
Qwen/Qwen2.5-14B,fictional_b2,fictional,2,last,24,16,3,0.2328,0.3304,0.0975,-0.0538,42,18
Qwen/Qwen2.5-14B,fictional_b2,fictional,2,last,24,2,4,0.0072,0.0793,0.0721,0.0029,42,18
Qwen/Qwen2.5-14B,fictional_b2,fictional,2,last,24,3,4,0.0531,0.1285,0.0755,-0.0144,42,18
Qwen/Qwen2.5-14B,fictional_b2,fictional,2,last,24,5,4,0.0425,0.2679,0.2254,0.0044,42,18
Qwen/Qwen2.5-14B,fictional_b2,fictional,2,last,24,8,4,0.1272,0.3419,0.2147,-0.0083,42,18
Qwen/Qwen2.5-14B,fictional_b2,fictional,2,last,24,16,4,0.2807,0.3742,0.0935,0.0053,42,18
Qwen/Qwen2.5-14B,fictional_b2,fictional,2,last,24,2,5,0.0301,0.0951,0.065,-0.0098,42,18
Qwen/Qwen2.5-14B,fictional_b2,fictional,2,last,24,3,5,0.0492,0.1762,0.127,-0.0621,42,18
Qwen/Qwen2.5-14B,fictional_b2,fictional,2,last,24,5,5,0.0717,0.2708,0.1992,-0.0177,42,18
Qwen/Qwen2.5-14B,fictional_b2,fictional,2,last,24,8,5,0.1405,0.2393,0.0988,-0.0175,42,18
Qwen/Qwen2.5-14B,fictional_b2,fictional,2,last,24,16,5,0.265,0.3774,0.1125,-0.0727,42,18
Qwen/Qwen2.5-14B,fictional_b2,fictional,2,last,28,2,0,0.0293,0.0614,0.0321,-0.0229,42,18
Qwen/Qwen2.5-14B,fictional_b2,fictional,2,last,28,3,0,0.0604,0.2082,0.1479,-0.0196,42,18
Qwen/Qwen2.5-14B,fictional_b2,fictional,2,last,28,5,0,0.1096,0.2652,0.1556,-0.0455,42,18
Qwen/Qwen2.5-14B,fictional_b2,fictional,2,last,28,8,0,0.1446,0.3093,0.1648,-0.022,42,18
Qwen/Qwen2.5-14B,fictional_b2,fictional,2,last,28,16,0,0.2499,0.394,0.1441,-0.0348,42,18
Qwen/Qwen2.5-14B,fictional_b2,fictional,2,last,28,2,1,0.0419,0.1021,0.0602,-0.0208,42,18
Qwen/Qwen2.5-14B,fictional_b2,fictional,2,last,28,3,1,0.1112,0.2523,0.1412,0.0348,42,18
Qwen/Qwen2.5-14B,fictional_b2,fictional,2,last,28,5,1,0.0623,0.2861,0.2238,0.0269,42,18
Qwen/Qwen2.5-14B,fictional_b2,fictional,2,last,28,8,1,0.1484,0.3969,0.2485,0.0055,42,18
Qwen/Qwen2.5-14B,fictional_b2,fictional,2,last,28,16,1,0.2704,0.3899,0.1195,0.0204,42,18
Qwen/Qwen2.5-14B,fictional_b2,fictional,2,last,28,2,2,0.0475,0.1433,0.0957,-0.0311,42,18
Qwen/Qwen2.5-14B,fictional_b2,fictional,2,last,28,3,2,0.0472,0.2148,0.1676,-0.0335,42,18
Qwen/Qwen2.5-14B,fictional_b2,fictional,2,last,28,5,2,0.0707,0.293,0.2222,-0.0578,42,18
Qwen/Qwen2.5-14B,fictional_b2,fictional,2,last,28,8,2,0.1105,0.3418,0.2313,0.0123,42,18
Qwen/Qwen2.5-14B,fictional_b2,fictional,2,last,28,16,2,0.2848,0.2695,-0.0153,-0.0274,42,18
Qwen/Qwen2.5-14B,fictional_b2,fictional,2,last,28,2,3,0.0837,0.1479,0.0642,-0.0556,42,18
Qwen/Qwen2.5-14B,fictional_b2,fictional,2,last,28,3,3,0.0811,0.2191,0.138,-0.0248,42,18
Qwen/Qwen2.5-14B,fictional_b2,fictional,2,last,28,5,3,0.1244,0.2843,0.1599,-0.0644,42,18
Qwen/Qwen2.5-14B,fictional_b2,fictional,2,last,28,8,3,0.1497,0.3543,0.2047,-0.0111,42,18
Qwen/Qwen2.5-14B,fictional_b2,fictional,2,last,28,16,3,0.259,0.4492,0.1903,-0.0591,42,18
Qwen/Qwen2.5-14B,fictional_b2,fictional,2,last,28,2,4,0.0138,0.079,0.0652,-0.0036,42,18
Qwen/Qwen2.5-14B,fictional_b2,fictional,2,last,28,3,4,0.0514,0.1971,0.1457,-0.0248,42,18
Qwen/Qwen2.5-14B,fictional_b2,fictional,2,last,28,5,4,0.0991,0.2853,0.1862,-0.0085,42,18
Qwen/Qwen2.5-14B,fictional_b2,fictional,2,last,28,8,4,0.1656,0.2872,0.1216,-0.0189,42,18
Qwen/Qwen2.5-14B,fictional_b2,fictional,2,last,28,16,4,0.2754,0.3223,0.0468,0.0106,42,18
Qwen/Qwen2.5-14B,fictional_b2,fictional,2,last,28,2,5,-0.0051,0.0704,0.0755,-0.0147,42,18
Qwen/Qwen2.5-14B,fictional_b2,fictional,2,last,28,3,5,0.0881,0.203,0.1149,-0.0336,42,18
Qwen/Qwen2.5-14B,fictional_b2,fictional,2,last,28,5,5,0.1009,0.2989,0.198,-0.0258,42,18
Qwen/Qwen2.5-14B,fictional_b2,fictional,2,last,28,8,5,0.1374,0.3429,0.2055,-0.0418,42,18
Qwen/Qwen2.5-14B,fictional_b2,fictional,2,last,28,16,5,0.3033,0.3629,0.0597,-0.0428,42,18
Qwen/Qwen2.5-14B,fictional_b2,fictional,2,last,32,2,0,-0.0107,0.0538,0.0645,0.0509,42,18
Qwen/Qwen2.5-14B,fictional_b2,fictional,2,last,32,3,0,0.0468,0.1466,0.0997,-0.0318,42,18
Qwen/Qwen2.5-14B,fictional_b2,fictional,2,last,32,5,0,0.1058,0.2883,0.1826,-0.008,42,18
Qwen/Qwen2.5-14B,fictional_b2,fictional,2,last,32,8,0,0.1101,0.3055,0.1954,-0.0426,42,18
Qwen/Qwen2.5-14B,fictional_b2,fictional,2,last,32,16,0,0.2845,0.1208,-0.1636,-0.032,42,18
Qwen/Qwen2.5-14B,fictional_b2,fictional,2,last,32,2,1,0.0672,0.0373,-0.0299,0.0324,42,18
Qwen/Qwen2.5-14B,fictional_b2,fictional,2,last,32,3,1,0.0663,0.1611,0.0948,0.0304,42,18
Qwen/Qwen2.5-14B,fictional_b2,fictional,2,last,32,5,1,0.0898,0.3324,0.2426,0.0158,42,18
Qwen/Qwen2.5-14B,fictional_b2,fictional,2,last,32,8,1,0.0896,0.3153,0.2257,0.0121,42,18
Qwen/Qwen2.5-14B,fictional_b2,fictional,2,last,32,16,1,0.292,0.3164,0.0243,0.0267,42,18
Qwen/Qwen2.5-14B,fictional_b2,fictional,2,last,32,2,2,0.0343,0.1423,0.108,-0.0327,42,18
Qwen/Qwen2.5-14B,fictional_b2,fictional,2,last,32,3,2,0.1038,0.1234,0.0196,0.0182,42,18
Qwen/Qwen2.5-14B,fictional_b2,fictional,2,last,32,5,2,0.0682,0.2737,0.2055,-0.0404,42,18
Qwen/Qwen2.5-14B,fictional_b2,fictional,2,last,32,8,2,0.1232,0.2773,0.1541,0.0102,42,18
Qwen/Qwen2.5-14B,fictional_b2,fictional,2,last,32,16,2,0.3057,0.0847,-0.221,-0.0489,42,18
Qwen/Qwen2.5-14B,fictional_b2,fictional,2,last,32,2,3,0.0246,0.0722,0.0476,0.0012,42,18
Qwen/Qwen2.5-14B,fictional_b2,fictional,2,last,32,3,3,0.0711,0.1453,0.0742,-0.0043,42,18
Qwen/Qwen2.5-14B,fictional_b2,fictional,2,last,32,5,3,0.0828,0.2735,0.1908,-0.0018,42,18
Qwen/Qwen2.5-14B,fictional_b2,fictional,2,last,32,8,3,0.1477,0.2462,0.0985,-0.0143,42,18
Qwen/Qwen2.5-14B,fictional_b2,fictional,2,last,32,16,3,0.305,0.2681,-0.0368,0.009,42,18
Qwen/Qwen2.5-14B,fictional_b2,fictional,2,last,32,2,4,0.0013,0.0584,0.0571,-0.002,42,18
Qwen/Qwen2.5-14B,fictional_b2,fictional,2,last,32,3,4,0.067,0.1705,0.1035,0.0434,42,18
Qwen/Qwen2.5-14B,fictional_b2,fictional,2,last,32,5,4,0.0838,0.3037,0.2199,-0.0071,42,18
Qwen/Qwen2.5-14B,fictional_b2,fictional,2,last,32,8,4,0.125,0.2064,0.0815,-0.0088,42,18
Qwen/Qwen2.5-14B,fictional_b2,fictional,2,last,32,16,4,0.2568,0.33,0.0732,0.0355,42,18
Qwen/Qwen2.5-14B,fictional_b2,fictional,2,last,32,2,5,0.0577,0.0446,-0.0132,0.0091,42,18
Qwen/Qwen2.5-14B,fictional_b2,fictional,2,last,32,3,5,0.0284,0.1423,0.1139,-0.0404,42,18
Qwen/Qwen2.5-14B,fictional_b2,fictional,2,last,32,5,5,0.0887,0.3041,0.2154,-0.0632,42,18
Qwen/Qwen2.5-14B,fictional_b2,fictional,2,last,32,8,5,0.1605,0.3597,0.1992,-0.0709,42,18
Qwen/Qwen2.5-14B,fictional_b2,fictional,2,last,32,16,5,0.2843,0.2596,-0.0248,-0.0448,42,18
Qwen/Qwen2.5-14B,fictional_b2,fictional,2,last,36,2,0,0.0801,0.0889,0.0089,-0.0281,42,18
Qwen/Qwen2.5-14B,fictional_b2,fictional,2,last,36,3,0,0.0243,0.1308,0.1065,-0.0283,42,18
Qwen/Qwen2.5-14B,fictional_b2,fictional,2,last,36,5,0,0.0161,0.2666,0.2505,-0.0185,42,18
Qwen/Qwen2.5-14B,fictional_b2,fictional,2,last,36,8,0,0.1367,0.3131,0.1764,-0.0007,42,18
Qwen/Qwen2.5-14B,fictional_b2,fictional,2,last,36,16,0,0.2477,0.1451,-0.1026,-0.0153,42,18
Qwen/Qwen2.5-14B,fictional_b2,fictional,2,last,36,2,1,0.0331,0.1165,0.0834,-0.0329,42,18
Qwen/Qwen2.5-14B,fictional_b2,fictional,2,last,36,3,1,0.0541,0.1387,0.0846,-0.0651,42,18
Qwen/Qwen2.5-14B,fictional_b2,fictional,2,last,36,5,1,0.0867,0.2598,0.1731,-0.0397,42,18
Qwen/Qwen2.5-14B,fictional_b2,fictional,2,last,36,8,1,0.1447,0.2527,0.1081,0.0294,42,18
Qwen/Qwen2.5-14B,fictional_b2,fictional,2,last,36,16,1,0.2814,0.3362,0.0547,0.0107,42,18
Qwen/Qwen2.5-14B,fictional_b2,fictional,2,last,36,2,2,0.0236,0.0781,0.0545,-0.0134,42,18
Qwen/Qwen2.5-14B,fictional_b2,fictional,2,last,36,3,2,0.047,0.1375,0.0905,-0.0226,42,18
Qwen/Qwen2.5-14B,fictional_b2,fictional,2,last,36,5,2,0.0712,0.2687,0.1975,0.0005,42,18
Qwen/Qwen2.5-14B,fictional_b2,fictional,2,last,36,8,2,0.1612,0.2515,0.0904,-0.0245,42,18
Qwen/Qwen2.5-14B,fictional_b2,fictional,2,last,36,16,2,0.3079,0.3402,0.0323,-0.0388,42,18
Qwen/Qwen2.5-14B,fictional_b2,fictional,2,last,36,2,3,0.0316,0.0514,0.0197,-0.0217,42,18
Qwen/Qwen2.5-14B,fictional_b2,fictional,2,last,36,3,3,0.0045,0.1418,0.1374,-0.0078,42,18
Qwen/Qwen2.5-14B,fictional_b2,fictional,2,last,36,5,3,0.1046,0.2617,0.1571,0.0073,42,18
Qwen/Qwen2.5-14B,fictional_b2,fictional,2,last,36,8,3,0.1255,0.2545,0.129,-0.0186,42,18
Qwen/Qwen2.5-14B,fictional_b2,fictional,2,last,36,16,3,0.2283,0.3069,0.0786,-0.0131,42,18
Qwen/Qwen2.5-14B,fictional_b2,fictional,2,last,36,2,4,0.0528,0.0604,0.0076,-0.019,42,18
Qwen/Qwen2.5-14B,fictional_b2,fictional,2,last,36,3,4,0.0765,0.1564,0.0799,-0.0304,42,18
Qwen/Qwen2.5-14B,fictional_b2,fictional,2,last,36,5,4,0.052,0.2678,0.2158,0.0543,42,18
Qwen/Qwen2.5-14B,fictional_b2,fictional,2,last,36,8,4,0.1269,0.2899,0.163,0.0267,42,18
Qwen/Qwen2.5-14B,fictional_b2,fictional,2,last,36,16,4,0.2536,0.278,0.0244,0.0147,42,18
Qwen/Qwen2.5-14B,fictional_b2,fictional,2,last,36,2,5,0.0908,0.0722,-0.0186,-0.0339,42,18
Qwen/Qwen2.5-14B,fictional_b2,fictional,2,last,36,3,5,0.0479,0.1885,0.1406,0.0131,42,18
Qwen/Qwen2.5-14B,fictional_b2,fictional,2,last,36,5,5,0.0821,0.2713,0.1892,-0.0354,42,18
Qwen/Qwen2.5-14B,fictional_b2,fictional,2,last,36,8,5,0.1561,0.1874,0.0313,-0.0635,42,18
Qwen/Qwen2.5-14B,fictional_b2,fictional,2,last,36,16,5,0.285,0.2577,-0.0273,-0.0208,42,18
Qwen/Qwen2.5-14B,fictional_b2,fictional,2,last,40,2,0,-0.0069,0.0887,0.0955,-0.0054,42,18
Qwen/Qwen2.5-14B,fictional_b2,fictional,2,last,40,3,0,0.024,0.1514,0.1274,-0.0393,42,18
Qwen/Qwen2.5-14B,fictional_b2,fictional,2,last,40,5,0,0.05,0.272,0.222,-0.0169,42,18
Qwen/Qwen2.5-14B,fictional_b2,fictional,2,last,40,8,0,0.1497,0.1711,0.0214,0.0009,42,18
Qwen/Qwen2.5-14B,fictional_b2,fictional,2,last,40,16,0,0.2634,0.1218,-0.1416,-0.027,42,18
Qwen/Qwen2.5-14B,fictional_b2,fictional,2,last,40,2,1,-0.0065,0.0927,0.0992,-0.0214,42,18
Qwen/Qwen2.5-14B,fictional_b2,fictional,2,last,40,3,1,0.036,0.167,0.1309,-0.0035,42,18
Qwen/Qwen2.5-14B,fictional_b2,fictional,2,last,40,5,1,0.0713,0.2479,0.1766,-0.0199,42,18
Qwen/Qwen2.5-14B,fictional_b2,fictional,2,last,40,8,1,0.0886,0.2455,0.1568,0.0559,42,18
Qwen/Qwen2.5-14B,fictional_b2,fictional,2,last,40,16,1,0.282,0.187,-0.0951,0.0093,42,18
Qwen/Qwen2.5-14B,fictional_b2,fictional,2,last,40,2,2,0.0391,0.06,0.0209,0.0441,42,18
Qwen/Qwen2.5-14B,fictional_b2,fictional,2,last,40,3,2,0.0522,0.1853,0.1331,0.0246,42,18
Qwen/Qwen2.5-14B,fictional_b2,fictional,2,last,40,5,2,0.1146,0.2526,0.138,-0.0095,42,18
Qwen/Qwen2.5-14B,fictional_b2,fictional,2,last,40,8,2,0.0986,0.2727,0.1741,0.0045,42,18
Qwen/Qwen2.5-14B,fictional_b2,fictional,2,last,40,16,2,0.3274,0.1404,-0.187,-0.0415,42,18
Qwen/Qwen2.5-14B,fictional_b2,fictional,2,last,40,2,3,0.0418,0.0967,0.0549,0.0008,42,18
Qwen/Qwen2.5-14B,fictional_b2,fictional,2,last,40,3,3,0.0662,0.1437,0.0775,-0.0014,42,18
Qwen/Qwen2.5-14B,fictional_b2,fictional,2,last,40,5,3,0.0457,0.2623,0.2166,0.0079,42,18
Qwen/Qwen2.5-14B,fictional_b2,fictional,2,last,40,8,3,0.1233,0.1251,0.0017,-0.0716,42,18
Qwen/Qwen2.5-14B,fictional_b2,fictional,2,last,40,16,3,0.3051,0.3644,0.0592,-0.0603,42,18
Qwen/Qwen2.5-14B,fictional_b2,fictional,2,last,40,2,4,0.058,0.0792,0.0212,0.0063,42,18
Qwen/Qwen2.5-14B,fictional_b2,fictional,2,last,40,3,4,0.0423,0.1968,0.1545,-0.0352,42,18
Qwen/Qwen2.5-14B,fictional_b2,fictional,2,last,40,5,4,0.1282,0.2111,0.0828,-0.006,42,18
Qwen/Qwen2.5-14B,fictional_b2,fictional,2,last,40,8,4,0.1547,0.1076,-0.0471,-0.0174,42,18
Qwen/Qwen2.5-14B,fictional_b2,fictional,2,last,40,16,4,0.2459,0.0773,-0.1686,0.006,42,18
Qwen/Qwen2.5-14B,fictional_b2,fictional,2,last,40,2,5,0.0437,0.1085,0.0648,-0.0041,42,18
Qwen/Qwen2.5-14B,fictional_b2,fictional,2,last,40,3,5,0.0328,0.2113,0.1785,-0.005,42,18
Qwen/Qwen2.5-14B,fictional_b2,fictional,2,last,40,5,5,0.0536,0.2889,0.2353,-0.032,42,18
Qwen/Qwen2.5-14B,fictional_b2,fictional,2,last,40,8,5,0.1145,0.2468,0.1323,-0.0613,42,18
Qwen/Qwen2.5-14B,fictional_b2,fictional,2,last,40,16,5,0.2912,0.1185,-0.1727,-0.033,42,18
Qwen/Qwen2.5-14B,fictional_b2,fictional,2,last,44,2,0,0.0408,0.0577,0.0169,-0.0339,42,18
Qwen/Qwen2.5-14B,fictional_b2,fictional,2,last,44,3,0,0.0399,0.173,0.1331,-0.0556,42,18
Qwen/Qwen2.5-14B,fictional_b2,fictional,2,last,44,5,0,0.0806,0.2468,0.1662,-0.0529,42,18
Qwen/Qwen2.5-14B,fictional_b2,fictional,2,last,44,8,0,0.1301,0.2121,0.082,-0.0612,42,18
Qwen/Qwen2.5-14B,fictional_b2,fictional,2,last,44,16,0,0.231,0.0803,-0.1506,-0.0374,42,18
Qwen/Qwen2.5-14B,fictional_b2,fictional,2,last,44,2,1,0.0313,0.1122,0.0809,0.0187,42,18
Qwen/Qwen2.5-14B,fictional_b2,fictional,2,last,44,3,1,0.0291,0.2011,0.172,0.0007,42,18
Qwen/Qwen2.5-14B,fictional_b2,fictional,2,last,44,5,1,0.0173,0.2191,0.2017,0.0032,42,18
Qwen/Qwen2.5-14B,fictional_b2,fictional,2,last,44,8,1,0.1243,0.1321,0.0078,0.0443,42,18
Qwen/Qwen2.5-14B,fictional_b2,fictional,2,last,44,16,1,0.2127,0.0408,-0.1719,-0.0037,42,18
Qwen/Qwen2.5-14B,fictional_b2,fictional,2,last,44,2,2,0.0124,0.1069,0.0945,-0.041,42,18
Qwen/Qwen2.5-14B,fictional_b2,fictional,2,last,44,3,2,0.0375,0.2236,0.1861,-0.033,42,18
Qwen/Qwen2.5-14B,fictional_b2,fictional,2,last,44,5,2,0.1033,0.2679,0.1646,0.0095,42,18
Qwen/Qwen2.5-14B,fictional_b2,fictional,2,last,44,8,2,0.1387,0.1806,0.0419,-0.0035,42,18
Qwen/Qwen2.5-14B,fictional_b2,fictional,2,last,44,16,2,0.3099,0.096,-0.2139,-0.0111,42,18
Qwen/Qwen2.5-14B,fictional_b2,fictional,2,last,44,2,3,-0.0185,0.0711,0.0897,0.0336,42,18
Qwen/Qwen2.5-14B,fictional_b2,fictional,2,last,44,3,3,0.0543,0.1515,0.0973,-0.0123,42,18
Qwen/Qwen2.5-14B,fictional_b2,fictional,2,last,44,5,3,0.0347,0.2335,0.1988,-0.0201,42,18
Qwen/Qwen2.5-14B,fictional_b2,fictional,2,last,44,8,3,0.1458,0.2137,0.0679,-0.026,42,18
Qwen/Qwen2.5-14B,fictional_b2,fictional,2,last,44,16,3,0.2659,0.0099,-0.256,0.0417,42,18
Qwen/Qwen2.5-14B,fictional_b2,fictional,2,last,44,2,4,0.0477,0.1147,0.0669,-0.0033,42,18
Qwen/Qwen2.5-14B,fictional_b2,fictional,2,last,44,3,4,0.0677,0.1463,0.0786,0.0308,42,18
Qwen/Qwen2.5-14B,fictional_b2,fictional,2,last,44,5,4,0.0962,0.2165,0.1203,0.0615,42,18
Qwen/Qwen2.5-14B,fictional_b2,fictional,2,last,44,8,4,0.1619,0.2241,0.0622,0.0287,42,18
Qwen/Qwen2.5-14B,fictional_b2,fictional,2,last,44,16,4,0.2508,-0.0568,-0.3076,0.0015,42,18
Qwen/Qwen2.5-14B,fictional_b2,fictional,2,last,44,2,5,-0.0023,0.1489,0.1512,-0.0107,42,18
Qwen/Qwen2.5-14B,fictional_b2,fictional,2,last,44,3,5,0.0394,0.1316,0.0922,0.0156,42,18
Qwen/Qwen2.5-14B,fictional_b2,fictional,2,last,44,5,5,0.0382,0.2107,0.1724,-0.0014,42,18
Qwen/Qwen2.5-14B,fictional_b2,fictional,2,last,44,8,5,0.1655,0.2681,0.1026,-0.0183,42,18
Qwen/Qwen2.5-14B,fictional_b2,fictional,2,last,44,16,5,0.2899,0.047,-0.2429,-0.0449,42,18
Qwen/Qwen2.5-14B,fictional_b2,fictional,2,last,48,2,0,0.0013,0.0857,0.0844,0.0146,42,18
Qwen/Qwen2.5-14B,fictional_b2,fictional,2,last,48,3,0,0.0714,0.1347,0.0633,-0.0116,42,18
Qwen/Qwen2.5-14B,fictional_b2,fictional,2,last,48,5,0,0.0708,0.2112,0.1404,-0.0378,42,18
Qwen/Qwen2.5-14B,fictional_b2,fictional,2,last,48,8,0,0.1632,0.1709,0.0077,0.0008,42,18
Qwen/Qwen2.5-14B,fictional_b2,fictional,2,last,48,16,0,0.2264,-0.0229,-0.2493,0.0002,42,18
Qwen/Qwen2.5-14B,fictional_b2,fictional,2,last,48,2,1,0.0159,0.0563,0.0404,-0.0261,42,18
Qwen/Qwen2.5-14B,fictional_b2,fictional,2,last,48,3,1,0.0346,0.1322,0.0976,0.0097,42,18
Qwen/Qwen2.5-14B,fictional_b2,fictional,2,last,48,5,1,0.0781,0.2311,0.153,0.0411,42,18
Qwen/Qwen2.5-14B,fictional_b2,fictional,2,last,48,8,1,0.0925,0.1384,0.0458,0.0049,42,18
Qwen/Qwen2.5-14B,fictional_b2,fictional,2,last,48,16,1,0.2441,0.0508,-0.1934,-0.0297,42,18
Qwen/Qwen2.5-14B,fictional_b2,fictional,2,last,48,2,2,0.0773,0.0805,0.0031,0.0279,42,18
Qwen/Qwen2.5-14B,fictional_b2,fictional,2,last,48,3,2,0.1344,0.1345,0.0,-0.0009,42,18
Qwen/Qwen2.5-14B,fictional_b2,fictional,2,last,48,5,2,0.0585,0.2375,0.179,0.015,42,18
Qwen/Qwen2.5-14B,fictional_b2,fictional,2,last,48,8,2,0.113,0.2146,0.1016,-0.0062,42,18
Qwen/Qwen2.5-14B,fictional_b2,fictional,2,last,48,16,2,0.2314,-0.0068,-0.2382,-0.0342,42,18
Qwen/Qwen2.5-14B,fictional_b2,fictional,2,last,48,2,3,-0.0047,0.0688,0.0735,0.037,42,18
Qwen/Qwen2.5-14B,fictional_b2,fictional,2,last,48,3,3,0.082,0.153,0.071,-0.0384,42,18
Qwen/Qwen2.5-14B,fictional_b2,fictional,2,last,48,5,3,0.0662,0.2054,0.1393,-0.0587,42,18
Qwen/Qwen2.5-14B,fictional_b2,fictional,2,last,48,8,3,0.1376,0.2212,0.0836,0.0172,42,18
Qwen/Qwen2.5-14B,fictional_b2,fictional,2,last,48,16,3,0.2574,-0.0128,-0.2702,0.0251,42,18
Qwen/Qwen2.5-14B,fictional_b2,fictional,2,last,48,2,4,0.0273,0.1243,0.0969,0.0017,42,18
Qwen/Qwen2.5-14B,fictional_b2,fictional,2,last,48,3,4,0.0032,0.1588,0.1556,-0.0009,42,18
Qwen/Qwen2.5-14B,fictional_b2,fictional,2,last,48,5,4,0.1126,0.1764,0.0638,0.0134,42,18
Qwen/Qwen2.5-14B,fictional_b2,fictional,2,last,48,8,4,0.1567,0.2048,0.0481,0.0096,42,18
Qwen/Qwen2.5-14B,fictional_b2,fictional,2,last,48,16,4,0.2664,0.0595,-0.2069,-0.0022,42,18
Qwen/Qwen2.5-14B,fictional_b2,fictional,2,last,48,2,5,0.0366,0.0849,0.0483,0.0114,42,18
Qwen/Qwen2.5-14B,fictional_b2,fictional,2,last,48,3,5,0.083,0.2049,0.1219,-0.0227,42,18
Qwen/Qwen2.5-14B,fictional_b2,fictional,2,last,48,5,5,0.0845,0.1844,0.0999,-0.0311,42,18
Qwen/Qwen2.5-14B,fictional_b2,fictional,2,last,48,8,5,0.1255,0.1378,0.0123,-0.031,42,18
Qwen/Qwen2.5-14B,fictional_b2,fictional,2,last,48,16,5,0.2136,0.1033,-0.1102,-0.0567,42,18
Qwen/Qwen2.5-14B,fictional_b3,fictional,3,premise,0,2,0,-0.0315,-0.0315,0.0,-0.0077,42,18
Qwen/Qwen2.5-14B,fictional_b3,fictional,3,premise,0,3,0,-0.0315,-0.0315,0.0,-0.0077,42,18
Qwen/Qwen2.5-14B,fictional_b3,fictional,3,premise,0,5,0,-0.0315,-0.0277,0.0038,-0.0077,42,18
Qwen/Qwen2.5-14B,fictional_b3,fictional,3,premise,0,8,0,-0.0315,-0.0315,0.0,-0.0077,42,18
Qwen/Qwen2.5-14B,fictional_b3,fictional,3,premise,0,16,0,-0.0315,-0.0315,0.0,-0.0077,42,18
Qwen/Qwen2.5-14B,fictional_b3,fictional,3,premise,0,2,1,-0.0541,-0.0424,0.0116,0.0019,42,18
Qwen/Qwen2.5-14B,fictional_b3,fictional,3,premise,0,3,1,-0.0541,-0.0541,0.0,0.0127,42,18
Qwen/Qwen2.5-14B,fictional_b3,fictional,3,premise,0,5,1,-0.0541,-0.0578,-0.0037,0.0127,42,18
Qwen/Qwen2.5-14B,fictional_b3,fictional,3,premise,0,8,1,-0.0541,-0.0578,-0.0037,0.0106,42,18
Qwen/Qwen2.5-14B,fictional_b3,fictional,3,premise,0,16,1,-0.0541,-0.0578,-0.0037,0.0106,42,18
Qwen/Qwen2.5-14B,fictional_b3,fictional,3,premise,0,2,2,-0.0738,-0.0738,0.0,-0.0219,42,18
Qwen/Qwen2.5-14B,fictional_b3,fictional,3,premise,0,3,2,-0.0738,-0.0738,0.0,-0.0219,42,18
Qwen/Qwen2.5-14B,fictional_b3,fictional,3,premise,0,5,2,-0.0738,-0.0738,0.0,-0.0219,42,18
Qwen/Qwen2.5-14B,fictional_b3,fictional,3,premise,0,8,2,-0.0738,-0.0738,0.0,-0.0219,42,18
Qwen/Qwen2.5-14B,fictional_b3,fictional,3,premise,0,16,2,-0.0738,-0.0738,0.0,-0.0219,42,18
Qwen/Qwen2.5-14B,fictional_b3,fictional,3,premise,0,2,3,-0.0287,-0.0287,0.0,-0.0245,42,18
Qwen/Qwen2.5-14B,fictional_b3,fictional,3,premise,0,3,3,-0.0287,-0.0164,0.0123,-0.0396,42,18
Qwen/Qwen2.5-14B,fictional_b3,fictional,3,premise,0,5,3,-0.0287,-0.0287,0.0,-0.0245,42,18
Qwen/Qwen2.5-14B,fictional_b3,fictional,3,premise,0,8,3,-0.0287,-0.0164,0.0123,-0.0396,42,18
Qwen/Qwen2.5-14B,fictional_b3,fictional,3,premise,0,16,3,-0.0287,-0.0116,0.0171,-0.0352,42,18
Qwen/Qwen2.5-14B,fictional_b3,fictional,3,premise,0,2,4,-0.0585,-0.0585,0.0,0.0272,42,18
Qwen/Qwen2.5-14B,fictional_b3,fictional,3,premise,0,3,4,-0.0585,-0.0392,0.0194,0.0156,42,18
Qwen/Qwen2.5-14B,fictional_b3,fictional,3,premise,0,5,4,-0.0585,-0.0392,0.0194,0.0156,42,18
Qwen/Qwen2.5-14B,fictional_b3,fictional,3,premise,0,8,4,-0.0585,-0.0566,0.0019,0.0156,42,18
Qwen/Qwen2.5-14B,fictional_b3,fictional,3,premise,0,16,4,-0.0585,-0.0585,0.0,0.0272,42,18
Qwen/Qwen2.5-14B,fictional_b3,fictional,3,premise,0,2,5,-0.082,-0.082,0.0,0.01,42,18
Qwen/Qwen2.5-14B,fictional_b3,fictional,3,premise,0,3,5,-0.082,-0.0707,0.0114,0.01,42,18
Qwen/Qwen2.5-14B,fictional_b3,fictional,3,premise,0,5,5,-0.082,-0.082,0.0,0.01,42,18
Qwen/Qwen2.5-14B,fictional_b3,fictional,3,premise,0,8,5,-0.082,-0.082,0.0,0.01,42,18
Qwen/Qwen2.5-14B,fictional_b3,fictional,3,premise,0,16,5,-0.082,-0.082,0.0,0.01,42,18
Qwen/Qwen2.5-14B,fictional_b3,fictional,3,premise,4,2,0,0.0459,0.0755,0.0295,0.0228,42,18
Qwen/Qwen2.5-14B,fictional_b3,fictional,3,premise,4,3,0,0.1067,0.1249,0.0183,-0.0482,42,18
Qwen/Qwen2.5-14B,fictional_b3,fictional,3,premise,4,5,0,0.0244,0.1603,0.1359,0.0232,42,18
Qwen/Qwen2.5-14B,fictional_b3,fictional,3,premise,4,8,0,0.078,0.2129,0.1349,-0.0424,42,18
Qwen/Qwen2.5-14B,fictional_b3,fictional,3,premise,4,16,0,0.1704,0.1474,-0.023,0.0247,42,18
Qwen/Qwen2.5-14B,fictional_b3,fictional,3,premise,4,2,1,0.0019,0.0361,0.0343,-0.0207,42,18
Qwen/Qwen2.5-14B,fictional_b3,fictional,3,premise,4,3,1,0.0319,0.0714,0.0394,-0.0098,42,18
Qwen/Qwen2.5-14B,fictional_b3,fictional,3,premise,4,5,1,0.0747,0.0927,0.018,0.0299,42,18
Qwen/Qwen2.5-14B,fictional_b3,fictional,3,premise,4,8,1,0.1168,0.1367,0.0198,-0.0099,42,18
Qwen/Qwen2.5-14B,fictional_b3,fictional,3,premise,4,16,1,0.1402,0.1519,0.0117,-0.0043,42,18
Qwen/Qwen2.5-14B,fictional_b3,fictional,3,premise,4,2,2,0.0557,0.0531,-0.0026,0.009,42,18
Qwen/Qwen2.5-14B,fictional_b3,fictional,3,premise,4,3,2,0.0366,0.1091,0.0725,0.0139,42,18
Qwen/Qwen2.5-14B,fictional_b3,fictional,3,premise,4,5,2,0.0983,0.1547,0.0565,-0.0305,42,18
Qwen/Qwen2.5-14B,fictional_b3,fictional,3,premise,4,8,2,0.1213,0.1613,0.04,-0.0191,42,18
Qwen/Qwen2.5-14B,fictional_b3,fictional,3,premise,4,16,2,0.1705,0.1213,-0.0492,-0.0051,42,18
Qwen/Qwen2.5-14B,fictional_b3,fictional,3,premise,4,2,3,0.0203,0.0384,0.0181,0.0199,42,18
Qwen/Qwen2.5-14B,fictional_b3,fictional,3,premise,4,3,3,0.0155,0.0997,0.0842,0.0156,42,18
Qwen/Qwen2.5-14B,fictional_b3,fictional,3,premise,4,5,3,0.0585,0.1345,0.0759,0.0032,42,18
Qwen/Qwen2.5-14B,fictional_b3,fictional,3,premise,4,8,3,0.0628,0.1374,0.0746,-0.01,42,18
Qwen/Qwen2.5-14B,fictional_b3,fictional,3,premise,4,16,3,0.1666,0.0704,-0.0962,0.012,42,18
Qwen/Qwen2.5-14B,fictional_b3,fictional,3,premise,4,2,4,0.0359,0.0888,0.0528,0.0051,42,18
Qwen/Qwen2.5-14B,fictional_b3,fictional,3,premise,4,3,4,0.076,0.1308,0.0548,0.0131,42,18
Qwen/Qwen2.5-14B,fictional_b3,fictional,3,premise,4,5,4,0.0529,0.1353,0.0824,-0.0029,42,18
Qwen/Qwen2.5-14B,fictional_b3,fictional,3,premise,4,8,4,0.1099,0.1669,0.057,-0.0647,42,18
Qwen/Qwen2.5-14B,fictional_b3,fictional,3,premise,4,16,4,0.1649,0.0902,-0.0748,-0.0213,42,18
Qwen/Qwen2.5-14B,fictional_b3,fictional,3,premise,4,2,5,0.0047,0.0573,0.0526,0.0208,42,18
Qwen/Qwen2.5-14B,fictional_b3,fictional,3,premise,4,3,5,0.0363,0.1183,0.082,-0.0538,42,18
Qwen/Qwen2.5-14B,fictional_b3,fictional,3,premise,4,5,5,0.0971,0.1511,0.054,-0.0057,42,18
Qwen/Qwen2.5-14B,fictional_b3,fictional,3,premise,4,8,5,0.057,0.0891,0.0321,-0.0414,42,18
Qwen/Qwen2.5-14B,fictional_b3,fictional,3,premise,4,16,5,0.1787,0.027,-0.1517,0.0287,42,18
Qwen/Qwen2.5-14B,fictional_b3,fictional,3,premise,8,2,0,0.035,0.0732,0.0382,0.0,42,18
Qwen/Qwen2.5-14B,fictional_b3,fictional,3,premise,8,3,0,0.0628,0.1382,0.0753,-0.0066,42,18
Qwen/Qwen2.5-14B,fictional_b3,fictional,3,premise,8,5,0,0.1087,0.2405,0.1317,-0.0369,42,18
Qwen/Qwen2.5-14B,fictional_b3,fictional,3,premise,8,8,0,0.1552,0.3094,0.1542,-0.0754,42,18
Qwen/Qwen2.5-14B,fictional_b3,fictional,3,premise,8,16,0,0.215,0.2348,0.0198,-0.0401,42,18
Qwen/Qwen2.5-14B,fictional_b3,fictional,3,premise,8,2,1,0.0146,0.1077,0.0932,-0.0033,42,18
Qwen/Qwen2.5-14B,fictional_b3,fictional,3,premise,8,3,1,0.0403,0.2175,0.1772,-0.0342,42,18
Qwen/Qwen2.5-14B,fictional_b3,fictional,3,premise,8,5,1,0.1026,0.2301,0.1275,-0.0377,42,18
Qwen/Qwen2.5-14B,fictional_b3,fictional,3,premise,8,8,1,0.1796,0.2948,0.1152,-0.0184,42,18
Qwen/Qwen2.5-14B,fictional_b3,fictional,3,premise,8,16,1,0.261,0.2821,0.021,0.0024,42,18
Qwen/Qwen2.5-14B,fictional_b3,fictional,3,premise,8,2,2,0.0228,0.1324,0.1096,-0.048,42,18
Qwen/Qwen2.5-14B,fictional_b3,fictional,3,premise,8,3,2,0.0901,0.1739,0.0838,0.0088,42,18
Qwen/Qwen2.5-14B,fictional_b3,fictional,3,premise,8,5,2,0.1199,0.3111,0.1911,-0.014,42,18
Qwen/Qwen2.5-14B,fictional_b3,fictional,3,premise,8,8,2,0.2026,0.3304,0.1278,-0.0166,42,18
Qwen/Qwen2.5-14B,fictional_b3,fictional,3,premise,8,16,2,0.2569,0.2842,0.0273,-0.0379,42,18
Qwen/Qwen2.5-14B,fictional_b3,fictional,3,premise,8,2,3,0.0322,0.0989,0.0667,-0.0011,42,18
Qwen/Qwen2.5-14B,fictional_b3,fictional,3,premise,8,3,3,0.0615,0.1999,0.1384,0.0024,42,18
Qwen/Qwen2.5-14B,fictional_b3,fictional,3,premise,8,5,3,0.1374,0.2269,0.0894,0.0143,42,18
Qwen/Qwen2.5-14B,fictional_b3,fictional,3,premise,8,8,3,0.1866,0.2766,0.09,-0.0109,42,18
Qwen/Qwen2.5-14B,fictional_b3,fictional,3,premise,8,16,3,0.273,0.3708,0.0978,-0.0591,42,18
Qwen/Qwen2.5-14B,fictional_b3,fictional,3,premise,8,2,4,0.0215,0.1219,0.1004,-0.0159,42,18
Qwen/Qwen2.5-14B,fictional_b3,fictional,3,premise,8,3,4,0.0563,0.1906,0.1343,-0.0505,42,18
Qwen/Qwen2.5-14B,fictional_b3,fictional,3,premise,8,5,4,0.0921,0.27,0.1779,0.0118,42,18
Qwen/Qwen2.5-14B,fictional_b3,fictional,3,premise,8,8,4,0.2292,0.2932,0.0639,-0.0355,42,18
Qwen/Qwen2.5-14B,fictional_b3,fictional,3,premise,8,16,4,0.2368,0.2771,0.0403,-0.0359,42,18
Qwen/Qwen2.5-14B,fictional_b3,fictional,3,premise,8,2,5,0.0314,0.0871,0.0558,0.0219,42,18
Qwen/Qwen2.5-14B,fictional_b3,fictional,3,premise,8,3,5,0.0549,0.1442,0.0892,-0.0199,42,18
Qwen/Qwen2.5-14B,fictional_b3,fictional,3,premise,8,5,5,0.1129,0.225,0.1121,0.0138,42,18
Qwen/Qwen2.5-14B,fictional_b3,fictional,3,premise,8,8,5,0.1516,0.2197,0.0681,-0.002,42,18
Qwen/Qwen2.5-14B,fictional_b3,fictional,3,premise,8,16,5,0.2372,0.3117,0.0745,-0.0184,42,18
Qwen/Qwen2.5-14B,fictional_b3,fictional,3,premise,12,2,0,0.0292,0.1192,0.09,-0.0066,42,18
Qwen/Qwen2.5-14B,fictional_b3,fictional,3,premise,12,3,0,0.031,0.2035,0.1725,-0.0263,42,18
Qwen/Qwen2.5-14B,fictional_b3,fictional,3,premise,12,5,0,0.1573,0.2721,0.1148,-0.0657,42,18
Qwen/Qwen2.5-14B,fictional_b3,fictional,3,premise,12,8,0,0.1949,0.3399,0.1449,-0.1041,42,18
Qwen/Qwen2.5-14B,fictional_b3,fictional,3,premise,12,16,0,0.3058,0.4073,0.1015,-0.0781,42,18
Qwen/Qwen2.5-14B,fictional_b3,fictional,3,premise,12,2,1,0.0639,0.1301,0.0663,-0.0421,42,18
Qwen/Qwen2.5-14B,fictional_b3,fictional,3,premise,12,3,1,0.0889,0.2349,0.146,0.0122,42,18
Qwen/Qwen2.5-14B,fictional_b3,fictional,3,premise,12,5,1,0.1108,0.2782,0.1673,-0.0291,42,18
Qwen/Qwen2.5-14B,fictional_b3,fictional,3,premise,12,8,1,0.2404,0.2504,0.01,-0.0168,42,18
Qwen/Qwen2.5-14B,fictional_b3,fictional,3,premise,12,16,1,0.2971,0.3441,0.0469,-0.041,42,18
Qwen/Qwen2.5-14B,fictional_b3,fictional,3,premise,12,2,2,0.057,0.1041,0.0471,0.0177,42,18
Qwen/Qwen2.5-14B,fictional_b3,fictional,3,premise,12,3,2,0.0691,0.2207,0.1516,0.0089,42,18
Qwen/Qwen2.5-14B,fictional_b3,fictional,3,premise,12,5,2,0.1481,0.3605,0.2124,-0.0109,42,18
Qwen/Qwen2.5-14B,fictional_b3,fictional,3,premise,12,8,2,0.204,0.3388,0.1348,-0.0154,42,18
Qwen/Qwen2.5-14B,fictional_b3,fictional,3,premise,12,16,2,0.3145,0.2894,-0.0251,-0.0124,42,18
Qwen/Qwen2.5-14B,fictional_b3,fictional,3,premise,12,2,3,0.0552,0.1702,0.115,-0.0464,42,18
Qwen/Qwen2.5-14B,fictional_b3,fictional,3,premise,12,3,3,0.0166,0.1812,0.1646,-0.0332,42,18
Qwen/Qwen2.5-14B,fictional_b3,fictional,3,premise,12,5,3,0.1331,0.3014,0.1683,-0.0467,42,18
Qwen/Qwen2.5-14B,fictional_b3,fictional,3,premise,12,8,3,0.2039,0.3354,0.1315,-0.0703,42,18
Qwen/Qwen2.5-14B,fictional_b3,fictional,3,premise,12,16,3,0.2827,0.4226,0.1399,-0.0631,42,18
Qwen/Qwen2.5-14B,fictional_b3,fictional,3,premise,12,2,4,0.0078,0.1619,0.1541,0.0022,42,18
Qwen/Qwen2.5-14B,fictional_b3,fictional,3,premise,12,3,4,0.1067,0.2075,0.1008,0.024,42,18
Qwen/Qwen2.5-14B,fictional_b3,fictional,3,premise,12,5,4,0.0935,0.2896,0.1961,-0.0185,42,18
Qwen/Qwen2.5-14B,fictional_b3,fictional,3,premise,12,8,4,0.2241,0.3513,0.1272,-0.015,42,18
Qwen/Qwen2.5-14B,fictional_b3,fictional,3,premise,12,16,4,0.283,0.3637,0.0807,-0.0439,42,18
Qwen/Qwen2.5-14B,fictional_b3,fictional,3,premise,12,2,5,0.01,0.129,0.119,0.0261,42,18
Qwen/Qwen2.5-14B,fictional_b3,fictional,3,premise,12,3,5,0.0196,0.2379,0.2184,-0.0221,42,18
Qwen/Qwen2.5-14B,fictional_b3,fictional,3,premise,12,5,5,0.151,0.2649,0.1139,-0.0266,42,18
Qwen/Qwen2.5-14B,fictional_b3,fictional,3,premise,12,8,5,0.191,0.3451,0.1541,-0.0543,42,18
Qwen/Qwen2.5-14B,fictional_b3,fictional,3,premise,12,16,5,0.2796,0.3499,0.0703,-0.0116,42,18
Qwen/Qwen2.5-14B,fictional_b3,fictional,3,premise,16,2,0,0.0242,0.0941,0.0699,-0.0269,42,18
Qwen/Qwen2.5-14B,fictional_b3,fictional,3,premise,16,3,0,0.0619,0.2158,0.1539,-0.0499,42,18
Qwen/Qwen2.5-14B,fictional_b3,fictional,3,premise,16,5,0,0.1295,0.2518,0.1224,-0.0395,42,18
Qwen/Qwen2.5-14B,fictional_b3,fictional,3,premise,16,8,0,0.1919,0.297,0.105,-0.0757,42,18
Qwen/Qwen2.5-14B,fictional_b3,fictional,3,premise,16,16,0,0.2688,0.4139,0.1451,-0.0798,42,18
Qwen/Qwen2.5-14B,fictional_b3,fictional,3,premise,16,2,1,0.0463,0.1053,0.059,0.0196,42,18
Qwen/Qwen2.5-14B,fictional_b3,fictional,3,premise,16,3,1,0.0579,0.2333,0.1753,-0.0314,42,18
Qwen/Qwen2.5-14B,fictional_b3,fictional,3,premise,16,5,1,0.0763,0.2627,0.1864,-0.008,42,18
Qwen/Qwen2.5-14B,fictional_b3,fictional,3,premise,16,8,1,0.1878,0.3007,0.1129,-0.0111,42,18
Qwen/Qwen2.5-14B,fictional_b3,fictional,3,premise,16,16,1,0.2969,0.3415,0.0446,-0.005,42,18
Qwen/Qwen2.5-14B,fictional_b3,fictional,3,premise,16,2,2,0.0351,0.1059,0.0708,-0.0001,42,18
Qwen/Qwen2.5-14B,fictional_b3,fictional,3,premise,16,3,2,0.0833,0.2539,0.1706,-0.0549,42,18
Qwen/Qwen2.5-14B,fictional_b3,fictional,3,premise,16,5,2,0.1625,0.324,0.1614,-0.0269,42,18
Qwen/Qwen2.5-14B,fictional_b3,fictional,3,premise,16,8,2,0.2251,0.3133,0.0882,-0.0488,42,18
Qwen/Qwen2.5-14B,fictional_b3,fictional,3,premise,16,16,2,0.2912,0.2931,0.0019,-0.0168,42,18
Qwen/Qwen2.5-14B,fictional_b3,fictional,3,premise,16,2,3,0.0627,0.1262,0.0635,-0.0042,42,18
Qwen/Qwen2.5-14B,fictional_b3,fictional,3,premise,16,3,3,0.1007,0.2304,0.1297,0.0244,42,18
Qwen/Qwen2.5-14B,fictional_b3,fictional,3,premise,16,5,3,0.0973,0.2752,0.1779,-0.0549,42,18
Qwen/Qwen2.5-14B,fictional_b3,fictional,3,premise,16,8,3,0.2038,0.3392,0.1355,-0.0509,42,18
Qwen/Qwen2.5-14B,fictional_b3,fictional,3,premise,16,16,3,0.2481,0.2503,0.0023,0.0145,42,18
Qwen/Qwen2.5-14B,fictional_b3,fictional,3,premise,16,2,4,0.0221,0.1281,0.106,-0.0284,42,18
Qwen/Qwen2.5-14B,fictional_b3,fictional,3,premise,16,3,4,0.0718,0.183,0.1112,-0.0516,42,18
Qwen/Qwen2.5-14B,fictional_b3,fictional,3,premise,16,5,4,0.1015,0.284,0.1825,-0.0322,42,18
Qwen/Qwen2.5-14B,fictional_b3,fictional,3,premise,16,8,4,0.2205,0.3196,0.0991,-0.0471,42,18
Qwen/Qwen2.5-14B,fictional_b3,fictional,3,premise,16,16,4,0.24,0.3428,0.1028,0.0144,42,18
Qwen/Qwen2.5-14B,fictional_b3,fictional,3,premise,16,2,5,0.0624,0.093,0.0306,0.0012,42,18
Qwen/Qwen2.5-14B,fictional_b3,fictional,3,premise,16,3,5,0.0616,0.2189,0.1573,0.0188,42,18
Qwen/Qwen2.5-14B,fictional_b3,fictional,3,premise,16,5,5,0.0763,0.2539,0.1776,-0.0002,42,18
Qwen/Qwen2.5-14B,fictional_b3,fictional,3,premise,16,8,5,0.158,0.3138,0.1558,-0.0136,42,18
Qwen/Qwen2.5-14B,fictional_b3,fictional,3,premise,16,16,5,0.2471,0.2763,0.0292,-0.0147,42,18
Qwen/Qwen2.5-14B,fictional_b3,fictional,3,premise,20,2,0,0.065,0.0862,0.0213,0.0171,42,18
Qwen/Qwen2.5-14B,fictional_b3,fictional,3,premise,20,3,0,0.038,0.2246,0.1866,-0.0609,42,18
Qwen/Qwen2.5-14B,fictional_b3,fictional,3,premise,20,5,0,0.086,0.3424,0.2563,-0.0474,42,18
Qwen/Qwen2.5-14B,fictional_b3,fictional,3,premise,20,8,0,0.2213,0.3043,0.0831,-0.0969,42,18
Qwen/Qwen2.5-14B,fictional_b3,fictional,3,premise,20,16,0,0.3145,0.3477,0.0332,-0.0789,42,18
Qwen/Qwen2.5-14B,fictional_b3,fictional,3,premise,20,2,1,0.0243,0.1676,0.1433,-0.0138,42,18
Qwen/Qwen2.5-14B,fictional_b3,fictional,3,premise,20,3,1,0.0983,0.1861,0.0879,-0.0286,42,18
Qwen/Qwen2.5-14B,fictional_b3,fictional,3,premise,20,5,1,0.1225,0.281,0.1585,0.0053,42,18
Qwen/Qwen2.5-14B,fictional_b3,fictional,3,premise,20,8,1,0.2133,0.3531,0.1397,-0.0467,42,18
Qwen/Qwen2.5-14B,fictional_b3,fictional,3,premise,20,16,1,0.2929,0.4014,0.1085,-0.0056,42,18
Qwen/Qwen2.5-14B,fictional_b3,fictional,3,premise,20,2,2,0.0442,0.1477,0.1035,-0.0665,42,18
Qwen/Qwen2.5-14B,fictional_b3,fictional,3,premise,20,3,2,0.057,0.192,0.135,-0.0179,42,18
Qwen/Qwen2.5-14B,fictional_b3,fictional,3,premise,20,5,2,0.0933,0.2939,0.2006,-0.0102,42,18
Qwen/Qwen2.5-14B,fictional_b3,fictional,3,premise,20,8,2,0.1858,0.3676,0.1818,-0.0429,42,18
Qwen/Qwen2.5-14B,fictional_b3,fictional,3,premise,20,16,2,0.2719,0.4229,0.151,-0.0482,42,18
Qwen/Qwen2.5-14B,fictional_b3,fictional,3,premise,20,2,3,0.0563,0.1253,0.0691,0.0247,42,18
Qwen/Qwen2.5-14B,fictional_b3,fictional,3,premise,20,3,3,0.0163,0.2388,0.2225,-0.0398,42,18
Qwen/Qwen2.5-14B,fictional_b3,fictional,3,premise,20,5,3,0.1005,0.28,0.1795,-0.037,42,18
Qwen/Qwen2.5-14B,fictional_b3,fictional,3,premise,20,8,3,0.2463,0.3518,0.1055,-0.017,42,18
Qwen/Qwen2.5-14B,fictional_b3,fictional,3,premise,20,16,3,0.2925,0.363,0.0706,-0.0692,42,18
Qwen/Qwen2.5-14B,fictional_b3,fictional,3,premise,20,2,4,0.0345,0.1378,0.1033,-0.0019,42,18
Qwen/Qwen2.5-14B,fictional_b3,fictional,3,premise,20,3,4,0.059,0.2256,0.1666,-0.0126,42,18
Qwen/Qwen2.5-14B,fictional_b3,fictional,3,premise,20,5,4,0.1193,0.2989,0.1795,-0.0446,42,18
Qwen/Qwen2.5-14B,fictional_b3,fictional,3,premise,20,8,4,0.1533,0.3276,0.1743,-0.047,42,18
Qwen/Qwen2.5-14B,fictional_b3,fictional,3,premise,20,16,4,0.2771,0.3728,0.0957,-0.0499,42,18
Qwen/Qwen2.5-14B,fictional_b3,fictional,3,premise,20,2,5,0.0589,0.1542,0.0953,-0.0221,42,18
Qwen/Qwen2.5-14B,fictional_b3,fictional,3,premise,20,3,5,0.0463,0.2039,0.1575,-0.0065,42,18
Qwen/Qwen2.5-14B,fictional_b3,fictional,3,premise,20,5,5,0.0886,0.2885,0.2,-0.0292,42,18
Qwen/Qwen2.5-14B,fictional_b3,fictional,3,premise,20,8,5,0.2008,0.3376,0.1368,-0.0125,42,18
Qwen/Qwen2.5-14B,fictional_b3,fictional,3,premise,20,16,5,0.2888,0.3405,0.0517,0.0216,42,18
Qwen/Qwen2.5-14B,fictional_b3,fictional,3,premise,24,2,0,0.0472,0.13,0.0828,-0.0636,42,18
Qwen/Qwen2.5-14B,fictional_b3,fictional,3,premise,24,3,0,0.0467,0.1461,0.0994,-0.0686,42,18
Qwen/Qwen2.5-14B,fictional_b3,fictional,3,premise,24,5,0,0.1227,0.2788,0.1561,-0.0804,42,18
Qwen/Qwen2.5-14B,fictional_b3,fictional,3,premise,24,8,0,0.2088,0.3487,0.1399,-0.0552,42,18
Qwen/Qwen2.5-14B,fictional_b3,fictional,3,premise,24,16,0,0.2912,0.363,0.0718,-0.0881,42,18
Qwen/Qwen2.5-14B,fictional_b3,fictional,3,premise,24,2,1,0.0326,0.1159,0.0833,-0.0494,42,18
Qwen/Qwen2.5-14B,fictional_b3,fictional,3,premise,24,3,1,0.083,0.2443,0.1614,-0.0323,42,18
Qwen/Qwen2.5-14B,fictional_b3,fictional,3,premise,24,5,1,0.1484,0.2337,0.0853,0.0044,42,18
Qwen/Qwen2.5-14B,fictional_b3,fictional,3,premise,24,8,1,0.1888,0.3302,0.1415,-0.0214,42,18
Qwen/Qwen2.5-14B,fictional_b3,fictional,3,premise,24,16,1,0.2589,0.3759,0.117,-0.0221,42,18
Qwen/Qwen2.5-14B,fictional_b3,fictional,3,premise,24,2,2,0.0645,0.1269,0.0624,-0.0065,42,18
Qwen/Qwen2.5-14B,fictional_b3,fictional,3,premise,24,3,2,0.091,0.1552,0.0642,0.0219,42,18
Qwen/Qwen2.5-14B,fictional_b3,fictional,3,premise,24,5,2,0.1118,0.2411,0.1293,-0.0344,42,18
Qwen/Qwen2.5-14B,fictional_b3,fictional,3,premise,24,8,2,0.1458,0.2911,0.1453,-0.0054,42,18
Qwen/Qwen2.5-14B,fictional_b3,fictional,3,premise,24,16,2,0.3048,0.3223,0.0175,0.0101,42,18
Qwen/Qwen2.5-14B,fictional_b3,fictional,3,premise,24,2,3,0.0185,0.147,0.1284,-0.0609,42,18
Qwen/Qwen2.5-14B,fictional_b3,fictional,3,premise,24,3,3,0.0547,0.2375,0.1827,-0.0455,42,18
Qwen/Qwen2.5-14B,fictional_b3,fictional,3,premise,24,5,3,0.0898,0.2755,0.1857,-0.066,42,18
Qwen/Qwen2.5-14B,fictional_b3,fictional,3,premise,24,8,3,0.2351,0.3433,0.1082,-0.0322,42,18
Qwen/Qwen2.5-14B,fictional_b3,fictional,3,premise,24,16,3,0.2958,0.4087,0.1129,-0.0661,42,18
Qwen/Qwen2.5-14B,fictional_b3,fictional,3,premise,24,2,4,0.0367,0.0883,0.0516,-0.0011,42,18
Qwen/Qwen2.5-14B,fictional_b3,fictional,3,premise,24,3,4,0.0651,0.2273,0.1622,-0.0182,42,18
Qwen/Qwen2.5-14B,fictional_b3,fictional,3,premise,24,5,4,0.1104,0.3044,0.194,-0.0422,42,18
Qwen/Qwen2.5-14B,fictional_b3,fictional,3,premise,24,8,4,0.1779,0.3394,0.1616,-0.0331,42,18
Qwen/Qwen2.5-14B,fictional_b3,fictional,3,premise,24,16,4,0.3053,0.3354,0.0302,-0.0724,42,18
Qwen/Qwen2.5-14B,fictional_b3,fictional,3,premise,24,2,5,0.038,0.1091,0.0711,0.0109,42,18
Qwen/Qwen2.5-14B,fictional_b3,fictional,3,premise,24,3,5,0.0668,0.1944,0.1275,-0.0079,42,18
Qwen/Qwen2.5-14B,fictional_b3,fictional,3,premise,24,5,5,0.1152,0.3076,0.1924,0.0126,42,18
Qwen/Qwen2.5-14B,fictional_b3,fictional,3,premise,24,8,5,0.1726,0.3419,0.1693,-0.0104,42,18
Qwen/Qwen2.5-14B,fictional_b3,fictional,3,premise,24,16,5,0.2853,0.2524,-0.0329,-0.0123,42,18
Qwen/Qwen2.5-14B,fictional_b3,fictional,3,premise,28,2,0,0.0128,0.1347,0.1219,0.025,42,18
Qwen/Qwen2.5-14B,fictional_b3,fictional,3,premise,28,3,0,0.0371,0.1354,0.0984,-0.036,42,18
Qwen/Qwen2.5-14B,fictional_b3,fictional,3,premise,28,5,0,0.0722,0.2853,0.2131,-0.0388,42,18
Qwen/Qwen2.5-14B,fictional_b3,fictional,3,premise,28,8,0,0.1447,0.3484,0.2037,-0.0611,42,18
Qwen/Qwen2.5-14B,fictional_b3,fictional,3,premise,28,16,0,0.2943,0.3425,0.0482,-0.0893,42,18
Qwen/Qwen2.5-14B,fictional_b3,fictional,3,premise,28,2,1,0.0137,0.0822,0.0686,-0.0087,42,18
Qwen/Qwen2.5-14B,fictional_b3,fictional,3,premise,28,3,1,0.0604,0.2019,0.1415,-0.0014,42,18
Qwen/Qwen2.5-14B,fictional_b3,fictional,3,premise,28,5,1,0.0766,0.27,0.1934,-0.0095,42,18
Qwen/Qwen2.5-14B,fictional_b3,fictional,3,premise,28,8,1,0.1836,0.2814,0.0977,-0.026,42,18
Qwen/Qwen2.5-14B,fictional_b3,fictional,3,premise,28,16,1,0.2792,0.2641,-0.0151,-0.0311,42,18
Qwen/Qwen2.5-14B,fictional_b3,fictional,3,premise,28,2,2,0.0316,0.1457,0.1141,-0.0033,42,18
Qwen/Qwen2.5-14B,fictional_b3,fictional,3,premise,28,3,2,0.0106,0.2344,0.2238,0.0308,42,18
Qwen/Qwen2.5-14B,fictional_b3,fictional,3,premise,28,5,2,0.0565,0.2578,0.2012,0.0034,42,18
Qwen/Qwen2.5-14B,fictional_b3,fictional,3,premise,28,8,2,0.1696,0.3411,0.1714,-0.044,42,18
Qwen/Qwen2.5-14B,fictional_b3,fictional,3,premise,28,16,2,0.2977,0.3892,0.0915,-0.0243,42,18
Qwen/Qwen2.5-14B,fictional_b3,fictional,3,premise,28,2,3,0.0592,0.1459,0.0868,-0.0406,42,18
Qwen/Qwen2.5-14B,fictional_b3,fictional,3,premise,28,3,3,0.0837,0.1695,0.0858,-0.041,42,18
Qwen/Qwen2.5-14B,fictional_b3,fictional,3,premise,28,5,3,0.0886,0.3031,0.2145,-0.0728,42,18
Qwen/Qwen2.5-14B,fictional_b3,fictional,3,premise,28,8,3,0.1185,0.3475,0.2289,-0.0883,42,18
Qwen/Qwen2.5-14B,fictional_b3,fictional,3,premise,28,16,3,0.2763,0.3195,0.0432,-0.0823,42,18
Qwen/Qwen2.5-14B,fictional_b3,fictional,3,premise,28,2,4,0.0404,0.1377,0.0973,-0.0067,42,18
Qwen/Qwen2.5-14B,fictional_b3,fictional,3,premise,28,3,4,0.0515,0.2232,0.1718,-0.0241,42,18
Qwen/Qwen2.5-14B,fictional_b3,fictional,3,premise,28,5,4,0.0919,0.2593,0.1674,0.0074,42,18
Qwen/Qwen2.5-14B,fictional_b3,fictional,3,premise,28,8,4,0.1128,0.272,0.1592,-0.0019,42,18
Qwen/Qwen2.5-14B,fictional_b3,fictional,3,premise,28,16,4,0.2439,0.2278,-0.0162,0.0017,42,18
Qwen/Qwen2.5-14B,fictional_b3,fictional,3,premise,28,2,5,0.0597,0.0955,0.0358,-0.0137,42,18
Qwen/Qwen2.5-14B,fictional_b3,fictional,3,premise,28,3,5,0.0256,0.1595,0.1339,-0.0363,42,18
Qwen/Qwen2.5-14B,fictional_b3,fictional,3,premise,28,5,5,0.1016,0.2161,0.1145,0.0099,42,18
Qwen/Qwen2.5-14B,fictional_b3,fictional,3,premise,28,8,5,0.1603,0.3281,0.1678,0.0193,42,18
Qwen/Qwen2.5-14B,fictional_b3,fictional,3,premise,28,16,5,0.2549,0.3463,0.0914,0.003,42,18
Qwen/Qwen2.5-14B,fictional_b3,fictional,3,premise,32,2,0,0.0623,0.0913,0.029,-0.0097,42,18
Qwen/Qwen2.5-14B,fictional_b3,fictional,3,premise,32,3,0,0.0601,0.1886,0.1285,-0.0133,42,18
Qwen/Qwen2.5-14B,fictional_b3,fictional,3,premise,32,5,0,0.0878,0.248,0.1602,-0.059,42,18
Qwen/Qwen2.5-14B,fictional_b3,fictional,3,premise,32,8,0,0.144,0.2535,0.1095,-0.06,42,18
Qwen/Qwen2.5-14B,fictional_b3,fictional,3,premise,32,16,0,0.2733,0.2375,-0.0358,-0.0305,42,18
Qwen/Qwen2.5-14B,fictional_b3,fictional,3,premise,32,2,1,0.0011,0.0902,0.0891,-0.0243,42,18
Qwen/Qwen2.5-14B,fictional_b3,fictional,3,premise,32,3,1,0.0656,0.1448,0.0792,-0.0237,42,18
Qwen/Qwen2.5-14B,fictional_b3,fictional,3,premise,32,5,1,0.0418,0.2333,0.1916,0.0226,42,18
Qwen/Qwen2.5-14B,fictional_b3,fictional,3,premise,32,8,1,0.1612,0.3122,0.151,-0.0047,42,18
Qwen/Qwen2.5-14B,fictional_b3,fictional,3,premise,32,16,1,0.3134,0.3426,0.0293,-0.0115,42,18
Qwen/Qwen2.5-14B,fictional_b3,fictional,3,premise,32,2,2,0.0081,0.0927,0.0846,-0.0679,42,18
Qwen/Qwen2.5-14B,fictional_b3,fictional,3,premise,32,3,2,0.0724,0.1434,0.0709,-0.0318,42,18
Qwen/Qwen2.5-14B,fictional_b3,fictional,3,premise,32,5,2,0.0743,0.2753,0.201,-0.004,42,18
Qwen/Qwen2.5-14B,fictional_b3,fictional,3,premise,32,8,2,0.118,0.3262,0.2082,-0.033,42,18
Qwen/Qwen2.5-14B,fictional_b3,fictional,3,premise,32,16,2,0.2486,0.2934,0.0448,-0.0413,42,18
Qwen/Qwen2.5-14B,fictional_b3,fictional,3,premise,32,2,3,-0.0003,0.1018,0.1021,-0.025,42,18
Qwen/Qwen2.5-14B,fictional_b3,fictional,3,premise,32,3,3,0.0385,0.1735,0.135,0.0021,42,18
Qwen/Qwen2.5-14B,fictional_b3,fictional,3,premise,32,5,3,0.0987,0.261,0.1623,-0.0451,42,18
Qwen/Qwen2.5-14B,fictional_b3,fictional,3,premise,32,8,3,0.1234,0.2109,0.0875,-0.075,42,18
Qwen/Qwen2.5-14B,fictional_b3,fictional,3,premise,32,16,3,0.2891,0.3057,0.0166,-0.0525,42,18
Qwen/Qwen2.5-14B,fictional_b3,fictional,3,premise,32,2,4,0.0757,0.127,0.0514,0.0231,42,18
Qwen/Qwen2.5-14B,fictional_b3,fictional,3,premise,32,3,4,0.0466,0.1908,0.1442,0.0078,42,18
Qwen/Qwen2.5-14B,fictional_b3,fictional,3,premise,32,5,4,0.1379,0.2671,0.1292,-0.0243,42,18
Qwen/Qwen2.5-14B,fictional_b3,fictional,3,premise,32,8,4,0.1631,0.308,0.1449,-0.0418,42,18
Qwen/Qwen2.5-14B,fictional_b3,fictional,3,premise,32,16,4,0.2729,0.2136,-0.0594,-0.0365,42,18
Qwen/Qwen2.5-14B,fictional_b3,fictional,3,premise,32,2,5,0.0187,0.1359,0.1171,0.0241,42,18
Qwen/Qwen2.5-14B,fictional_b3,fictional,3,premise,32,3,5,0.0532,0.203,0.1498,-0.0107,42,18
Qwen/Qwen2.5-14B,fictional_b3,fictional,3,premise,32,5,5,0.0811,0.2432,0.1621,-0.0411,42,18
Qwen/Qwen2.5-14B,fictional_b3,fictional,3,premise,32,8,5,0.1289,0.2691,0.1402,0.0294,42,18
Qwen/Qwen2.5-14B,fictional_b3,fictional,3,premise,32,16,5,0.2645,0.21,-0.0545,-0.0064,42,18
Qwen/Qwen2.5-14B,fictional_b3,fictional,3,premise,36,2,0,0.0336,0.1087,0.0752,0.008,42,18
Qwen/Qwen2.5-14B,fictional_b3,fictional,3,premise,36,3,0,0.0663,0.1745,0.1082,-0.0427,42,18
Qwen/Qwen2.5-14B,fictional_b3,fictional,3,premise,36,5,0,0.0774,0.2563,0.1789,-0.0109,42,18
Qwen/Qwen2.5-14B,fictional_b3,fictional,3,premise,36,8,0,0.1482,0.3072,0.1591,-0.0642,42,18
Qwen/Qwen2.5-14B,fictional_b3,fictional,3,premise,36,16,0,0.2526,0.2969,0.0442,-0.0329,42,18
Qwen/Qwen2.5-14B,fictional_b3,fictional,3,premise,36,2,1,0.0605,0.1222,0.0617,-0.0018,42,18
Qwen/Qwen2.5-14B,fictional_b3,fictional,3,premise,36,3,1,0.0993,0.2029,0.1036,-0.0195,42,18
Qwen/Qwen2.5-14B,fictional_b3,fictional,3,premise,36,5,1,0.0466,0.2386,0.192,-0.0085,42,18
Qwen/Qwen2.5-14B,fictional_b3,fictional,3,premise,36,8,1,0.1369,0.2894,0.1525,0.0131,42,18
Qwen/Qwen2.5-14B,fictional_b3,fictional,3,premise,36,16,1,0.2432,0.2555,0.0123,0.0681,42,18
Qwen/Qwen2.5-14B,fictional_b3,fictional,3,premise,36,2,2,0.0598,0.1549,0.0951,-0.0135,42,18
Qwen/Qwen2.5-14B,fictional_b3,fictional,3,premise,36,3,2,0.1013,0.194,0.0927,-0.0316,42,18
Qwen/Qwen2.5-14B,fictional_b3,fictional,3,premise,36,5,2,0.1082,0.2281,0.1199,-0.013,42,18
Qwen/Qwen2.5-14B,fictional_b3,fictional,3,premise,36,8,2,0.1664,0.274,0.1076,0.0142,42,18
Qwen/Qwen2.5-14B,fictional_b3,fictional,3,premise,36,16,2,0.2993,0.2356,-0.0638,-0.0298,42,18
Qwen/Qwen2.5-14B,fictional_b3,fictional,3,premise,36,2,3,0.0079,0.1136,0.1057,-0.0211,42,18
Qwen/Qwen2.5-14B,fictional_b3,fictional,3,premise,36,3,3,0.0605,0.21,0.1495,-0.0391,42,18
Qwen/Qwen2.5-14B,fictional_b3,fictional,3,premise,36,5,3,0.1288,0.2285,0.0997,-0.0202,42,18
Qwen/Qwen2.5-14B,fictional_b3,fictional,3,premise,36,8,3,0.1319,0.2556,0.1238,-0.0323,42,18
Qwen/Qwen2.5-14B,fictional_b3,fictional,3,premise,36,16,3,0.2801,0.3787,0.0986,-0.0498,42,18
Qwen/Qwen2.5-14B,fictional_b3,fictional,3,premise,36,2,4,0.0755,0.1594,0.0838,-0.0372,42,18
Qwen/Qwen2.5-14B,fictional_b3,fictional,3,premise,36,3,4,0.0812,0.2215,0.1403,-0.0005,42,18
Qwen/Qwen2.5-14B,fictional_b3,fictional,3,premise,36,5,4,0.1131,0.298,0.1849,-0.0234,42,18
Qwen/Qwen2.5-14B,fictional_b3,fictional,3,premise,36,8,4,0.1717,0.2912,0.1194,-0.0121,42,18
Qwen/Qwen2.5-14B,fictional_b3,fictional,3,premise,36,16,4,0.2912,0.2319,-0.0593,-0.0119,42,18
Qwen/Qwen2.5-14B,fictional_b3,fictional,3,premise,36,2,5,0.0354,0.1098,0.0744,-0.0298,42,18
Qwen/Qwen2.5-14B,fictional_b3,fictional,3,premise,36,3,5,0.0777,0.1671,0.0893,0.0216,42,18
Qwen/Qwen2.5-14B,fictional_b3,fictional,3,premise,36,5,5,0.1124,0.2526,0.1401,0.0047,42,18
Qwen/Qwen2.5-14B,fictional_b3,fictional,3,premise,36,8,5,0.1354,0.2871,0.1517,0.0347,42,18
Qwen/Qwen2.5-14B,fictional_b3,fictional,3,premise,36,16,5,0.229,0.3808,0.1518,-0.0125,42,18
Qwen/Qwen2.5-14B,fictional_b3,fictional,3,premise,40,2,0,0.0421,0.1256,0.0834,-0.0483,42,18
Qwen/Qwen2.5-14B,fictional_b3,fictional,3,premise,40,3,0,0.0499,0.2211,0.1712,-0.0347,42,18
Qwen/Qwen2.5-14B,fictional_b3,fictional,3,premise,40,5,0,0.1096,0.2591,0.1495,-0.0627,42,18
Qwen/Qwen2.5-14B,fictional_b3,fictional,3,premise,40,8,0,0.1643,0.3407,0.1765,-0.0507,42,18
Qwen/Qwen2.5-14B,fictional_b3,fictional,3,premise,40,16,0,0.2785,0.3219,0.0434,-0.0409,42,18
Qwen/Qwen2.5-14B,fictional_b3,fictional,3,premise,40,2,1,0.0979,0.1181,0.0202,-0.0062,42,18
Qwen/Qwen2.5-14B,fictional_b3,fictional,3,premise,40,3,1,0.0726,0.2124,0.1398,-0.0112,42,18
Qwen/Qwen2.5-14B,fictional_b3,fictional,3,premise,40,5,1,0.1183,0.1999,0.0816,0.0016,42,18
Qwen/Qwen2.5-14B,fictional_b3,fictional,3,premise,40,8,1,0.1544,0.2831,0.1286,-0.0607,42,18
Qwen/Qwen2.5-14B,fictional_b3,fictional,3,premise,40,16,1,0.2488,0.247,-0.0018,-0.0434,42,18
Qwen/Qwen2.5-14B,fictional_b3,fictional,3,premise,40,2,2,0.0203,0.1698,0.1495,-0.0449,42,18
Qwen/Qwen2.5-14B,fictional_b3,fictional,3,premise,40,3,2,0.1111,0.2086,0.0975,0.0014,42,18
Qwen/Qwen2.5-14B,fictional_b3,fictional,3,premise,40,5,2,0.099,0.234,0.135,-0.0202,42,18
Qwen/Qwen2.5-14B,fictional_b3,fictional,3,premise,40,8,2,0.2031,0.229,0.0259,0.0195,42,18
Qwen/Qwen2.5-14B,fictional_b3,fictional,3,premise,40,16,2,0.3081,0.1332,-0.1749,0.0103,42,18
Qwen/Qwen2.5-14B,fictional_b3,fictional,3,premise,40,2,3,0.0241,0.0418,0.0177,0.0236,42,18
Qwen/Qwen2.5-14B,fictional_b3,fictional,3,premise,40,3,3,0.053,0.2223,0.1693,-0.095,42,18
Qwen/Qwen2.5-14B,fictional_b3,fictional,3,premise,40,5,3,0.0811,0.2709,0.1899,-0.0495,42,18
Qwen/Qwen2.5-14B,fictional_b3,fictional,3,premise,40,8,3,0.1904,0.2639,0.0735,-0.0178,42,18
Qwen/Qwen2.5-14B,fictional_b3,fictional,3,premise,40,16,3,0.2862,0.2521,-0.0341,-0.0163,42,18
Qwen/Qwen2.5-14B,fictional_b3,fictional,3,premise,40,2,4,0.0926,0.1074,0.0147,0.0262,42,18
Qwen/Qwen2.5-14B,fictional_b3,fictional,3,premise,40,3,4,0.0185,0.1683,0.1498,-0.011,42,18
Qwen/Qwen2.5-14B,fictional_b3,fictional,3,premise,40,5,4,0.1112,0.2608,0.1496,0.0141,42,18
Qwen/Qwen2.5-14B,fictional_b3,fictional,3,premise,40,8,4,0.1611,0.2705,0.1094,0.0053,42,18
Qwen/Qwen2.5-14B,fictional_b3,fictional,3,premise,40,16,4,0.2955,0.2436,-0.0519,-0.0208,42,18
Qwen/Qwen2.5-14B,fictional_b3,fictional,3,premise,40,2,5,0.0115,0.111,0.0994,0.0336,42,18
Qwen/Qwen2.5-14B,fictional_b3,fictional,3,premise,40,3,5,0.057,0.1673,0.1104,0.0731,42,18
Qwen/Qwen2.5-14B,fictional_b3,fictional,3,premise,40,5,5,0.1133,0.2684,0.1551,0.0073,42,18
Qwen/Qwen2.5-14B,fictional_b3,fictional,3,premise,40,8,5,0.1558,0.2717,0.1159,-0.0174,42,18
Qwen/Qwen2.5-14B,fictional_b3,fictional,3,premise,40,16,5,0.2999,0.2469,-0.053,-0.0205,42,18
Qwen/Qwen2.5-14B,fictional_b3,fictional,3,premise,44,2,0,0.023,0.1129,0.0899,-0.03,42,18
Qwen/Qwen2.5-14B,fictional_b3,fictional,3,premise,44,3,0,0.0191,0.178,0.1589,-0.0314,42,18
Qwen/Qwen2.5-14B,fictional_b3,fictional,3,premise,44,5,0,0.0985,0.2323,0.1338,-0.0319,42,18
Qwen/Qwen2.5-14B,fictional_b3,fictional,3,premise,44,8,0,0.198,0.2217,0.0237,-0.0305,42,18
Qwen/Qwen2.5-14B,fictional_b3,fictional,3,premise,44,16,0,0.2861,0.171,-0.1151,-0.0334,42,18
Qwen/Qwen2.5-14B,fictional_b3,fictional,3,premise,44,2,1,0.008,0.1146,0.1065,0.0433,42,18
Qwen/Qwen2.5-14B,fictional_b3,fictional,3,premise,44,3,1,0.0236,0.1845,0.1609,-0.0101,42,18
Qwen/Qwen2.5-14B,fictional_b3,fictional,3,premise,44,5,1,0.1118,0.2683,0.1565,-0.0034,42,18
Qwen/Qwen2.5-14B,fictional_b3,fictional,3,premise,44,8,1,0.1442,0.3132,0.1691,0.021,42,18
Qwen/Qwen2.5-14B,fictional_b3,fictional,3,premise,44,16,1,0.2445,0.2392,-0.0052,-0.0232,42,18
Qwen/Qwen2.5-14B,fictional_b3,fictional,3,premise,44,2,2,0.0169,0.0913,0.0743,-0.009,42,18
Qwen/Qwen2.5-14B,fictional_b3,fictional,3,premise,44,3,2,0.0507,0.1532,0.1026,-0.0027,42,18
Qwen/Qwen2.5-14B,fictional_b3,fictional,3,premise,44,5,2,0.0795,0.2745,0.1951,0.0146,42,18
Qwen/Qwen2.5-14B,fictional_b3,fictional,3,premise,44,8,2,0.1518,0.2641,0.1123,-0.0121,42,18
Qwen/Qwen2.5-14B,fictional_b3,fictional,3,premise,44,16,2,0.2839,0.0771,-0.2068,-0.0128,42,18
Qwen/Qwen2.5-14B,fictional_b3,fictional,3,premise,44,2,3,0.0391,0.0875,0.0485,-0.0354,42,18
Qwen/Qwen2.5-14B,fictional_b3,fictional,3,premise,44,3,3,0.0462,0.1549,0.1087,-0.0397,42,18
Qwen/Qwen2.5-14B,fictional_b3,fictional,3,premise,44,5,3,0.1382,0.241,0.1027,-0.0367,42,18
Qwen/Qwen2.5-14B,fictional_b3,fictional,3,premise,44,8,3,0.1633,0.3293,0.166,-0.0269,42,18
Qwen/Qwen2.5-14B,fictional_b3,fictional,3,premise,44,16,3,0.2738,0.2625,-0.0113,-0.0083,42,18
Qwen/Qwen2.5-14B,fictional_b3,fictional,3,premise,44,2,4,0.0735,0.1131,0.0396,-0.0344,42,18
Qwen/Qwen2.5-14B,fictional_b3,fictional,3,premise,44,3,4,0.0188,0.191,0.1722,0.0127,42,18
Qwen/Qwen2.5-14B,fictional_b3,fictional,3,premise,44,5,4,0.1357,0.2364,0.1007,-0.0035,42,18
Qwen/Qwen2.5-14B,fictional_b3,fictional,3,premise,44,8,4,0.1813,0.2787,0.0974,-0.0068,42,18
Qwen/Qwen2.5-14B,fictional_b3,fictional,3,premise,44,16,4,0.2489,0.367,0.1181,-0.0039,42,18
Qwen/Qwen2.5-14B,fictional_b3,fictional,3,premise,44,2,5,0.0382,0.1497,0.1115,0.0455,42,18
Qwen/Qwen2.5-14B,fictional_b3,fictional,3,premise,44,3,5,0.0698,0.1749,0.1051,-0.0044,42,18
Qwen/Qwen2.5-14B,fictional_b3,fictional,3,premise,44,5,5,0.1202,0.2301,0.1099,-0.0325,42,18
Qwen/Qwen2.5-14B,fictional_b3,fictional,3,premise,44,8,5,0.1443,0.2656,0.1213,0.0039,42,18
Qwen/Qwen2.5-14B,fictional_b3,fictional,3,premise,44,16,5,0.2724,0.3608,0.0884,-0.0411,42,18
Qwen/Qwen2.5-14B,fictional_b3,fictional,3,premise,48,2,0,0.0155,0.0972,0.0817,-0.0151,42,18
Qwen/Qwen2.5-14B,fictional_b3,fictional,3,premise,48,3,0,0.0716,0.1588,0.0872,-0.0426,42,18
Qwen/Qwen2.5-14B,fictional_b3,fictional,3,premise,48,5,0,0.1094,0.1724,0.063,0.0023,42,18
Qwen/Qwen2.5-14B,fictional_b3,fictional,3,premise,48,8,0,0.1791,0.2139,0.0348,-0.0483,42,18
Qwen/Qwen2.5-14B,fictional_b3,fictional,3,premise,48,16,0,0.2323,0.224,-0.0083,-0.0605,42,18
Qwen/Qwen2.5-14B,fictional_b3,fictional,3,premise,48,2,1,-0.0024,0.0567,0.0591,-0.0115,42,18
Qwen/Qwen2.5-14B,fictional_b3,fictional,3,premise,48,3,1,0.0292,0.1579,0.1287,0.0054,42,18
Qwen/Qwen2.5-14B,fictional_b3,fictional,3,premise,48,5,1,0.0493,0.2052,0.1558,0.0155,42,18
Qwen/Qwen2.5-14B,fictional_b3,fictional,3,premise,48,8,1,0.1604,0.1806,0.0202,-0.0134,42,18
Qwen/Qwen2.5-14B,fictional_b3,fictional,3,premise,48,16,1,0.2024,0.1066,-0.0957,0.0287,42,18
Qwen/Qwen2.5-14B,fictional_b3,fictional,3,premise,48,2,2,0.0432,0.0867,0.0435,-0.0396,42,18
Qwen/Qwen2.5-14B,fictional_b3,fictional,3,premise,48,3,2,0.0786,0.1576,0.079,0.0078,42,18
Qwen/Qwen2.5-14B,fictional_b3,fictional,3,premise,48,5,2,0.1166,0.1979,0.0813,0.006,42,18
Qwen/Qwen2.5-14B,fictional_b3,fictional,3,premise,48,8,2,0.1694,0.2439,0.0745,-0.042,42,18
Qwen/Qwen2.5-14B,fictional_b3,fictional,3,premise,48,16,2,0.2279,0.2517,0.0237,0.0365,42,18
Qwen/Qwen2.5-14B,fictional_b3,fictional,3,premise,48,2,3,0.0668,0.1236,0.0568,-0.0155,42,18
Qwen/Qwen2.5-14B,fictional_b3,fictional,3,premise,48,3,3,0.0979,0.2285,0.1305,-0.0247,42,18
Qwen/Qwen2.5-14B,fictional_b3,fictional,3,premise,48,5,3,0.1802,0.2235,0.0433,-0.0273,42,18
Qwen/Qwen2.5-14B,fictional_b3,fictional,3,premise,48,8,3,0.1633,0.2995,0.1363,-0.0219,42,18
Qwen/Qwen2.5-14B,fictional_b3,fictional,3,premise,48,16,3,0.2442,0.2431,-0.0011,-0.0171,42,18
Qwen/Qwen2.5-14B,fictional_b3,fictional,3,premise,48,2,4,0.0248,0.0493,0.0244,0.031,42,18
Qwen/Qwen2.5-14B,fictional_b3,fictional,3,premise,48,3,4,0.0658,0.1613,0.0955,-0.024,42,18
Qwen/Qwen2.5-14B,fictional_b3,fictional,3,premise,48,5,4,0.1031,0.2141,0.111,-0.0096,42,18
Qwen/Qwen2.5-14B,fictional_b3,fictional,3,premise,48,8,4,0.1838,0.2052,0.0215,-0.0297,42,18
Qwen/Qwen2.5-14B,fictional_b3,fictional,3,premise,48,16,4,0.2748,0.1158,-0.159,-0.0916,42,18
Qwen/Qwen2.5-14B,fictional_b3,fictional,3,premise,48,2,5,0.0602,0.073,0.0128,0.0374,42,18
Qwen/Qwen2.5-14B,fictional_b3,fictional,3,premise,48,3,5,0.053,0.1524,0.0994,0.0282,42,18
Qwen/Qwen2.5-14B,fictional_b3,fictional,3,premise,48,5,5,0.0896,0.196,0.1064,0.0614,42,18
Qwen/Qwen2.5-14B,fictional_b3,fictional,3,premise,48,8,5,0.1608,0.2215,0.0607,-0.0068,42,18
Qwen/Qwen2.5-14B,fictional_b3,fictional,3,premise,48,16,5,0.2625,0.2958,0.0333,0.0022,42,18
Qwen/Qwen2.5-14B,fictional_b3,fictional,3,last,0,2,0,-0.0315,-0.0315,0.0,-0.0077,42,18
Qwen/Qwen2.5-14B,fictional_b3,fictional,3,last,0,3,0,-0.0315,-0.0315,0.0,-0.0077,42,18
Qwen/Qwen2.5-14B,fictional_b3,fictional,3,last,0,5,0,-0.0315,-0.0315,0.0,-0.0077,42,18
Qwen/Qwen2.5-14B,fictional_b3,fictional,3,last,0,8,0,-0.0315,-0.0315,0.0,-0.0077,42,18
Qwen/Qwen2.5-14B,fictional_b3,fictional,3,last,0,16,0,-0.0315,-0.0315,0.0,-0.0077,42,18
Qwen/Qwen2.5-14B,fictional_b3,fictional,3,last,0,2,1,-0.0541,-0.0541,0.0,0.0127,42,18
Qwen/Qwen2.5-14B,fictional_b3,fictional,3,last,0,3,1,-0.0541,-0.0541,0.0,0.0127,42,18
Qwen/Qwen2.5-14B,fictional_b3,fictional,3,last,0,5,1,-0.0541,-0.0541,0.0,0.0127,42,18
Qwen/Qwen2.5-14B,fictional_b3,fictional,3,last,0,8,1,-0.0541,-0.0541,0.0,0.0019,42,18
Qwen/Qwen2.5-14B,fictional_b3,fictional,3,last,0,16,1,-0.0541,-0.0541,0.0,0.0127,42,18
Qwen/Qwen2.5-14B,fictional_b3,fictional,3,last,0,2,2,-0.0738,-0.0738,0.0,-0.0219,42,18
Qwen/Qwen2.5-14B,fictional_b3,fictional,3,last,0,3,2,-0.0738,-0.0738,0.0,-0.0219,42,18
Qwen/Qwen2.5-14B,fictional_b3,fictional,3,last,0,5,2,-0.0738,-0.0738,0.0,-0.0219,42,18
Qwen/Qwen2.5-14B,fictional_b3,fictional,3,last,0,8,2,-0.0738,-0.0738,0.0,-0.0219,42,18
Qwen/Qwen2.5-14B,fictional_b3,fictional,3,last,0,16,2,-0.0738,-0.0479,0.0259,-0.0285,42,18
Qwen/Qwen2.5-14B,fictional_b3,fictional,3,last,0,2,3,-0.0287,-0.0287,0.0,-0.0245,42,18
Qwen/Qwen2.5-14B,fictional_b3,fictional,3,last,0,3,3,-0.0287,-0.0116,0.0171,-0.0352,42,18
Qwen/Qwen2.5-14B,fictional_b3,fictional,3,last,0,5,3,-0.0287,-0.0287,0.0,-0.0245,42,18
Qwen/Qwen2.5-14B,fictional_b3,fictional,3,last,0,8,3,-0.0287,-0.0287,0.0,-0.0245,42,18
Qwen/Qwen2.5-14B,fictional_b3,fictional,3,last,0,16,3,-0.0287,-0.0287,0.0,-0.0245,42,18
Qwen/Qwen2.5-14B,fictional_b3,fictional,3,last,0,2,4,-0.0585,-0.0585,0.0,0.0272,42,18
Qwen/Qwen2.5-14B,fictional_b3,fictional,3,last,0,3,4,-0.0585,-0.0392,0.0194,0.0156,42,18
Qwen/Qwen2.5-14B,fictional_b3,fictional,3,last,0,5,4,-0.0585,-0.0566,0.0019,0.0156,42,18
Qwen/Qwen2.5-14B,fictional_b3,fictional,3,last,0,8,4,-0.0585,-0.0585,0.0,0.0272,42,18
Qwen/Qwen2.5-14B,fictional_b3,fictional,3,last,0,16,4,-0.0585,-0.0585,0.0,0.0272,42,18
Qwen/Qwen2.5-14B,fictional_b3,fictional,3,last,0,2,5,-0.082,-0.0707,0.0114,-0.0021,42,18
Qwen/Qwen2.5-14B,fictional_b3,fictional,3,last,0,3,5,-0.082,-0.0707,0.0114,-0.0021,42,18
Qwen/Qwen2.5-14B,fictional_b3,fictional,3,last,0,5,5,-0.082,-0.082,0.0,0.01,42,18
Qwen/Qwen2.5-14B,fictional_b3,fictional,3,last,0,8,5,-0.082,-0.082,0.0,0.01,42,18
Qwen/Qwen2.5-14B,fictional_b3,fictional,3,last,0,16,5,-0.082,-0.0658,0.0162,0.01,42,18
Qwen/Qwen2.5-14B,fictional_b3,fictional,3,last,4,2,0,-0.0089,0.0519,0.0608,0.0441,42,18
Qwen/Qwen2.5-14B,fictional_b3,fictional,3,last,4,3,0,0.0688,0.1272,0.0584,-0.0029,42,18
Qwen/Qwen2.5-14B,fictional_b3,fictional,3,last,4,5,0,0.0467,0.1361,0.0894,-0.0747,42,18
Qwen/Qwen2.5-14B,fictional_b3,fictional,3,last,4,8,0,0.1086,0.1265,0.0179,0.0247,42,18
Qwen/Qwen2.5-14B,fictional_b3,fictional,3,last,4,16,0,0.1157,0.0794,-0.0364,-0.0072,42,18
Qwen/Qwen2.5-14B,fictional_b3,fictional,3,last,4,2,1,0.0277,0.0471,0.0194,-0.0152,42,18
Qwen/Qwen2.5-14B,fictional_b3,fictional,3,last,4,3,1,0.0003,0.0655,0.0652,0.0165,42,18
Qwen/Qwen2.5-14B,fictional_b3,fictional,3,last,4,5,1,0.04,0.083,0.0431,0.0669,42,18
Qwen/Qwen2.5-14B,fictional_b3,fictional,3,last,4,8,1,0.0679,0.079,0.0111,0.0434,42,18
Qwen/Qwen2.5-14B,fictional_b3,fictional,3,last,4,16,1,0.1502,0.1937,0.0435,0.0174,42,18
Qwen/Qwen2.5-14B,fictional_b3,fictional,3,last,4,2,2,-0.0065,0.0506,0.0571,-0.0619,42,18
Qwen/Qwen2.5-14B,fictional_b3,fictional,3,last,4,3,2,0.0492,0.1325,0.0833,-0.0341,42,18
Qwen/Qwen2.5-14B,fictional_b3,fictional,3,last,4,5,2,0.0362,0.1288,0.0927,0.0209,42,18
Qwen/Qwen2.5-14B,fictional_b3,fictional,3,last,4,8,2,0.09,0.1519,0.0619,-0.005,42,18
Qwen/Qwen2.5-14B,fictional_b3,fictional,3,last,4,16,2,0.1453,0.103,-0.0423,0.025,42,18
Qwen/Qwen2.5-14B,fictional_b3,fictional,3,last,4,2,3,0.0182,0.0924,0.0742,-0.009,42,18
Qwen/Qwen2.5-14B,fictional_b3,fictional,3,last,4,3,3,0.0495,0.1163,0.0668,-0.0745,42,18
Qwen/Qwen2.5-14B,fictional_b3,fictional,3,last,4,5,3,0.0372,0.1585,0.1213,0.0265,42,18
Qwen/Qwen2.5-14B,fictional_b3,fictional,3,last,4,8,3,0.0914,0.0587,-0.0327,0.0137,42,18
Qwen/Qwen2.5-14B,fictional_b3,fictional,3,last,4,16,3,0.1383,0.0881,-0.0502,0.011,42,18
Qwen/Qwen2.5-14B,fictional_b3,fictional,3,last,4,2,4,0.045,0.0294,-0.0156,-0.0538,42,18
Qwen/Qwen2.5-14B,fictional_b3,fictional,3,last,4,3,4,0.0297,0.0754,0.0457,0.0152,42,18
Qwen/Qwen2.5-14B,fictional_b3,fictional,3,last,4,5,4,0.0564,0.1215,0.0651,0.0153,42,18
Qwen/Qwen2.5-14B,fictional_b3,fictional,3,last,4,8,4,0.0798,0.1367,0.0569,-0.0237,42,18
Qwen/Qwen2.5-14B,fictional_b3,fictional,3,last,4,16,4,0.1676,0.1411,-0.0265,-0.0598,42,18
Qwen/Qwen2.5-14B,fictional_b3,fictional,3,last,4,2,5,0.0072,0.0199,0.0127,-0.0607,42,18
Qwen/Qwen2.5-14B,fictional_b3,fictional,3,last,4,3,5,0.042,0.0948,0.0528,0.0153,42,18
Qwen/Qwen2.5-14B,fictional_b3,fictional,3,last,4,5,5,0.0366,0.0649,0.0283,-0.0297,42,18
Qwen/Qwen2.5-14B,fictional_b3,fictional,3,last,4,8,5,0.085,0.1559,0.0709,-0.0199,42,18
Qwen/Qwen2.5-14B,fictional_b3,fictional,3,last,4,16,5,0.1134,0.0683,-0.045,-0.0027,42,18
Qwen/Qwen2.5-14B,fictional_b3,fictional,3,last,8,2,0,0.0472,0.0609,0.0137,-0.0352,42,18
Qwen/Qwen2.5-14B,fictional_b3,fictional,3,last,8,3,0,0.0463,0.1639,0.1176,-0.0005,42,18
Qwen/Qwen2.5-14B,fictional_b3,fictional,3,last,8,5,0,0.0823,0.2269,0.1446,-0.0602,42,18
Qwen/Qwen2.5-14B,fictional_b3,fictional,3,last,8,8,0,0.101,0.1512,0.0502,-0.0304,42,18
Qwen/Qwen2.5-14B,fictional_b3,fictional,3,last,8,16,0,0.1871,0.2492,0.0621,-0.0823,42,18
Qwen/Qwen2.5-14B,fictional_b3,fictional,3,last,8,2,1,-0.0149,0.081,0.0959,0.0303,42,18
Qwen/Qwen2.5-14B,fictional_b3,fictional,3,last,8,3,1,0.0767,0.15,0.0733,-0.0066,42,18
Qwen/Qwen2.5-14B,fictional_b3,fictional,3,last,8,5,1,0.0933,0.1883,0.095,0.0028,42,18
Qwen/Qwen2.5-14B,fictional_b3,fictional,3,last,8,8,1,0.1547,0.2294,0.0747,0.0079,42,18
Qwen/Qwen2.5-14B,fictional_b3,fictional,3,last,8,16,1,0.1876,0.2455,0.058,-0.0089,42,18
Qwen/Qwen2.5-14B,fictional_b3,fictional,3,last,8,2,2,0.0272,0.1003,0.0731,0.0096,42,18
Qwen/Qwen2.5-14B,fictional_b3,fictional,3,last,8,3,2,0.0209,0.1499,0.1289,-0.0257,42,18
Qwen/Qwen2.5-14B,fictional_b3,fictional,3,last,8,5,2,0.0679,0.1985,0.1307,0.0179,42,18
Qwen/Qwen2.5-14B,fictional_b3,fictional,3,last,8,8,2,0.2024,0.1808,-0.0217,-0.0315,42,18
Qwen/Qwen2.5-14B,fictional_b3,fictional,3,last,8,16,2,0.2412,0.2271,-0.014,-0.021,42,18
Qwen/Qwen2.5-14B,fictional_b3,fictional,3,last,8,2,3,0.0241,0.1236,0.0994,0.0051,42,18
Qwen/Qwen2.5-14B,fictional_b3,fictional,3,last,8,3,3,0.013,0.1479,0.1349,-0.0567,42,18
Qwen/Qwen2.5-14B,fictional_b3,fictional,3,last,8,5,3,0.1007,0.2144,0.1137,-0.0161,42,18
Qwen/Qwen2.5-14B,fictional_b3,fictional,3,last,8,8,3,0.1658,0.2444,0.0786,-0.0446,42,18
Qwen/Qwen2.5-14B,fictional_b3,fictional,3,last,8,16,3,0.2022,0.3003,0.0982,-0.0214,42,18
Qwen/Qwen2.5-14B,fictional_b3,fictional,3,last,8,2,4,0.038,0.1374,0.0994,-0.0219,42,18
Qwen/Qwen2.5-14B,fictional_b3,fictional,3,last,8,3,4,0.0629,0.1741,0.1112,-0.023,42,18
Qwen/Qwen2.5-14B,fictional_b3,fictional,3,last,8,5,4,0.0741,0.2156,0.1415,-0.0365,42,18
Qwen/Qwen2.5-14B,fictional_b3,fictional,3,last,8,8,4,0.1679,0.2281,0.0603,0.0202,42,18
Qwen/Qwen2.5-14B,fictional_b3,fictional,3,last,8,16,4,0.2201,0.2202,0.0002,-0.026,42,18
Qwen/Qwen2.5-14B,fictional_b3,fictional,3,last,8,2,5,0.0412,0.0741,0.0329,-0.0062,42,18
Qwen/Qwen2.5-14B,fictional_b3,fictional,3,last,8,3,5,0.0444,0.1662,0.1218,-0.0074,42,18
Qwen/Qwen2.5-14B,fictional_b3,fictional,3,last,8,5,5,0.0943,0.1794,0.0851,0.0173,42,18
Qwen/Qwen2.5-14B,fictional_b3,fictional,3,last,8,8,5,0.1205,0.1925,0.072,0.0215,42,18
Qwen/Qwen2.5-14B,fictional_b3,fictional,3,last,8,16,5,0.1804,0.2735,0.0932,-0.0076,42,18
Qwen/Qwen2.5-14B,fictional_b3,fictional,3,last,12,2,0,0.0219,0.1145,0.0926,-0.0321,42,18
Qwen/Qwen2.5-14B,fictional_b3,fictional,3,last,12,3,0,0.0645,0.201,0.1364,-0.0548,42,18
Qwen/Qwen2.5-14B,fictional_b3,fictional,3,last,12,5,0,0.1002,0.2687,0.1685,-0.0759,42,18
Qwen/Qwen2.5-14B,fictional_b3,fictional,3,last,12,8,0,0.1836,0.2907,0.1071,-0.0851,42,18
Qwen/Qwen2.5-14B,fictional_b3,fictional,3,last,12,16,0,0.2927,0.3424,0.0498,-0.0858,42,18
Qwen/Qwen2.5-14B,fictional_b3,fictional,3,last,12,2,1,0.0279,0.1654,0.1375,-0.0152,42,18
Qwen/Qwen2.5-14B,fictional_b3,fictional,3,last,12,3,1,0.0125,0.1576,0.1451,0.0019,42,18
Qwen/Qwen2.5-14B,fictional_b3,fictional,3,last,12,5,1,0.1362,0.2204,0.0841,-0.0129,42,18
Qwen/Qwen2.5-14B,fictional_b3,fictional,3,last,12,8,1,0.1236,0.3005,0.1769,-0.0123,42,18
Qwen/Qwen2.5-14B,fictional_b3,fictional,3,last,12,16,1,0.2236,0.2472,0.0236,-0.0058,42,18
Qwen/Qwen2.5-14B,fictional_b3,fictional,3,last,12,2,2,0.0346,0.1445,0.1098,-0.0391,42,18
Qwen/Qwen2.5-14B,fictional_b3,fictional,3,last,12,3,2,0.0542,0.1454,0.0912,-0.0251,42,18
Qwen/Qwen2.5-14B,fictional_b3,fictional,3,last,12,5,2,0.1513,0.243,0.0917,0.0512,42,18
Qwen/Qwen2.5-14B,fictional_b3,fictional,3,last,12,8,2,0.1874,0.33,0.1427,0.0022,42,18
Qwen/Qwen2.5-14B,fictional_b3,fictional,3,last,12,16,2,0.2522,0.3469,0.0947,-0.0234,42,18
Qwen/Qwen2.5-14B,fictional_b3,fictional,3,last,12,2,3,0.0316,0.1175,0.0859,0.0002,42,18
Qwen/Qwen2.5-14B,fictional_b3,fictional,3,last,12,3,3,0.0317,0.245,0.2133,-0.0692,42,18
Qwen/Qwen2.5-14B,fictional_b3,fictional,3,last,12,5,3,0.0692,0.251,0.1818,-0.0605,42,18
Qwen/Qwen2.5-14B,fictional_b3,fictional,3,last,12,8,3,0.1713,0.2918,0.1204,-0.0658,42,18
Qwen/Qwen2.5-14B,fictional_b3,fictional,3,last,12,16,3,0.2826,0.3584,0.0758,-0.0407,42,18
Qwen/Qwen2.5-14B,fictional_b3,fictional,3,last,12,2,4,0.0582,0.1026,0.0444,0.0126,42,18
Qwen/Qwen2.5-14B,fictional_b3,fictional,3,last,12,3,4,0.0561,0.1692,0.1131,-0.0553,42,18
Qwen/Qwen2.5-14B,fictional_b3,fictional,3,last,12,5,4,0.1155,0.2614,0.1459,-0.0281,42,18
Qwen/Qwen2.5-14B,fictional_b3,fictional,3,last,12,8,4,0.2014,0.2998,0.0984,-0.0167,42,18
Qwen/Qwen2.5-14B,fictional_b3,fictional,3,last,12,16,4,0.2693,0.3138,0.0445,-0.0085,42,18
Qwen/Qwen2.5-14B,fictional_b3,fictional,3,last,12,2,5,0.0748,0.106,0.0312,-0.0036,42,18
Qwen/Qwen2.5-14B,fictional_b3,fictional,3,last,12,3,5,0.0445,0.1627,0.1182,0.0044,42,18
Qwen/Qwen2.5-14B,fictional_b3,fictional,3,last,12,5,5,0.1464,0.2271,0.0807,0.0241,42,18
Qwen/Qwen2.5-14B,fictional_b3,fictional,3,last,12,8,5,0.1686,0.2165,0.0479,0.0287,42,18
Qwen/Qwen2.5-14B,fictional_b3,fictional,3,last,12,16,5,0.2656,0.2955,0.0299,0.011,42,18
Qwen/Qwen2.5-14B,fictional_b3,fictional,3,last,16,2,0,0.0383,0.0815,0.0431,-0.0127,42,18
Qwen/Qwen2.5-14B,fictional_b3,fictional,3,last,16,3,0,0.0523,0.1578,0.1054,-0.006,42,18
Qwen/Qwen2.5-14B,fictional_b3,fictional,3,last,16,5,0,0.1016,0.2807,0.179,-0.0759,42,18
Qwen/Qwen2.5-14B,fictional_b3,fictional,3,last,16,8,0,0.1661,0.3215,0.1554,-0.0944,42,18
Qwen/Qwen2.5-14B,fictional_b3,fictional,3,last,16,16,0,0.2666,0.28,0.0134,-0.0651,42,18
Qwen/Qwen2.5-14B,fictional_b3,fictional,3,last,16,2,1,0.0475,0.1195,0.072,-0.0055,42,18
Qwen/Qwen2.5-14B,fictional_b3,fictional,3,last,16,3,1,0.0264,0.1901,0.1638,0.0131,42,18
Qwen/Qwen2.5-14B,fictional_b3,fictional,3,last,16,5,1,0.1038,0.1848,0.081,-0.0102,42,18
Qwen/Qwen2.5-14B,fictional_b3,fictional,3,last,16,8,1,0.1639,0.2813,0.1173,0.0153,42,18
Qwen/Qwen2.5-14B,fictional_b3,fictional,3,last,16,16,1,0.2507,0.3422,0.0915,0.0082,42,18
Qwen/Qwen2.5-14B,fictional_b3,fictional,3,last,16,2,2,0.0109,0.1474,0.1365,0.0056,42,18
Qwen/Qwen2.5-14B,fictional_b3,fictional,3,last,16,3,2,0.0687,0.2263,0.1576,-0.0516,42,18
Qwen/Qwen2.5-14B,fictional_b3,fictional,3,last,16,5,2,0.1373,0.2728,0.1354,0.0004,42,18
Qwen/Qwen2.5-14B,fictional_b3,fictional,3,last,16,8,2,0.1929,0.2331,0.0402,0.0182,42,18
Qwen/Qwen2.5-14B,fictional_b3,fictional,3,last,16,16,2,0.245,0.3462,0.1012,0.012,42,18
Qwen/Qwen2.5-14B,fictional_b3,fictional,3,last,16,2,3,0.0256,0.1063,0.0806,-0.0393,42,18
Qwen/Qwen2.5-14B,fictional_b3,fictional,3,last,16,3,3,0.0585,0.187,0.1285,-0.0275,42,18
Qwen/Qwen2.5-14B,fictional_b3,fictional,3,last,16,5,3,0.0676,0.2564,0.1888,-0.0769,42,18
Qwen/Qwen2.5-14B,fictional_b3,fictional,3,last,16,8,3,0.1385,0.2752,0.1367,-0.0534,42,18
Qwen/Qwen2.5-14B,fictional_b3,fictional,3,last,16,16,3,0.2243,0.3753,0.151,-0.063,42,18
Qwen/Qwen2.5-14B,fictional_b3,fictional,3,last,16,2,4,0.0279,0.0962,0.0683,-0.0296,42,18
Qwen/Qwen2.5-14B,fictional_b3,fictional,3,last,16,3,4,0.0432,0.2057,0.1625,-0.0067,42,18
Qwen/Qwen2.5-14B,fictional_b3,fictional,3,last,16,5,4,0.0977,0.232,0.1342,-0.0459,42,18
Qwen/Qwen2.5-14B,fictional_b3,fictional,3,last,16,8,4,0.1951,0.3006,0.1055,-0.041,42,18
Qwen/Qwen2.5-14B,fictional_b3,fictional,3,last,16,16,4,0.2444,0.3387,0.0944,0.0003,42,18
Qwen/Qwen2.5-14B,fictional_b3,fictional,3,last,16,2,5,0.0302,0.1054,0.0752,0.0157,42,18
Qwen/Qwen2.5-14B,fictional_b3,fictional,3,last,16,3,5,0.0581,0.168,0.1099,0.0474,42,18
Qwen/Qwen2.5-14B,fictional_b3,fictional,3,last,16,5,5,0.0682,0.2055,0.1373,-0.0177,42,18
Qwen/Qwen2.5-14B,fictional_b3,fictional,3,last,16,8,5,0.1205,0.2465,0.126,-0.0052,42,18
Qwen/Qwen2.5-14B,fictional_b3,fictional,3,last,16,16,5,0.2196,0.3144,0.0948,0.0254,42,18
Qwen/Qwen2.5-14B,fictional_b3,fictional,3,last,20,2,0,0.0648,0.074,0.0092,-0.0397,42,18
Qwen/Qwen2.5-14B,fictional_b3,fictional,3,last,20,3,0,0.0654,0.191,0.1256,-0.0336,42,18
Qwen/Qwen2.5-14B,fictional_b3,fictional,3,last,20,5,0,0.1039,0.2722,0.1683,-0.0576,42,18
Qwen/Qwen2.5-14B,fictional_b3,fictional,3,last,20,8,0,0.15,0.3102,0.1602,-0.0765,42,18
Qwen/Qwen2.5-14B,fictional_b3,fictional,3,last,20,16,0,0.2617,0.3736,0.1119,-0.0926,42,18
Qwen/Qwen2.5-14B,fictional_b3,fictional,3,last,20,2,1,0.0663,0.0893,0.023,0.0089,42,18
Qwen/Qwen2.5-14B,fictional_b3,fictional,3,last,20,3,1,0.0742,0.1914,0.1172,-0.0306,42,18
Qwen/Qwen2.5-14B,fictional_b3,fictional,3,last,20,5,1,0.0748,0.2873,0.2125,-0.0548,42,18
Qwen/Qwen2.5-14B,fictional_b3,fictional,3,last,20,8,1,0.184,0.3564,0.1724,-0.0122,42,18
Qwen/Qwen2.5-14B,fictional_b3,fictional,3,last,20,16,1,0.2482,0.3647,0.1165,-0.0112,42,18
Qwen/Qwen2.5-14B,fictional_b3,fictional,3,last,20,2,2,0.0371,0.0828,0.0457,0.0014,42,18
Qwen/Qwen2.5-14B,fictional_b3,fictional,3,last,20,3,2,0.0161,0.1683,0.1522,-0.0317,42,18
Qwen/Qwen2.5-14B,fictional_b3,fictional,3,last,20,5,2,0.0852,0.2416,0.1564,0.0115,42,18
Qwen/Qwen2.5-14B,fictional_b3,fictional,3,last,20,8,2,0.1347,0.3114,0.1767,-0.0397,42,18
Qwen/Qwen2.5-14B,fictional_b3,fictional,3,last,20,16,2,0.2916,0.3708,0.0792,-0.0376,42,18
Qwen/Qwen2.5-14B,fictional_b3,fictional,3,last,20,2,3,0.0305,0.0985,0.068,0.0084,42,18
Qwen/Qwen2.5-14B,fictional_b3,fictional,3,last,20,3,3,0.0438,0.2206,0.1769,-0.0223,42,18
Qwen/Qwen2.5-14B,fictional_b3,fictional,3,last,20,5,3,0.0738,0.2747,0.2009,-0.0245,42,18
Qwen/Qwen2.5-14B,fictional_b3,fictional,3,last,20,8,3,0.1587,0.2686,0.1098,-0.0511,42,18
Qwen/Qwen2.5-14B,fictional_b3,fictional,3,last,20,16,3,0.2899,0.4139,0.124,-0.0659,42,18
Qwen/Qwen2.5-14B,fictional_b3,fictional,3,last,20,2,4,0.0414,0.1561,0.1146,-0.0004,42,18
Qwen/Qwen2.5-14B,fictional_b3,fictional,3,last,20,3,4,0.063,0.2224,0.1594,-0.0289,42,18
Qwen/Qwen2.5-14B,fictional_b3,fictional,3,last,20,5,4,0.1706,0.2731,0.1025,-0.066,42,18
Qwen/Qwen2.5-14B,fictional_b3,fictional,3,last,20,8,4,0.2104,0.3123,0.1019,-0.0568,42,18
Qwen/Qwen2.5-14B,fictional_b3,fictional,3,last,20,16,4,0.284,0.4315,0.1475,-0.0559,42,18
Qwen/Qwen2.5-14B,fictional_b3,fictional,3,last,20,2,5,0.0526,0.1308,0.0782,0.0222,42,18
Qwen/Qwen2.5-14B,fictional_b3,fictional,3,last,20,3,5,0.0332,0.2088,0.1756,0.0063,42,18
Qwen/Qwen2.5-14B,fictional_b3,fictional,3,last,20,5,5,0.0776,0.2659,0.1882,0.0061,42,18
Qwen/Qwen2.5-14B,fictional_b3,fictional,3,last,20,8,5,0.1521,0.3297,0.1776,0.0242,42,18
Qwen/Qwen2.5-14B,fictional_b3,fictional,3,last,20,16,5,0.2852,0.3353,0.0501,0.045,42,18
Qwen/Qwen2.5-14B,fictional_b3,fictional,3,last,24,2,0,0.0228,0.1214,0.0986,-0.0613,42,18
Qwen/Qwen2.5-14B,fictional_b3,fictional,3,last,24,3,0,0.0135,0.1332,0.1197,-0.0505,42,18
Qwen/Qwen2.5-14B,fictional_b3,fictional,3,last,24,5,0,0.0653,0.263,0.1977,-0.0695,42,18
Qwen/Qwen2.5-14B,fictional_b3,fictional,3,last,24,8,0,0.1249,0.3056,0.1806,-0.1017,42,18
Qwen/Qwen2.5-14B,fictional_b3,fictional,3,last,24,16,0,0.2839,0.3644,0.0805,-0.0807,42,18
Qwen/Qwen2.5-14B,fictional_b3,fictional,3,last,24,2,1,0.062,0.0892,0.0272,0.0306,42,18
Qwen/Qwen2.5-14B,fictional_b3,fictional,3,last,24,3,1,0.0731,0.1204,0.0473,-0.0168,42,18
Qwen/Qwen2.5-14B,fictional_b3,fictional,3,last,24,5,1,0.1384,0.2915,0.1531,-0.0291,42,18
Qwen/Qwen2.5-14B,fictional_b3,fictional,3,last,24,8,1,0.1741,0.2315,0.0574,-0.0215,42,18
Qwen/Qwen2.5-14B,fictional_b3,fictional,3,last,24,16,1,0.2752,0.3509,0.0757,-0.0437,42,18
Qwen/Qwen2.5-14B,fictional_b3,fictional,3,last,24,2,2,0.009,0.0433,0.0343,0.0374,42,18
Qwen/Qwen2.5-14B,fictional_b3,fictional,3,last,24,3,2,0.0351,0.1951,0.16,0.001,42,18
Qwen/Qwen2.5-14B,fictional_b3,fictional,3,last,24,5,2,0.0523,0.216,0.1637,-0.004,42,18
Qwen/Qwen2.5-14B,fictional_b3,fictional,3,last,24,8,2,0.1283,0.312,0.1837,0.0133,42,18
Qwen/Qwen2.5-14B,fictional_b3,fictional,3,last,24,16,2,0.2744,0.3115,0.0371,-0.0088,42,18
Qwen/Qwen2.5-14B,fictional_b3,fictional,3,last,24,2,3,0.0122,0.1087,0.0965,-0.0349,42,18
Qwen/Qwen2.5-14B,fictional_b3,fictional,3,last,24,3,3,0.0364,0.173,0.1366,-0.0623,42,18
Qwen/Qwen2.5-14B,fictional_b3,fictional,3,last,24,5,3,0.0915,0.2515,0.16,-0.0432,42,18
Qwen/Qwen2.5-14B,fictional_b3,fictional,3,last,24,8,3,0.1632,0.2697,0.1066,-0.0394,42,18
Qwen/Qwen2.5-14B,fictional_b3,fictional,3,last,24,16,3,0.2799,0.3709,0.091,-0.0603,42,18
Qwen/Qwen2.5-14B,fictional_b3,fictional,3,last,24,2,4,0.0628,0.1391,0.0763,0.0287,42,18
Qwen/Qwen2.5-14B,fictional_b3,fictional,3,last,24,3,4,0.0838,0.218,0.1342,-0.0166,42,18
Qwen/Qwen2.5-14B,fictional_b3,fictional,3,last,24,5,4,0.1041,0.2781,0.174,-0.0393,42,18
Qwen/Qwen2.5-14B,fictional_b3,fictional,3,last,24,8,4,0.1953,0.2901,0.0948,-0.0348,42,18
Qwen/Qwen2.5-14B,fictional_b3,fictional,3,last,24,16,4,0.2732,0.2793,0.0061,-0.0351,42,18
Qwen/Qwen2.5-14B,fictional_b3,fictional,3,last,24,2,5,0.0941,0.1197,0.0256,-0.0034,42,18
Qwen/Qwen2.5-14B,fictional_b3,fictional,3,last,24,3,5,0.0724,0.2141,0.1417,-0.0159,42,18
Qwen/Qwen2.5-14B,fictional_b3,fictional,3,last,24,5,5,0.1213,0.2684,0.1471,0.004,42,18
Qwen/Qwen2.5-14B,fictional_b3,fictional,3,last,24,8,5,0.162,0.271,0.1091,-0.0161,42,18
Qwen/Qwen2.5-14B,fictional_b3,fictional,3,last,24,16,5,0.2518,0.3486,0.0968,0.0025,42,18
Qwen/Qwen2.5-14B,fictional_b3,fictional,3,last,28,2,0,0.0171,0.0376,0.0206,-0.0133,42,18
Qwen/Qwen2.5-14B,fictional_b3,fictional,3,last,28,3,0,0.0559,0.1927,0.1368,-0.0666,42,18
Qwen/Qwen2.5-14B,fictional_b3,fictional,3,last,28,5,0,0.0665,0.2529,0.1864,-0.0697,42,18
Qwen/Qwen2.5-14B,fictional_b3,fictional,3,last,28,8,0,0.1581,0.3239,0.1659,-0.0318,42,18
Qwen/Qwen2.5-14B,fictional_b3,fictional,3,last,28,16,0,0.2822,0.3677,0.0855,-0.0606,42,18
Qwen/Qwen2.5-14B,fictional_b3,fictional,3,last,28,2,1,0.0184,0.0846,0.0662,-0.038,42,18
Qwen/Qwen2.5-14B,fictional_b3,fictional,3,last,28,3,1,0.0496,0.194,0.1443,-0.031,42,18
Qwen/Qwen2.5-14B,fictional_b3,fictional,3,last,28,5,1,0.0732,0.2621,0.1889,-0.0202,42,18
Qwen/Qwen2.5-14B,fictional_b3,fictional,3,last,28,8,1,0.1296,0.3053,0.1756,-0.0282,42,18
Qwen/Qwen2.5-14B,fictional_b3,fictional,3,last,28,16,1,0.215,0.3592,0.1442,-0.0051,42,18
Qwen/Qwen2.5-14B,fictional_b3,fictional,3,last,28,2,2,-0.0068,0.0701,0.0768,-0.0195,42,18
Qwen/Qwen2.5-14B,fictional_b3,fictional,3,last,28,3,2,0.0041,0.1652,0.1611,-0.0219,42,18
Qwen/Qwen2.5-14B,fictional_b3,fictional,3,last,28,5,2,0.0406,0.2125,0.1719,-0.0029,42,18
Qwen/Qwen2.5-14B,fictional_b3,fictional,3,last,28,8,2,0.1354,0.2985,0.1631,-0.0136,42,18
Qwen/Qwen2.5-14B,fictional_b3,fictional,3,last,28,16,2,0.35,0.3644,0.0144,-0.0292,42,18
Qwen/Qwen2.5-14B,fictional_b3,fictional,3,last,28,2,3,0.0618,0.0714,0.0096,-0.0118,42,18
Qwen/Qwen2.5-14B,fictional_b3,fictional,3,last,28,3,3,0.0468,0.2007,0.154,-0.0391,42,18
Qwen/Qwen2.5-14B,fictional_b3,fictional,3,last,28,5,3,0.0822,0.2392,0.157,-0.0331,42,18
Qwen/Qwen2.5-14B,fictional_b3,fictional,3,last,28,8,3,0.1506,0.3024,0.1517,-0.0754,42,18
Qwen/Qwen2.5-14B,fictional_b3,fictional,3,last,28,16,3,0.2632,0.4018,0.1386,-0.0772,42,18
Qwen/Qwen2.5-14B,fictional_b3,fictional,3,last,28,2,4,0.0433,0.102,0.0587,0.0158,42,18
Qwen/Qwen2.5-14B,fictional_b3,fictional,3,last,28,3,4,0.0574,0.1893,0.1319,0.0118,42,18
Qwen/Qwen2.5-14B,fictional_b3,fictional,3,last,28,5,4,0.0835,0.229,0.1456,0.0064,42,18
Qwen/Qwen2.5-14B,fictional_b3,fictional,3,last,28,8,4,0.1638,0.2465,0.0827,-0.0198,42,18
Qwen/Qwen2.5-14B,fictional_b3,fictional,3,last,28,16,4,0.2848,0.2307,-0.0542,0.0168,42,18
Qwen/Qwen2.5-14B,fictional_b3,fictional,3,last,28,2,5,0.0319,0.1304,0.0984,0.02,42,18
Qwen/Qwen2.5-14B,fictional_b3,fictional,3,last,28,3,5,0.0527,0.1764,0.1237,0.0282,42,18
Qwen/Qwen2.5-14B,fictional_b3,fictional,3,last,28,5,5,0.0635,0.2329,0.1694,-0.0096,42,18
Qwen/Qwen2.5-14B,fictional_b3,fictional,3,last,28,8,5,0.1451,0.2873,0.1422,0.0162,42,18
Qwen/Qwen2.5-14B,fictional_b3,fictional,3,last,28,16,5,0.2621,0.2704,0.0082,0.0184,42,18
Qwen/Qwen2.5-14B,fictional_b3,fictional,3,last,32,2,0,0.0266,0.0852,0.0586,-0.0454,42,18
Qwen/Qwen2.5-14B,fictional_b3,fictional,3,last,32,3,0,0.0577,0.1994,0.1417,-0.0671,42,18
Qwen/Qwen2.5-14B,fictional_b3,fictional,3,last,32,5,0,0.1097,0.229,0.1192,-0.0333,42,18
Qwen/Qwen2.5-14B,fictional_b3,fictional,3,last,32,8,0,0.1533,0.1814,0.028,-0.051,42,18
Qwen/Qwen2.5-14B,fictional_b3,fictional,3,last,32,16,0,0.2648,0.339,0.0742,-0.0728,42,18
Qwen/Qwen2.5-14B,fictional_b3,fictional,3,last,32,2,1,0.0406,0.0894,0.0488,0.0236,42,18
Qwen/Qwen2.5-14B,fictional_b3,fictional,3,last,32,3,1,0.0726,0.1701,0.0975,-0.0456,42,18
Qwen/Qwen2.5-14B,fictional_b3,fictional,3,last,32,5,1,0.0899,0.2522,0.1623,-0.0369,42,18
Qwen/Qwen2.5-14B,fictional_b3,fictional,3,last,32,8,1,0.1752,0.2874,0.1122,-0.0028,42,18
Qwen/Qwen2.5-14B,fictional_b3,fictional,3,last,32,16,1,0.2769,0.274,-0.003,0.0089,42,18
Qwen/Qwen2.5-14B,fictional_b3,fictional,3,last,32,2,2,0.0466,0.1373,0.0907,-0.0052,42,18
Qwen/Qwen2.5-14B,fictional_b3,fictional,3,last,32,3,2,0.0701,0.2249,0.1548,-0.0123,42,18
Qwen/Qwen2.5-14B,fictional_b3,fictional,3,last,32,5,2,0.0977,0.2726,0.1749,-0.0354,42,18
Qwen/Qwen2.5-14B,fictional_b3,fictional,3,last,32,8,2,0.1603,0.185,0.0247,0.0056,42,18
Qwen/Qwen2.5-14B,fictional_b3,fictional,3,last,32,16,2,0.283,0.3529,0.07,-0.0439,42,18
Qwen/Qwen2.5-14B,fictional_b3,fictional,3,last,32,2,3,0.0421,0.1343,0.0922,0.0133,42,18
Qwen/Qwen2.5-14B,fictional_b3,fictional,3,last,32,3,3,0.0401,0.1693,0.1292,-0.0279,42,18
Qwen/Qwen2.5-14B,fictional_b3,fictional,3,last,32,5,3,0.0772,0.2545,0.1773,-0.0465,42,18
Qwen/Qwen2.5-14B,fictional_b3,fictional,3,last,32,8,3,0.1105,0.2894,0.1789,-0.0459,42,18
Qwen/Qwen2.5-14B,fictional_b3,fictional,3,last,32,16,3,0.2514,0.3837,0.1323,-0.0735,42,18
Qwen/Qwen2.5-14B,fictional_b3,fictional,3,last,32,2,4,0.0393,0.0947,0.0554,0.0452,42,18
Qwen/Qwen2.5-14B,fictional_b3,fictional,3,last,32,3,4,0.0552,0.1813,0.1261,0.0263,42,18
Qwen/Qwen2.5-14B,fictional_b3,fictional,3,last,32,5,4,0.1103,0.2443,0.134,-0.0275,42,18
Qwen/Qwen2.5-14B,fictional_b3,fictional,3,last,32,8,4,0.1918,0.2932,0.1014,-0.0223,42,18
Qwen/Qwen2.5-14B,fictional_b3,fictional,3,last,32,16,4,0.2639,0.3385,0.0746,-0.0531,42,18
Qwen/Qwen2.5-14B,fictional_b3,fictional,3,last,32,2,5,-0.0021,0.0923,0.0943,0.0328,42,18
Qwen/Qwen2.5-14B,fictional_b3,fictional,3,last,32,3,5,0.0401,0.178,0.1379,-0.0001,42,18
Qwen/Qwen2.5-14B,fictional_b3,fictional,3,last,32,5,5,0.0779,0.2638,0.1859,0.0577,42,18
Qwen/Qwen2.5-14B,fictional_b3,fictional,3,last,32,8,5,0.1769,0.2623,0.0853,0.0289,42,18
Qwen/Qwen2.5-14B,fictional_b3,fictional,3,last,32,16,5,0.2538,0.3787,0.1249,-0.0059,42,18
Qwen/Qwen2.5-14B,fictional_b3,fictional,3,last,36,2,0,0.0231,0.0441,0.0209,0.0169,42,18
Qwen/Qwen2.5-14B,fictional_b3,fictional,3,last,36,3,0,0.0794,0.1156,0.0362,0.0323,42,18
Qwen/Qwen2.5-14B,fictional_b3,fictional,3,last,36,5,0,0.0554,0.2238,0.1684,-0.014,42,18
Qwen/Qwen2.5-14B,fictional_b3,fictional,3,last,36,8,0,0.1545,0.2407,0.0863,-0.0223,42,18
Qwen/Qwen2.5-14B,fictional_b3,fictional,3,last,36,16,0,0.291,0.3307,0.0397,-0.0542,42,18
Qwen/Qwen2.5-14B,fictional_b3,fictional,3,last,36,2,1,0.0207,0.1245,0.1038,-0.0095,42,18
Qwen/Qwen2.5-14B,fictional_b3,fictional,3,last,36,3,1,0.052,0.1889,0.1368,-0.0221,42,18
Qwen/Qwen2.5-14B,fictional_b3,fictional,3,last,36,5,1,0.1001,0.2546,0.1545,-0.0024,42,18
Qwen/Qwen2.5-14B,fictional_b3,fictional,3,last,36,8,1,0.1598,0.3355,0.1756,0.0051,42,18
Qwen/Qwen2.5-14B,fictional_b3,fictional,3,last,36,16,1,0.2644,0.2833,0.0189,0.009,42,18
Qwen/Qwen2.5-14B,fictional_b3,fictional,3,last,36,2,2,0.0777,0.1,0.0222,-0.0058,42,18
Qwen/Qwen2.5-14B,fictional_b3,fictional,3,last,36,3,2,0.0701,0.1854,0.1154,-0.0153,42,18
Qwen/Qwen2.5-14B,fictional_b3,fictional,3,last,36,5,2,0.1384,0.2255,0.0871,-0.0219,42,18
Qwen/Qwen2.5-14B,fictional_b3,fictional,3,last,36,8,2,0.1872,0.3087,0.1215,-0.036,42,18
Qwen/Qwen2.5-14B,fictional_b3,fictional,3,last,36,16,2,0.2564,0.3284,0.072,0.0174,42,18
Qwen/Qwen2.5-14B,fictional_b3,fictional,3,last,36,2,3,0.0438,0.0645,0.0206,0.0346,42,18
Qwen/Qwen2.5-14B,fictional_b3,fictional,3,last,36,3,3,0.036,0.1644,0.1284,-0.0248,42,18
Qwen/Qwen2.5-14B,fictional_b3,fictional,3,last,36,5,3,0.0522,0.2133,0.1611,-0.0025,42,18
Qwen/Qwen2.5-14B,fictional_b3,fictional,3,last,36,8,3,0.1662,0.2558,0.0897,-0.0356,42,18
Qwen/Qwen2.5-14B,fictional_b3,fictional,3,last,36,16,3,0.3005,0.31,0.0096,-0.0095,42,18
Qwen/Qwen2.5-14B,fictional_b3,fictional,3,last,36,2,4,0.0373,0.1162,0.079,-0.0026,42,18
Qwen/Qwen2.5-14B,fictional_b3,fictional,3,last,36,3,4,0.0205,0.1941,0.1736,-0.003,42,18
Qwen/Qwen2.5-14B,fictional_b3,fictional,3,last,36,5,4,0.119,0.2241,0.1051,-0.0274,42,18
Qwen/Qwen2.5-14B,fictional_b3,fictional,3,last,36,8,4,0.1396,0.279,0.1394,-0.0501,42,18
Qwen/Qwen2.5-14B,fictional_b3,fictional,3,last,36,16,4,0.2729,0.1823,-0.0906,-0.0825,42,18
Qwen/Qwen2.5-14B,fictional_b3,fictional,3,last,36,2,5,0.0085,0.1513,0.1428,-0.044,42,18
Qwen/Qwen2.5-14B,fictional_b3,fictional,3,last,36,3,5,0.0588,0.1729,0.1141,0.0168,42,18
Qwen/Qwen2.5-14B,fictional_b3,fictional,3,last,36,5,5,0.079,0.2831,0.2041,0.0371,42,18
Qwen/Qwen2.5-14B,fictional_b3,fictional,3,last,36,8,5,0.1614,0.1812,0.0198,0.0029,42,18
Qwen/Qwen2.5-14B,fictional_b3,fictional,3,last,36,16,5,0.2293,0.2786,0.0493,0.0365,42,18
Qwen/Qwen2.5-14B,fictional_b3,fictional,3,last,40,2,0,0.0524,0.1526,0.1002,-0.0195,42,18
Qwen/Qwen2.5-14B,fictional_b3,fictional,3,last,40,3,0,0.0234,0.1878,0.1645,-0.0378,42,18
Qwen/Qwen2.5-14B,fictional_b3,fictional,3,last,40,5,0,0.1292,0.2302,0.101,-0.0498,42,18
Qwen/Qwen2.5-14B,fictional_b3,fictional,3,last,40,8,0,0.1635,0.2323,0.0689,-0.0393,42,18
Qwen/Qwen2.5-14B,fictional_b3,fictional,3,last,40,16,0,0.299,0.1407,-0.1583,-0.0121,42,18
Qwen/Qwen2.5-14B,fictional_b3,fictional,3,last,40,2,1,0.0241,0.0435,0.0194,0.0158,42,18
Qwen/Qwen2.5-14B,fictional_b3,fictional,3,last,40,3,1,0.0378,0.1607,0.1229,0.0058,42,18
Qwen/Qwen2.5-14B,fictional_b3,fictional,3,last,40,5,1,0.0727,0.286,0.2132,0.035,42,18
Qwen/Qwen2.5-14B,fictional_b3,fictional,3,last,40,8,1,0.1946,0.2516,0.057,0.0077,42,18
Qwen/Qwen2.5-14B,fictional_b3,fictional,3,last,40,16,1,0.2701,0.138,-0.1321,0.0205,42,18
Qwen/Qwen2.5-14B,fictional_b3,fictional,3,last,40,2,2,0.0456,0.1361,0.0905,-0.0036,42,18
Qwen/Qwen2.5-14B,fictional_b3,fictional,3,last,40,3,2,0.0408,0.2056,0.1648,0.0186,42,18
Qwen/Qwen2.5-14B,fictional_b3,fictional,3,last,40,5,2,0.098,0.2551,0.1571,-0.0291,42,18
Qwen/Qwen2.5-14B,fictional_b3,fictional,3,last,40,8,2,0.1628,0.3576,0.1949,-0.0184,42,18
Qwen/Qwen2.5-14B,fictional_b3,fictional,3,last,40,16,2,0.2897,0.3077,0.0179,-0.0488,42,18
Qwen/Qwen2.5-14B,fictional_b3,fictional,3,last,40,2,3,0.053,0.1026,0.0496,-0.0046,42,18
Qwen/Qwen2.5-14B,fictional_b3,fictional,3,last,40,3,3,0.0191,0.2113,0.1922,-0.0238,42,18
Qwen/Qwen2.5-14B,fictional_b3,fictional,3,last,40,5,3,0.1062,0.2158,0.1096,-0.0083,42,18
Qwen/Qwen2.5-14B,fictional_b3,fictional,3,last,40,8,3,0.1166,0.2794,0.1628,-0.0373,42,18
Qwen/Qwen2.5-14B,fictional_b3,fictional,3,last,40,16,3,0.2714,0.3854,0.114,-0.0087,42,18
Qwen/Qwen2.5-14B,fictional_b3,fictional,3,last,40,2,4,0.0336,0.097,0.0634,0.0149,42,18
Qwen/Qwen2.5-14B,fictional_b3,fictional,3,last,40,3,4,0.0983,0.1737,0.0754,-0.0719,42,18
Qwen/Qwen2.5-14B,fictional_b3,fictional,3,last,40,5,4,0.1204,0.2237,0.1033,-0.0133,42,18
Qwen/Qwen2.5-14B,fictional_b3,fictional,3,last,40,8,4,0.2046,0.2413,0.0367,-0.0374,42,18
Qwen/Qwen2.5-14B,fictional_b3,fictional,3,last,40,16,4,0.3008,0.2861,-0.0147,-0.0256,42,18
Qwen/Qwen2.5-14B,fictional_b3,fictional,3,last,40,2,5,0.0527,0.0944,0.0417,-0.0138,42,18
Qwen/Qwen2.5-14B,fictional_b3,fictional,3,last,40,3,5,0.0372,0.1682,0.1311,-0.0098,42,18
Qwen/Qwen2.5-14B,fictional_b3,fictional,3,last,40,5,5,0.1268,0.2355,0.1087,-0.0245,42,18
Qwen/Qwen2.5-14B,fictional_b3,fictional,3,last,40,8,5,0.1466,0.2867,0.1401,-0.0445,42,18
Qwen/Qwen2.5-14B,fictional_b3,fictional,3,last,40,16,5,0.2607,0.2506,-0.0101,0.0061,42,18
Qwen/Qwen2.5-14B,fictional_b3,fictional,3,last,44,2,0,0.0848,0.1079,0.0232,0.0112,42,18
Qwen/Qwen2.5-14B,fictional_b3,fictional,3,last,44,3,0,-0.0192,0.1973,0.2165,-0.0084,42,18
Qwen/Qwen2.5-14B,fictional_b3,fictional,3,last,44,5,0,0.1384,0.2471,0.1087,-0.0284,42,18
Qwen/Qwen2.5-14B,fictional_b3,fictional,3,last,44,8,0,0.1975,0.2836,0.0861,-0.0366,42,18
Qwen/Qwen2.5-14B,fictional_b3,fictional,3,last,44,16,0,0.2725,0.1157,-0.1569,-0.0012,42,18
Qwen/Qwen2.5-14B,fictional_b3,fictional,3,last,44,2,1,0.0818,0.1429,0.0611,-0.0091,42,18
Qwen/Qwen2.5-14B,fictional_b3,fictional,3,last,44,3,1,0.0875,0.1538,0.0663,-0.0623,42,18
Qwen/Qwen2.5-14B,fictional_b3,fictional,3,last,44,5,1,0.0643,0.2327,0.1685,-0.0382,42,18
Qwen/Qwen2.5-14B,fictional_b3,fictional,3,last,44,8,1,0.1556,0.2075,0.0519,-0.0072,42,18
Qwen/Qwen2.5-14B,fictional_b3,fictional,3,last,44,16,1,0.3094,0.241,-0.0684,-0.0017,42,18
Qwen/Qwen2.5-14B,fictional_b3,fictional,3,last,44,2,2,-0.049,0.0856,0.1346,-0.0234,42,18
Qwen/Qwen2.5-14B,fictional_b3,fictional,3,last,44,3,2,0.0361,0.1787,0.1427,0.0254,42,18
Qwen/Qwen2.5-14B,fictional_b3,fictional,3,last,44,5,2,0.0896,0.2785,0.1889,-0.0199,42,18
Qwen/Qwen2.5-14B,fictional_b3,fictional,3,last,44,8,2,0.1582,0.2963,0.1381,0.0007,42,18
Qwen/Qwen2.5-14B,fictional_b3,fictional,3,last,44,16,2,0.279,0.3948,0.1158,-0.0147,42,18
Qwen/Qwen2.5-14B,fictional_b3,fictional,3,last,44,2,3,0.0355,0.0615,0.026,-0.0015,42,18
Qwen/Qwen2.5-14B,fictional_b3,fictional,3,last,44,3,3,0.0479,0.1841,0.1362,-0.0193,42,18
Qwen/Qwen2.5-14B,fictional_b3,fictional,3,last,44,5,3,0.1122,0.2429,0.1307,-0.0718,42,18
Qwen/Qwen2.5-14B,fictional_b3,fictional,3,last,44,8,3,0.1661,0.2637,0.0976,0.012,42,18
Qwen/Qwen2.5-14B,fictional_b3,fictional,3,last,44,16,3,0.285,0.3559,0.071,-0.0088,42,18
Qwen/Qwen2.5-14B,fictional_b3,fictional,3,last,44,2,4,0.0723,0.1388,0.0664,-0.0188,42,18
Qwen/Qwen2.5-14B,fictional_b3,fictional,3,last,44,3,4,0.0866,0.1694,0.0828,0.0293,42,18
Qwen/Qwen2.5-14B,fictional_b3,fictional,3,last,44,5,4,0.0867,0.2576,0.1709,-0.0002,42,18
Qwen/Qwen2.5-14B,fictional_b3,fictional,3,last,44,8,4,0.1761,0.2909,0.1149,-0.0061,42,18
Qwen/Qwen2.5-14B,fictional_b3,fictional,3,last,44,16,4,0.2654,0.1968,-0.0686,0.0671,42,18
Qwen/Qwen2.5-14B,fictional_b3,fictional,3,last,44,2,5,0.0534,0.1461,0.0927,0.0519,42,18
Qwen/Qwen2.5-14B,fictional_b3,fictional,3,last,44,3,5,0.0239,0.2174,0.1935,0.0085,42,18
Qwen/Qwen2.5-14B,fictional_b3,fictional,3,last,44,5,5,0.0811,0.2525,0.1714,0.0043,42,18
Qwen/Qwen2.5-14B,fictional_b3,fictional,3,last,44,8,5,0.1872,0.3085,0.1214,-0.018,42,18
Qwen/Qwen2.5-14B,fictional_b3,fictional,3,last,44,16,5,0.3005,0.2513,-0.0491,-0.0248,42,18
Qwen/Qwen2.5-14B,fictional_b3,fictional,3,last,48,2,0,0.0232,0.077,0.0538,-0.0352,42,18
Qwen/Qwen2.5-14B,fictional_b3,fictional,3,last,48,3,0,0.0782,0.1568,0.0787,-0.0526,42,18
Qwen/Qwen2.5-14B,fictional_b3,fictional,3,last,48,5,0,0.1303,0.207,0.0767,-0.0126,42,18
Qwen/Qwen2.5-14B,fictional_b3,fictional,3,last,48,8,0,0.144,0.2151,0.0711,-0.0365,42,18
Qwen/Qwen2.5-14B,fictional_b3,fictional,3,last,48,16,0,0.2591,0.2313,-0.0278,-0.0047,42,18
Qwen/Qwen2.5-14B,fictional_b3,fictional,3,last,48,2,1,0.0102,0.0966,0.0864,-0.0511,42,18
Qwen/Qwen2.5-14B,fictional_b3,fictional,3,last,48,3,1,0.0244,0.1523,0.1279,-0.0393,42,18
Qwen/Qwen2.5-14B,fictional_b3,fictional,3,last,48,5,1,0.1105,0.1817,0.0713,0.0379,42,18
Qwen/Qwen2.5-14B,fictional_b3,fictional,3,last,48,8,1,0.1317,0.2337,0.1021,-0.0194,42,18
Qwen/Qwen2.5-14B,fictional_b3,fictional,3,last,48,16,1,0.2518,0.2364,-0.0154,-0.0102,42,18
Qwen/Qwen2.5-14B,fictional_b3,fictional,3,last,48,2,2,0.0013,0.0399,0.0386,-0.0275,42,18
Qwen/Qwen2.5-14B,fictional_b3,fictional,3,last,48,3,2,0.062,0.1877,0.1257,-0.0269,42,18
Qwen/Qwen2.5-14B,fictional_b3,fictional,3,last,48,5,2,0.0624,0.2259,0.1636,-0.0044,42,18
Qwen/Qwen2.5-14B,fictional_b3,fictional,3,last,48,8,2,0.1845,0.2598,0.0753,-0.0165,42,18
Qwen/Qwen2.5-14B,fictional_b3,fictional,3,last,48,16,2,0.2527,0.0964,-0.1563,-0.0381,42,18
Qwen/Qwen2.5-14B,fictional_b3,fictional,3,last,48,2,3,0.0473,0.0812,0.0339,0.0154,42,18
Qwen/Qwen2.5-14B,fictional_b3,fictional,3,last,48,3,3,0.0213,0.1587,0.1375,-0.0246,42,18
Qwen/Qwen2.5-14B,fictional_b3,fictional,3,last,48,5,3,0.1065,0.1907,0.0842,-0.0534,42,18
Qwen/Qwen2.5-14B,fictional_b3,fictional,3,last,48,8,3,0.1977,0.2026,0.0049,0.0169,42,18
Qwen/Qwen2.5-14B,fictional_b3,fictional,3,last,48,16,3,0.2761,0.2889,0.0128,0.006,42,18
Qwen/Qwen2.5-14B,fictional_b3,fictional,3,last,48,2,4,0.0506,0.0785,0.0279,-0.012,42,18
Qwen/Qwen2.5-14B,fictional_b3,fictional,3,last,48,3,4,0.0777,0.1878,0.1101,-0.0268,42,18
Qwen/Qwen2.5-14B,fictional_b3,fictional,3,last,48,5,4,0.1152,0.2147,0.0994,-0.0032,42,18
Qwen/Qwen2.5-14B,fictional_b3,fictional,3,last,48,8,4,0.1507,0.2077,0.057,-0.0472,42,18
Qwen/Qwen2.5-14B,fictional_b3,fictional,3,last,48,16,4,0.2291,0.2933,0.0642,-0.0913,42,18
Qwen/Qwen2.5-14B,fictional_b3,fictional,3,last,48,2,5,0.0528,0.1446,0.0918,-0.0295,42,18
Qwen/Qwen2.5-14B,fictional_b3,fictional,3,last,48,3,5,0.0147,0.1495,0.1348,0.0273,42,18
Qwen/Qwen2.5-14B,fictional_b3,fictional,3,last,48,5,5,0.0665,0.2222,0.1557,-0.0576,42,18
Qwen/Qwen2.5-14B,fictional_b3,fictional,3,last,48,8,5,0.1874,0.1921,0.0047,-0.0194,42,18
Qwen/Qwen2.5-14B,fictional_b3,fictional,3,last,48,16,5,0.2475,0.2512,0.0037,-0.0124,42,18
Qwen/Qwen2.5-14B,real_b2,real,2,premise,0,2,0,0.3257,0.6465,0.3208,-0.0525,42,18
Qwen/Qwen2.5-14B,real_b2,real,2,premise,0,3,0,0.5641,0.9206,0.3565,-0.0587,42,18
Qwen/Qwen2.5-14B,real_b2,real,2,premise,0,5,0,0.851,0.9284,0.0774,-0.0621,42,18
Qwen/Qwen2.5-14B,real_b2,real,2,premise,0,8,0,0.9207,0.9286,0.008,-0.0584,42,18
Qwen/Qwen2.5-14B,real_b2,real,2,premise,0,16,0,0.9325,0.9285,-0.004,-0.0604,42,18
Qwen/Qwen2.5-14B,real_b2,real,2,premise,0,2,1,0.363,0.659,0.2959,-0.018,42,18
Qwen/Qwen2.5-14B,real_b2,real,2,premise,0,3,1,0.6118,0.901,0.2892,0.0043,42,18
Qwen/Qwen2.5-14B,real_b2,real,2,premise,0,5,1,0.8152,0.922,0.1068,0.0216,42,18
Qwen/Qwen2.5-14B,real_b2,real,2,premise,0,8,1,0.913,0.9235,0.0105,0.0142,42,18
Qwen/Qwen2.5-14B,real_b2,real,2,premise,0,16,1,0.9326,0.9262,-0.0063,0.0246,42,18
Qwen/Qwen2.5-14B,real_b2,real,2,premise,0,2,2,0.4965,0.6866,0.1901,-0.0103,42,18
Qwen/Qwen2.5-14B,real_b2,real,2,premise,0,3,2,0.6127,0.9195,0.3068,-0.0079,42,18
Qwen/Qwen2.5-14B,real_b2,real,2,premise,0,5,2,0.8606,0.9264,0.0658,0.0119,42,18
Qwen/Qwen2.5-14B,real_b2,real,2,premise,0,8,2,0.9241,0.9256,0.0015,-0.0014,42,18
Qwen/Qwen2.5-14B,real_b2,real,2,premise,0,16,2,0.9329,0.9234,-0.0096,0.0018,42,18
Qwen/Qwen2.5-14B,real_b2,real,2,premise,0,2,3,0.4664,0.6826,0.2162,-0.0246,42,18
Qwen/Qwen2.5-14B,real_b2,real,2,premise,0,3,3,0.6239,0.9199,0.2961,-0.0392,42,18
Qwen/Qwen2.5-14B,real_b2,real,2,premise,0,5,3,0.8218,0.9261,0.1043,-0.0422,42,18
Qwen/Qwen2.5-14B,real_b2,real,2,premise,0,8,3,0.9152,0.9247,0.0095,-0.0423,42,18
Qwen/Qwen2.5-14B,real_b2,real,2,premise,0,16,3,0.9319,0.9281,-0.0038,-0.0419,42,18
Qwen/Qwen2.5-14B,real_b2,real,2,premise,0,2,4,0.3107,0.7757,0.465,-0.0198,42,18
Qwen/Qwen2.5-14B,real_b2,real,2,premise,0,3,4,0.5507,0.9208,0.37,-0.0285,42,18
Qwen/Qwen2.5-14B,real_b2,real,2,premise,0,5,4,0.8556,0.9263,0.0707,-0.0307,42,18
Qwen/Qwen2.5-14B,real_b2,real,2,premise,0,8,4,0.9302,0.9273,-0.0028,-0.0327,42,18
Qwen/Qwen2.5-14B,real_b2,real,2,premise,0,16,4,0.9291,0.9292,0.0001,-0.0379,42,18
Qwen/Qwen2.5-14B,real_b2,real,2,premise,0,2,5,0.4149,0.6718,0.2569,-0.0205,42,18
Qwen/Qwen2.5-14B,real_b2,real,2,premise,0,3,5,0.5661,0.9196,0.3535,-0.0125,42,18
Qwen/Qwen2.5-14B,real_b2,real,2,premise,0,5,5,0.8513,0.9247,0.0734,-0.0073,42,18
Qwen/Qwen2.5-14B,real_b2,real,2,premise,0,8,5,0.9215,0.9265,0.005,-0.0179,42,18
Qwen/Qwen2.5-14B,real_b2,real,2,premise,0,16,5,0.9329,0.925,-0.0078,-0.0172,42,18
Qwen/Qwen2.5-14B,real_b2,real,2,premise,4,2,0,0.4953,0.6677,0.1724,-0.0756,42,18
Qwen/Qwen2.5-14B,real_b2,real,2,premise,4,3,0,0.6715,0.8992,0.2277,-0.0629,42,18
Qwen/Qwen2.5-14B,real_b2,real,2,premise,4,5,0,0.8479,0.9249,0.0771,-0.076,42,18
Qwen/Qwen2.5-14B,real_b2,real,2,premise,4,8,0,0.9106,0.921,0.0104,-0.078,42,18
Qwen/Qwen2.5-14B,real_b2,real,2,premise,4,16,0,0.9235,0.9195,-0.004,-0.0702,42,18
Qwen/Qwen2.5-14B,real_b2,real,2,premise,4,2,1,0.5403,0.7438,0.2035,-0.0053,42,18
Qwen/Qwen2.5-14B,real_b2,real,2,premise,4,3,1,0.583,0.9083,0.3253,0.0173,42,18
Qwen/Qwen2.5-14B,real_b2,real,2,premise,4,5,1,0.8453,0.9162,0.0709,0.0071,42,18
Qwen/Qwen2.5-14B,real_b2,real,2,premise,4,8,1,0.9121,0.915,0.0029,0.0132,42,18
Qwen/Qwen2.5-14B,real_b2,real,2,premise,4,16,1,0.924,0.9184,-0.0055,0.0181,42,18
Qwen/Qwen2.5-14B,real_b2,real,2,premise,4,2,2,0.6653,0.7478,0.0825,-0.0143,42,18
Qwen/Qwen2.5-14B,real_b2,real,2,premise,4,3,2,0.6629,0.9092,0.2462,-0.0081,42,18
Qwen/Qwen2.5-14B,real_b2,real,2,premise,4,5,2,0.8582,0.9228,0.0646,0.0051,42,18
Qwen/Qwen2.5-14B,real_b2,real,2,premise,4,8,2,0.9187,0.9211,0.0024,-0.0002,42,18
Qwen/Qwen2.5-14B,real_b2,real,2,premise,4,16,2,0.9259,0.9228,-0.0031,-0.0028,42,18
Qwen/Qwen2.5-14B,real_b2,real,2,premise,4,2,3,0.4612,0.5721,0.1109,-0.0358,42,18
Qwen/Qwen2.5-14B,real_b2,real,2,premise,4,3,3,0.5318,0.9182,0.3864,-0.0549,42,18
Qwen/Qwen2.5-14B,real_b2,real,2,premise,4,5,3,0.8691,0.9237,0.0546,-0.0652,42,18
Qwen/Qwen2.5-14B,real_b2,real,2,premise,4,8,3,0.9255,0.9266,0.0011,-0.058,42,18
Qwen/Qwen2.5-14B,real_b2,real,2,premise,4,16,3,0.9259,0.9257,-0.0002,-0.0599,42,18
Qwen/Qwen2.5-14B,real_b2,real,2,premise,4,2,4,0.5646,0.7806,0.2161,-0.0402,42,18
Qwen/Qwen2.5-14B,real_b2,real,2,premise,4,3,4,0.5744,0.9122,0.3378,-0.0402,42,18
Qwen/Qwen2.5-14B,real_b2,real,2,premise,4,5,4,0.8517,0.9262,0.0746,-0.0372,42,18
Qwen/Qwen2.5-14B,real_b2,real,2,premise,4,8,4,0.9236,0.9276,0.004,-0.0402,42,18
Qwen/Qwen2.5-14B,real_b2,real,2,premise,4,16,4,0.9268,0.9266,-0.0003,-0.0477,42,18
Qwen/Qwen2.5-14B,real_b2,real,2,premise,4,2,5,0.6242,0.7461,0.1219,-0.0368,42,18
Qwen/Qwen2.5-14B,real_b2,real,2,premise,4,3,5,0.664,0.9062,0.2422,-0.0233,42,18
Qwen/Qwen2.5-14B,real_b2,real,2,premise,4,5,5,0.8547,0.9223,0.0676,-0.0251,42,18
Qwen/Qwen2.5-14B,real_b2,real,2,premise,4,8,5,0.9216,0.9231,0.0015,-0.029,42,18
Qwen/Qwen2.5-14B,real_b2,real,2,premise,4,16,5,0.9307,0.9264,-0.0043,-0.0351,42,18
Qwen/Qwen2.5-14B,real_b2,real,2,premise,8,2,0,0.5526,0.7379,0.1853,-0.0375,42,18
Qwen/Qwen2.5-14B,real_b2,real,2,premise,8,3,0,0.6384,0.9117,0.2733,-0.0727,42,18
Qwen/Qwen2.5-14B,real_b2,real,2,premise,8,5,0,0.8503,0.9246,0.0743,-0.075,42,18
Qwen/Qwen2.5-14B,real_b2,real,2,premise,8,8,0,0.9118,0.924,0.0122,-0.078,42,18
Qwen/Qwen2.5-14B,real_b2,real,2,premise,8,16,0,0.926,0.9215,-0.0045,-0.0748,42,18
Qwen/Qwen2.5-14B,real_b2,real,2,premise,8,2,1,0.5862,0.729,0.1428,0.0273,42,18
Qwen/Qwen2.5-14B,real_b2,real,2,premise,8,3,1,0.6073,0.9039,0.2966,0.0055,42,18
Qwen/Qwen2.5-14B,real_b2,real,2,premise,8,5,1,0.863,0.9245,0.0615,0.0102,42,18
Qwen/Qwen2.5-14B,real_b2,real,2,premise,8,8,1,0.9094,0.9188,0.0095,0.0109,42,18
Qwen/Qwen2.5-14B,real_b2,real,2,premise,8,16,1,0.9248,0.9195,-0.0053,0.0102,42,18
Qwen/Qwen2.5-14B,real_b2,real,2,premise,8,2,2,0.573,0.7492,0.1762,0.0021,42,18
Qwen/Qwen2.5-14B,real_b2,real,2,premise,8,3,2,0.5756,0.9117,0.3362,0.0014,42,18
Qwen/Qwen2.5-14B,real_b2,real,2,premise,8,5,2,0.8415,0.9189,0.0774,-0.0111,42,18
Qwen/Qwen2.5-14B,real_b2,real,2,premise,8,8,2,0.918,0.9235,0.0054,-0.0009,42,18
Qwen/Qwen2.5-14B,real_b2,real,2,premise,8,16,2,0.9266,0.9244,-0.0022,-0.014,42,18
Qwen/Qwen2.5-14B,real_b2,real,2,premise,8,2,3,0.5365,0.712,0.1755,-0.0482,42,18
Qwen/Qwen2.5-14B,real_b2,real,2,premise,8,3,3,0.5911,0.9175,0.3264,-0.0552,42,18
Qwen/Qwen2.5-14B,real_b2,real,2,premise,8,5,3,0.8712,0.926,0.0548,-0.0488,42,18
Qwen/Qwen2.5-14B,real_b2,real,2,premise,8,8,3,0.9203,0.9262,0.0059,-0.0496,42,18
Qwen/Qwen2.5-14B,real_b2,real,2,premise,8,16,3,0.9276,0.9272,-0.0003,-0.0688,42,18
Qwen/Qwen2.5-14B,real_b2,real,2,premise,8,2,4,0.5215,0.7715,0.25,-0.0378,42,18
Qwen/Qwen2.5-14B,real_b2,real,2,premise,8,3,4,0.62,0.9148,0.2948,-0.0406,42,18
Qwen/Qwen2.5-14B,real_b2,real,2,premise,8,5,4,0.8534,0.9271,0.0738,-0.0394,42,18
Qwen/Qwen2.5-14B,real_b2,real,2,premise,8,8,4,0.9138,0.9279,0.0141,-0.0422,42,18
Qwen/Qwen2.5-14B,real_b2,real,2,premise,8,16,4,0.9281,0.9241,-0.004,-0.0253,42,18
Qwen/Qwen2.5-14B,real_b2,real,2,premise,8,2,5,0.5943,0.6768,0.0824,-0.0336,42,18
Qwen/Qwen2.5-14B,real_b2,real,2,premise,8,3,5,0.6498,0.9126,0.2628,-0.0138,42,18
Qwen/Qwen2.5-14B,real_b2,real,2,premise,8,5,5,0.8694,0.924,0.0546,-0.0238,42,18
Qwen/Qwen2.5-14B,real_b2,real,2,premise,8,8,5,0.9206,0.9264,0.0059,-0.0122,42,18
Qwen/Qwen2.5-14B,real_b2,real,2,premise,8,16,5,0.9277,0.9256,-0.0021,-0.0156,42,18
Qwen/Qwen2.5-14B,real_b2,real,2,premise,12,2,0,0.4997,0.7023,0.2026,-0.0525,42,18
Qwen/Qwen2.5-14B,real_b2,real,2,premise,12,3,0,0.6336,0.9071,0.2735,-0.0796,42,18
Qwen/Qwen2.5-14B,real_b2,real,2,premise,12,5,0,0.8566,0.9226,0.066,-0.0731,42,18
Qwen/Qwen2.5-14B,real_b2,real,2,premise,12,8,0,0.9092,0.9162,0.0071,-0.074,42,18
Qwen/Qwen2.5-14B,real_b2,real,2,premise,12,16,0,0.9246,0.9241,-0.0006,-0.0677,42,18
Qwen/Qwen2.5-14B,real_b2,real,2,premise,12,2,1,0.5145,0.7262,0.2117,0.0117,42,18
Qwen/Qwen2.5-14B,real_b2,real,2,premise,12,3,1,0.6092,0.9131,0.304,0.009,42,18
Qwen/Qwen2.5-14B,real_b2,real,2,premise,12,5,1,0.8535,0.9193,0.0658,0.0074,42,18
Qwen/Qwen2.5-14B,real_b2,real,2,premise,12,8,1,0.9181,0.9215,0.0033,0.0192,42,18
Qwen/Qwen2.5-14B,real_b2,real,2,premise,12,16,1,0.9247,0.9203,-0.0044,0.001,42,18
Qwen/Qwen2.5-14B,real_b2,real,2,premise,12,2,2,0.5511,0.7961,0.245,0.0128,42,18
Qwen/Qwen2.5-14B,real_b2,real,2,premise,12,3,2,0.6745,0.9088,0.2343,0.01,42,18
Qwen/Qwen2.5-14B,real_b2,real,2,premise,12,5,2,0.8423,0.9235,0.0812,-0.0097,42,18
Qwen/Qwen2.5-14B,real_b2,real,2,premise,12,8,2,0.9244,0.9238,-0.0006,0.004,42,18
Qwen/Qwen2.5-14B,real_b2,real,2,premise,12,16,2,0.9259,0.9246,-0.0013,-0.0036,42,18
Qwen/Qwen2.5-14B,real_b2,real,2,premise,12,2,3,0.6133,0.8294,0.2161,-0.0483,42,18
Qwen/Qwen2.5-14B,real_b2,real,2,premise,12,3,3,0.6534,0.9116,0.2581,-0.0571,42,18
Qwen/Qwen2.5-14B,real_b2,real,2,premise,12,5,3,0.8612,0.9235,0.0623,-0.0328,42,18
Qwen/Qwen2.5-14B,real_b2,real,2,premise,12,8,3,0.9255,0.9267,0.0012,-0.0458,42,18
Qwen/Qwen2.5-14B,real_b2,real,2,premise,12,16,3,0.9274,0.9236,-0.0038,-0.0392,42,18
Qwen/Qwen2.5-14B,real_b2,real,2,premise,12,2,4,0.537,0.7048,0.1678,0.001,42,18
Qwen/Qwen2.5-14B,real_b2,real,2,premise,12,3,4,0.6161,0.9215,0.3054,-0.0379,42,18
Qwen/Qwen2.5-14B,real_b2,real,2,premise,12,5,4,0.8631,0.9263,0.0631,-0.0343,42,18
Qwen/Qwen2.5-14B,real_b2,real,2,premise,12,8,4,0.924,0.9279,0.0039,-0.0334,42,18
Qwen/Qwen2.5-14B,real_b2,real,2,premise,12,16,4,0.9287,0.9252,-0.0036,-0.0404,42,18
Qwen/Qwen2.5-14B,real_b2,real,2,premise,12,2,5,0.6046,0.8017,0.1972,-0.0257,42,18
Qwen/Qwen2.5-14B,real_b2,real,2,premise,12,3,5,0.5651,0.9155,0.3505,-0.0131,42,18
Qwen/Qwen2.5-14B,real_b2,real,2,premise,12,5,5,0.8577,0.9252,0.0675,-0.0038,42,18
Qwen/Qwen2.5-14B,real_b2,real,2,premise,12,8,5,0.9217,0.927,0.0053,-0.0237,42,18
Qwen/Qwen2.5-14B,real_b2,real,2,premise,12,16,5,0.9294,0.9245,-0.0049,-0.0141,42,18
Qwen/Qwen2.5-14B,real_b2,real,2,premise,16,2,0,0.5575,0.6982,0.1407,-0.0545,42,18
Qwen/Qwen2.5-14B,real_b2,real,2,premise,16,3,0,0.6523,0.9087,0.2564,-0.0611,42,18
Qwen/Qwen2.5-14B,real_b2,real,2,premise,16,5,0,0.849,0.92,0.071,-0.0604,42,18
Qwen/Qwen2.5-14B,real_b2,real,2,premise,16,8,0,0.9192,0.9247,0.0055,-0.0731,42,18
Qwen/Qwen2.5-14B,real_b2,real,2,premise,16,16,0,0.9264,0.9211,-0.0053,-0.08,42,18
Qwen/Qwen2.5-14B,real_b2,real,2,premise,16,2,1,0.6311,0.7562,0.1251,0.0144,42,18
Qwen/Qwen2.5-14B,real_b2,real,2,premise,16,3,1,0.5895,0.9024,0.3129,0.0128,42,18
Qwen/Qwen2.5-14B,real_b2,real,2,premise,16,5,1,0.8549,0.9174,0.0625,0.0055,42,18
Qwen/Qwen2.5-14B,real_b2,real,2,premise,16,8,1,0.9126,0.9223,0.0097,0.0055,42,18
Qwen/Qwen2.5-14B,real_b2,real,2,premise,16,16,1,0.9254,0.9201,-0.0052,0.0062,42,18
Qwen/Qwen2.5-14B,real_b2,real,2,premise,16,2,2,0.6036,0.7541,0.1505,0.0128,42,18
Qwen/Qwen2.5-14B,real_b2,real,2,premise,16,3,2,0.6395,0.9066,0.2671,-0.0039,42,18
Qwen/Qwen2.5-14B,real_b2,real,2,premise,16,5,2,0.8474,0.9237,0.0762,-0.0113,42,18
Qwen/Qwen2.5-14B,real_b2,real,2,premise,16,8,2,0.9188,0.922,0.0032,-0.0043,42,18
Qwen/Qwen2.5-14B,real_b2,real,2,premise,16,16,2,0.9245,0.9213,-0.0032,-0.0134,42,18
Qwen/Qwen2.5-14B,real_b2,real,2,premise,16,2,3,0.534,0.6949,0.1609,-0.0573,42,18
Qwen/Qwen2.5-14B,real_b2,real,2,premise,16,3,3,0.5914,0.9127,0.3214,-0.0596,42,18
Qwen/Qwen2.5-14B,real_b2,real,2,premise,16,5,3,0.8593,0.9239,0.0646,-0.0495,42,18
Qwen/Qwen2.5-14B,real_b2,real,2,premise,16,8,3,0.921,0.9277,0.0067,-0.0484,42,18
Qwen/Qwen2.5-14B,real_b2,real,2,premise,16,16,3,0.9282,0.9257,-0.0025,-0.0429,42,18
Qwen/Qwen2.5-14B,real_b2,real,2,premise,16,2,4,0.5477,0.7416,0.1939,-0.0143,42,18
Qwen/Qwen2.5-14B,real_b2,real,2,premise,16,3,4,0.6138,0.9183,0.3045,-0.0377,42,18
Qwen/Qwen2.5-14B,real_b2,real,2,premise,16,5,4,0.859,0.9271,0.0681,-0.0298,42,18
Qwen/Qwen2.5-14B,real_b2,real,2,premise,16,8,4,0.9238,0.9284,0.0046,-0.0411,42,18
Qwen/Qwen2.5-14B,real_b2,real,2,premise,16,16,4,0.9311,0.9277,-0.0034,-0.0394,42,18
Qwen/Qwen2.5-14B,real_b2,real,2,premise,16,2,5,0.5471,0.7572,0.2101,-0.0164,42,18
Qwen/Qwen2.5-14B,real_b2,real,2,premise,16,3,5,0.603,0.9103,0.3073,-0.0233,42,18
Qwen/Qwen2.5-14B,real_b2,real,2,premise,16,5,5,0.8585,0.9265,0.068,-0.0085,42,18
Qwen/Qwen2.5-14B,real_b2,real,2,premise,16,8,5,0.915,0.9277,0.0127,-0.0078,42,18
Qwen/Qwen2.5-14B,real_b2,real,2,premise,16,16,5,0.9284,0.9253,-0.0031,-0.0113,42,18
Qwen/Qwen2.5-14B,real_b2,real,2,premise,20,2,0,0.604,0.7737,0.1696,-0.0564,42,18
Qwen/Qwen2.5-14B,real_b2,real,2,premise,20,3,0,0.604,0.9019,0.2979,-0.0599,42,18
Qwen/Qwen2.5-14B,real_b2,real,2,premise,20,5,0,0.8486,0.9202,0.0716,-0.0756,42,18
Qwen/Qwen2.5-14B,real_b2,real,2,premise,20,8,0,0.9213,0.9215,0.0001,-0.07,42,18
Qwen/Qwen2.5-14B,real_b2,real,2,premise,20,16,0,0.9239,0.9229,-0.001,-0.0793,42,18
Qwen/Qwen2.5-14B,real_b2,real,2,premise,20,2,1,0.6085,0.788,0.1795,0.0302,42,18
Qwen/Qwen2.5-14B,real_b2,real,2,premise,20,3,1,0.6134,0.9068,0.2933,0.0158,42,18
Qwen/Qwen2.5-14B,real_b2,real,2,premise,20,5,1,0.8667,0.9195,0.0529,0.0081,42,18
Qwen/Qwen2.5-14B,real_b2,real,2,premise,20,8,1,0.9171,0.9221,0.005,0.0152,42,18
Qwen/Qwen2.5-14B,real_b2,real,2,premise,20,16,1,0.9266,0.9212,-0.0054,0.0092,42,18
Qwen/Qwen2.5-14B,real_b2,real,2,premise,20,2,2,0.5731,0.7638,0.1907,0.0036,42,18
Qwen/Qwen2.5-14B,real_b2,real,2,premise,20,3,2,0.6135,0.9064,0.2928,-0.0033,42,18
Qwen/Qwen2.5-14B,real_b2,real,2,premise,20,5,2,0.8454,0.9178,0.0725,-0.0118,42,18
Qwen/Qwen2.5-14B,real_b2,real,2,premise,20,8,2,0.9193,0.9263,0.007,0.0005,42,18
Qwen/Qwen2.5-14B,real_b2,real,2,premise,20,16,2,0.9245,0.9225,-0.002,-0.0075,42,18
Qwen/Qwen2.5-14B,real_b2,real,2,premise,20,2,3,0.6263,0.7564,0.1301,-0.0575,42,18
Qwen/Qwen2.5-14B,real_b2,real,2,premise,20,3,3,0.6929,0.9141,0.2212,-0.0497,42,18
Qwen/Qwen2.5-14B,real_b2,real,2,premise,20,5,3,0.8609,0.9245,0.0636,-0.0569,42,18
Qwen/Qwen2.5-14B,real_b2,real,2,premise,20,8,3,0.9201,0.9281,0.008,-0.053,42,18
Qwen/Qwen2.5-14B,real_b2,real,2,premise,20,16,3,0.9275,0.9227,-0.0049,-0.0469,42,18
Qwen/Qwen2.5-14B,real_b2,real,2,premise,20,2,4,0.5574,0.7565,0.1991,-0.0378,42,18
Qwen/Qwen2.5-14B,real_b2,real,2,premise,20,3,4,0.6473,0.9129,0.2656,-0.0399,42,18
Qwen/Qwen2.5-14B,real_b2,real,2,premise,20,5,4,0.8369,0.9273,0.0904,-0.0408,42,18
Qwen/Qwen2.5-14B,real_b2,real,2,premise,20,8,4,0.9234,0.9279,0.0044,-0.0323,42,18
Qwen/Qwen2.5-14B,real_b2,real,2,premise,20,16,4,0.9281,0.9268,-0.0013,-0.0322,42,18
Qwen/Qwen2.5-14B,real_b2,real,2,premise,20,2,5,0.5482,0.7496,0.2014,-0.035,42,18
Qwen/Qwen2.5-14B,real_b2,real,2,premise,20,3,5,0.5779,0.9054,0.3274,-0.0138,42,18
Qwen/Qwen2.5-14B,real_b2,real,2,premise,20,5,5,0.8444,0.9256,0.0812,-0.0197,42,18
Qwen/Qwen2.5-14B,real_b2,real,2,premise,20,8,5,0.9154,0.9227,0.0074,-0.008,42,18
Qwen/Qwen2.5-14B,real_b2,real,2,premise,20,16,5,0.9253,0.9235,-0.0018,-0.0028,42,18
Qwen/Qwen2.5-14B,real_b2,real,2,premise,24,2,0,0.6035,0.6744,0.0709,-0.0535,42,18
Qwen/Qwen2.5-14B,real_b2,real,2,premise,24,3,0,0.5596,0.8926,0.333,-0.05,42,18
Qwen/Qwen2.5-14B,real_b2,real,2,premise,24,5,0,0.828,0.9166,0.0885,-0.0741,42,18
Qwen/Qwen2.5-14B,real_b2,real,2,premise,24,8,0,0.9067,0.9196,0.0129,-0.0632,42,18
Qwen/Qwen2.5-14B,real_b2,real,2,premise,24,16,0,0.9265,0.922,-0.0045,-0.0603,42,18
Qwen/Qwen2.5-14B,real_b2,real,2,premise,24,2,1,0.5811,0.7967,0.2156,0.017,42,18
Qwen/Qwen2.5-14B,real_b2,real,2,premise,24,3,1,0.6991,0.8997,0.2006,-0.0126,42,18
Qwen/Qwen2.5-14B,real_b2,real,2,premise,24,5,1,0.8614,0.9235,0.0621,0.007,42,18
Qwen/Qwen2.5-14B,real_b2,real,2,premise,24,8,1,0.909,0.9221,0.0132,0.0048,42,18
Qwen/Qwen2.5-14B,real_b2,real,2,premise,24,16,1,0.9232,0.9187,-0.0044,-0.0007,42,18
Qwen/Qwen2.5-14B,real_b2,real,2,premise,24,2,2,0.4791,0.7606,0.2815,0.009,42,18
Qwen/Qwen2.5-14B,real_b2,real,2,premise,24,3,2,0.6045,0.8846,0.2801,-0.004,42,18
Qwen/Qwen2.5-14B,real_b2,real,2,premise,24,5,2,0.8371,0.9154,0.0783,-0.0,42,18
Qwen/Qwen2.5-14B,real_b2,real,2,premise,24,8,2,0.912,0.9209,0.0089,0.0046,42,18
Qwen/Qwen2.5-14B,real_b2,real,2,premise,24,16,2,0.9242,0.9264,0.0022,0.0124,42,18
Qwen/Qwen2.5-14B,real_b2,real,2,premise,24,2,3,0.6004,0.6895,0.0891,-0.03,42,18
Qwen/Qwen2.5-14B,real_b2,real,2,premise,24,3,3,0.6828,0.8976,0.2147,-0.0494,42,18
Qwen/Qwen2.5-14B,real_b2,real,2,premise,24,5,3,0.8473,0.9195,0.0722,-0.0565,42,18
Qwen/Qwen2.5-14B,real_b2,real,2,premise,24,8,3,0.9199,0.9244,0.0045,-0.0456,42,18
Qwen/Qwen2.5-14B,real_b2,real,2,premise,24,16,3,0.9276,0.9242,-0.0034,-0.0546,42,18
Qwen/Qwen2.5-14B,real_b2,real,2,premise,24,2,4,0.5754,0.7333,0.1579,-0.0208,42,18
Qwen/Qwen2.5-14B,real_b2,real,2,premise,24,3,4,0.5973,0.9032,0.3059,-0.0342,42,18
Qwen/Qwen2.5-14B,real_b2,real,2,premise,24,5,4,0.8416,0.9257,0.0841,-0.0343,42,18
Qwen/Qwen2.5-14B,real_b2,real,2,premise,24,8,4,0.922,0.9252,0.0032,-0.0382,42,18
Qwen/Qwen2.5-14B,real_b2,real,2,premise,24,16,4,0.9297,0.9255,-0.0042,-0.0244,42,18
Qwen/Qwen2.5-14B,real_b2,real,2,premise,24,2,5,0.5721,0.7388,0.1667,-0.0442,42,18
Qwen/Qwen2.5-14B,real_b2,real,2,premise,24,3,5,0.6155,0.905,0.2895,-0.0094,42,18
Qwen/Qwen2.5-14B,real_b2,real,2,premise,24,5,5,0.8483,0.9169,0.0687,-0.0141,42,18
Qwen/Qwen2.5-14B,real_b2,real,2,premise,24,8,5,0.9148,0.9193,0.0046,-0.0254,42,18
Qwen/Qwen2.5-14B,real_b2,real,2,premise,24,16,5,0.925,0.9241,-0.0009,-0.0191,42,18
Qwen/Qwen2.5-14B,real_b2,real,2,premise,28,2,0,0.5773,0.6441,0.0668,-0.064,42,18
Qwen/Qwen2.5-14B,real_b2,real,2,premise,28,3,0,0.5551,0.903,0.3479,-0.0762,42,18
Qwen/Qwen2.5-14B,real_b2,real,2,premise,28,5,0,0.8398,0.916,0.0761,-0.0761,42,18
Qwen/Qwen2.5-14B,real_b2,real,2,premise,28,8,0,0.9163,0.9206,0.0043,-0.0718,42,18
Qwen/Qwen2.5-14B,real_b2,real,2,premise,28,16,0,0.9236,0.9226,-0.001,-0.0668,42,18
Qwen/Qwen2.5-14B,real_b2,real,2,premise,28,2,1,0.5797,0.7836,0.2039,0.0198,42,18
Qwen/Qwen2.5-14B,real_b2,real,2,premise,28,3,1,0.6675,0.8959,0.2283,0.0038,42,18
Qwen/Qwen2.5-14B,real_b2,real,2,premise,28,5,1,0.8373,0.9082,0.0709,0.0162,42,18
Qwen/Qwen2.5-14B,real_b2,real,2,premise,28,8,1,0.9051,0.9191,0.014,0.0206,42,18
Qwen/Qwen2.5-14B,real_b2,real,2,premise,28,16,1,0.9231,0.9162,-0.0068,0.006,42,18
Qwen/Qwen2.5-14B,real_b2,real,2,premise,28,2,2,0.6281,0.7574,0.1293,0.0024,42,18
Qwen/Qwen2.5-14B,real_b2,real,2,premise,28,3,2,0.6243,0.8923,0.268,0.009,42,18
Qwen/Qwen2.5-14B,real_b2,real,2,premise,28,5,2,0.8543,0.917,0.0627,-0.0011,42,18
Qwen/Qwen2.5-14B,real_b2,real,2,premise,28,8,2,0.9157,0.9175,0.0018,0.0185,42,18
Qwen/Qwen2.5-14B,real_b2,real,2,premise,28,16,2,0.9209,0.9221,0.0012,0.0057,42,18
Qwen/Qwen2.5-14B,real_b2,real,2,premise,28,2,3,0.5808,0.81,0.2291,-0.0304,42,18
Qwen/Qwen2.5-14B,real_b2,real,2,premise,28,3,3,0.6664,0.9056,0.2392,-0.0396,42,18
Qwen/Qwen2.5-14B,real_b2,real,2,premise,28,5,3,0.858,0.9216,0.0636,-0.0489,42,18
Qwen/Qwen2.5-14B,real_b2,real,2,premise,28,8,3,0.9165,0.9187,0.0023,-0.0545,42,18
Qwen/Qwen2.5-14B,real_b2,real,2,premise,28,16,3,0.9274,0.9234,-0.004,-0.048,42,18
Qwen/Qwen2.5-14B,real_b2,real,2,premise,28,2,4,0.6287,0.8139,0.1852,-0.0523,42,18
Qwen/Qwen2.5-14B,real_b2,real,2,premise,28,3,4,0.5827,0.8934,0.3107,-0.0485,42,18
Qwen/Qwen2.5-14B,real_b2,real,2,premise,28,5,4,0.8469,0.9211,0.0742,-0.0383,42,18
Qwen/Qwen2.5-14B,real_b2,real,2,premise,28,8,4,0.9152,0.926,0.0108,-0.0296,42,18
Qwen/Qwen2.5-14B,real_b2,real,2,premise,28,16,4,0.9292,0.9286,-0.0006,-0.0515,42,18
Qwen/Qwen2.5-14B,real_b2,real,2,premise,28,2,5,0.5901,0.7645,0.1744,-0.0289,42,18
Qwen/Qwen2.5-14B,real_b2,real,2,premise,28,3,5,0.6675,0.8898,0.2223,-0.0233,42,18
Qwen/Qwen2.5-14B,real_b2,real,2,premise,28,5,5,0.8504,0.9163,0.066,-0.025,42,18
Qwen/Qwen2.5-14B,real_b2,real,2,premise,28,8,5,0.9185,0.9238,0.0053,-0.024,42,18
Qwen/Qwen2.5-14B,real_b2,real,2,premise,28,16,5,0.9233,0.9239,0.0006,-0.0134,42,18
Qwen/Qwen2.5-14B,real_b2,real,2,premise,32,2,0,0.5966,0.7215,0.1249,-0.0496,42,18
Qwen/Qwen2.5-14B,real_b2,real,2,premise,32,3,0,0.6043,0.8784,0.2741,-0.0689,42,18
Qwen/Qwen2.5-14B,real_b2,real,2,premise,32,5,0,0.8393,0.9155,0.0761,-0.073,42,18
Qwen/Qwen2.5-14B,real_b2,real,2,premise,32,8,0,0.9116,0.9207,0.0091,-0.0614,42,18
Qwen/Qwen2.5-14B,real_b2,real,2,premise,32,16,0,0.9215,0.9194,-0.0021,-0.0674,42,18
Qwen/Qwen2.5-14B,real_b2,real,2,premise,32,2,1,0.5955,0.6286,0.0331,0.004,42,18
Qwen/Qwen2.5-14B,real_b2,real,2,premise,32,3,1,0.5434,0.8889,0.3454,-0.0047,42,18
Qwen/Qwen2.5-14B,real_b2,real,2,premise,32,5,1,0.8199,0.9102,0.0903,0.0086,42,18
Qwen/Qwen2.5-14B,real_b2,real,2,premise,32,8,1,0.9071,0.9114,0.0044,0.0013,42,18
Qwen/Qwen2.5-14B,real_b2,real,2,premise,32,16,1,0.921,0.9156,-0.0054,-0.0046,42,18
Qwen/Qwen2.5-14B,real_b2,real,2,premise,32,2,2,0.6188,0.7808,0.162,0.0024,42,18
Qwen/Qwen2.5-14B,real_b2,real,2,premise,32,3,2,0.6295,0.9007,0.2712,-0.001,42,18
Qwen/Qwen2.5-14B,real_b2,real,2,premise,32,5,2,0.8238,0.9111,0.0872,0.0111,42,18
Qwen/Qwen2.5-14B,real_b2,real,2,premise,32,8,2,0.9062,0.9198,0.0136,0.008,42,18
Qwen/Qwen2.5-14B,real_b2,real,2,premise,32,16,2,0.9227,0.9212,-0.0015,0.01,42,18
Qwen/Qwen2.5-14B,real_b2,real,2,premise,32,2,3,0.5596,0.7249,0.1653,-0.0584,42,18
Qwen/Qwen2.5-14B,real_b2,real,2,premise,32,3,3,0.6329,0.8816,0.2488,-0.0568,42,18
Qwen/Qwen2.5-14B,real_b2,real,2,premise,32,5,3,0.843,0.9126,0.0696,-0.0377,42,18
Qwen/Qwen2.5-14B,real_b2,real,2,premise,32,8,3,0.903,0.9204,0.0174,-0.0547,42,18
Qwen/Qwen2.5-14B,real_b2,real,2,premise,32,16,3,0.9192,0.9188,-0.0004,-0.0458,42,18
Qwen/Qwen2.5-14B,real_b2,real,2,premise,32,2,4,0.6308,0.7684,0.1376,-0.0464,42,18
Qwen/Qwen2.5-14B,real_b2,real,2,premise,32,3,4,0.5765,0.8995,0.3229,-0.0383,42,18
Qwen/Qwen2.5-14B,real_b2,real,2,premise,32,5,4,0.8397,0.9211,0.0814,-0.0254,42,18
Qwen/Qwen2.5-14B,real_b2,real,2,premise,32,8,4,0.9159,0.9209,0.005,-0.0218,42,18
Qwen/Qwen2.5-14B,real_b2,real,2,premise,32,16,4,0.9269,0.923,-0.0039,-0.039,42,18
Qwen/Qwen2.5-14B,real_b2,real,2,premise,32,2,5,0.6058,0.7816,0.1757,-0.0189,42,18
Qwen/Qwen2.5-14B,real_b2,real,2,premise,32,3,5,0.617,0.8873,0.2703,-0.0173,42,18
Qwen/Qwen2.5-14B,real_b2,real,2,premise,32,5,5,0.8205,0.9064,0.0859,-0.0218,42,18
Qwen/Qwen2.5-14B,real_b2,real,2,premise,32,8,5,0.9061,0.9219,0.0158,-0.0262,42,18
Qwen/Qwen2.5-14B,real_b2,real,2,premise,32,16,5,0.9249,0.9262,0.0013,-0.0132,42,18
Qwen/Qwen2.5-14B,real_b2,real,2,premise,36,2,0,0.5569,0.7807,0.2238,-0.0486,42,18
Qwen/Qwen2.5-14B,real_b2,real,2,premise,36,3,0,0.6999,0.8898,0.1899,-0.0531,42,18
Qwen/Qwen2.5-14B,real_b2,real,2,premise,36,5,0,0.8263,0.9103,0.084,-0.0583,42,18
Qwen/Qwen2.5-14B,real_b2,real,2,premise,36,8,0,0.908,0.9113,0.0033,-0.0724,42,18
Qwen/Qwen2.5-14B,real_b2,real,2,premise,36,16,0,0.9194,0.914,-0.0054,-0.0601,42,18
Qwen/Qwen2.5-14B,real_b2,real,2,premise,36,2,1,0.5536,0.7881,0.2346,-0.0055,42,18
Qwen/Qwen2.5-14B,real_b2,real,2,premise,36,3,1,0.6455,0.8767,0.2312,0.0027,42,18
Qwen/Qwen2.5-14B,real_b2,real,2,premise,36,5,1,0.8351,0.9011,0.066,-0.011,42,18
Qwen/Qwen2.5-14B,real_b2,real,2,premise,36,8,1,0.8954,0.9138,0.0184,-0.0121,42,18
Qwen/Qwen2.5-14B,real_b2,real,2,premise,36,16,1,0.9139,0.9147,0.0008,-0.0108,42,18
Qwen/Qwen2.5-14B,real_b2,real,2,premise,36,2,2,0.6451,0.7328,0.0877,0.0053,42,18
Qwen/Qwen2.5-14B,real_b2,real,2,premise,36,3,2,0.5753,0.894,0.3187,0.0084,42,18
Qwen/Qwen2.5-14B,real_b2,real,2,premise,36,5,2,0.8469,0.9099,0.0631,0.0012,42,18
Qwen/Qwen2.5-14B,real_b2,real,2,premise,36,8,2,0.9073,0.918,0.0107,0.0074,42,18
Qwen/Qwen2.5-14B,real_b2,real,2,premise,36,16,2,0.9251,0.9246,-0.0006,0.0015,42,18
Qwen/Qwen2.5-14B,real_b2,real,2,premise,36,2,3,0.5116,0.6326,0.121,-0.0118,42,18
Qwen/Qwen2.5-14B,real_b2,real,2,premise,36,3,3,0.5987,0.8872,0.2885,-0.0486,42,18
Qwen/Qwen2.5-14B,real_b2,real,2,premise,36,5,3,0.8303,0.9159,0.0857,-0.0467,42,18
Qwen/Qwen2.5-14B,real_b2,real,2,premise,36,8,3,0.907,0.9181,0.0111,-0.0389,42,18
Qwen/Qwen2.5-14B,real_b2,real,2,premise,36,16,3,0.9211,0.9214,0.0003,-0.0367,42,18
Qwen/Qwen2.5-14B,real_b2,real,2,premise,36,2,4,0.5657,0.7922,0.2265,-0.0287,42,18
Qwen/Qwen2.5-14B,real_b2,real,2,premise,36,3,4,0.6348,0.8947,0.2599,-0.0218,42,18
Qwen/Qwen2.5-14B,real_b2,real,2,premise,36,5,4,0.8433,0.9129,0.0696,-0.031,42,18
Qwen/Qwen2.5-14B,real_b2,real,2,premise,36,8,4,0.9156,0.9209,0.0053,-0.0273,42,18
Qwen/Qwen2.5-14B,real_b2,real,2,premise,36,16,4,0.9254,0.9232,-0.0022,-0.0298,42,18
Qwen/Qwen2.5-14B,real_b2,real,2,premise,36,2,5,0.5519,0.7305,0.1785,-0.0302,42,18
Qwen/Qwen2.5-14B,real_b2,real,2,premise,36,3,5,0.5518,0.8864,0.3345,-0.0174,42,18
Qwen/Qwen2.5-14B,real_b2,real,2,premise,36,5,5,0.8397,0.9172,0.0775,-0.0243,42,18
Qwen/Qwen2.5-14B,real_b2,real,2,premise,36,8,5,0.9109,0.9237,0.0128,-0.0183,42,18
Qwen/Qwen2.5-14B,real_b2,real,2,premise,36,16,5,0.9234,0.9223,-0.0011,-0.0141,42,18
Qwen/Qwen2.5-14B,real_b2,real,2,premise,40,2,0,0.6053,0.7717,0.1664,-0.0782,42,18
Qwen/Qwen2.5-14B,real_b2,real,2,premise,40,3,0,0.5888,0.8747,0.2859,-0.0664,42,18
Qwen/Qwen2.5-14B,real_b2,real,2,premise,40,5,0,0.8292,0.903,0.0738,-0.061,42,18
Qwen/Qwen2.5-14B,real_b2,real,2,premise,40,8,0,0.9013,0.9102,0.0089,-0.0625,42,18
Qwen/Qwen2.5-14B,real_b2,real,2,premise,40,16,0,0.9185,0.9134,-0.0051,-0.0614,42,18
Qwen/Qwen2.5-14B,real_b2,real,2,premise,40,2,1,0.4916,0.6993,0.2076,0.0004,42,18
Qwen/Qwen2.5-14B,real_b2,real,2,premise,40,3,1,0.6269,0.8645,0.2377,0.0004,42,18
Qwen/Qwen2.5-14B,real_b2,real,2,premise,40,5,1,0.787,0.8882,0.1012,-0.0009,42,18
Qwen/Qwen2.5-14B,real_b2,real,2,premise,40,8,1,0.8942,0.9009,0.0066,-0.0179,42,18
Qwen/Qwen2.5-14B,real_b2,real,2,premise,40,16,1,0.9068,0.9032,-0.0036,-0.0051,42,18
Qwen/Qwen2.5-14B,real_b2,real,2,premise,40,2,2,0.6018,0.7304,0.1286,0.019,42,18
Qwen/Qwen2.5-14B,real_b2,real,2,premise,40,3,2,0.5848,0.8834,0.2986,0.0111,42,18
Qwen/Qwen2.5-14B,real_b2,real,2,premise,40,5,2,0.8233,0.9145,0.0912,0.0017,42,18
Qwen/Qwen2.5-14B,real_b2,real,2,premise,40,8,2,0.9127,0.9193,0.0066,0.0027,42,18
Qwen/Qwen2.5-14B,real_b2,real,2,premise,40,16,2,0.9239,0.9226,-0.0013,0.0236,42,18
Qwen/Qwen2.5-14B,real_b2,real,2,premise,40,2,3,0.5823,0.7423,0.16,0.0,42,18
Qwen/Qwen2.5-14B,real_b2,real,2,premise,40,3,3,0.6305,0.8796,0.2491,-0.0395,42,18
Qwen/Qwen2.5-14B,real_b2,real,2,premise,40,5,3,0.8374,0.9134,0.076,-0.0405,42,18
Qwen/Qwen2.5-14B,real_b2,real,2,premise,40,8,3,0.9107,0.918,0.0074,-0.037,42,18
Qwen/Qwen2.5-14B,real_b2,real,2,premise,40,16,3,0.9216,0.9159,-0.0057,-0.0474,42,18
Qwen/Qwen2.5-14B,real_b2,real,2,premise,40,2,4,0.5621,0.7283,0.1663,-0.0343,42,18
Qwen/Qwen2.5-14B,real_b2,real,2,premise,40,3,4,0.5613,0.9041,0.3428,-0.0382,42,18
Qwen/Qwen2.5-14B,real_b2,real,2,premise,40,5,4,0.8499,0.9147,0.0648,-0.0392,42,18
Qwen/Qwen2.5-14B,real_b2,real,2,premise,40,8,4,0.9175,0.9164,-0.0012,-0.0373,42,18
Qwen/Qwen2.5-14B,real_b2,real,2,premise,40,16,4,0.9283,0.9243,-0.0041,-0.037,42,18
Qwen/Qwen2.5-14B,real_b2,real,2,premise,40,2,5,0.6551,0.7831,0.128,-0.0171,42,18
Qwen/Qwen2.5-14B,real_b2,real,2,premise,40,3,5,0.631,0.8877,0.2567,-0.0279,42,18
Qwen/Qwen2.5-14B,real_b2,real,2,premise,40,5,5,0.8331,0.9162,0.0831,-0.0168,42,18
Qwen/Qwen2.5-14B,real_b2,real,2,premise,40,8,5,0.9136,0.9182,0.0046,-0.0084,42,18
Qwen/Qwen2.5-14B,real_b2,real,2,premise,40,16,5,0.9253,0.9229,-0.0024,-0.0112,42,18
Qwen/Qwen2.5-14B,real_b2,real,2,premise,44,2,0,0.5618,0.7158,0.154,-0.0523,42,18
Qwen/Qwen2.5-14B,real_b2,real,2,premise,44,3,0,0.6509,0.878,0.2272,-0.0756,42,18
Qwen/Qwen2.5-14B,real_b2,real,2,premise,44,5,0,0.819,0.9033,0.0843,-0.0663,42,18
Qwen/Qwen2.5-14B,real_b2,real,2,premise,44,8,0,0.895,0.9031,0.0081,-0.0375,42,18
Qwen/Qwen2.5-14B,real_b2,real,2,premise,44,16,0,0.918,0.908,-0.0101,-0.0593,42,18
Qwen/Qwen2.5-14B,real_b2,real,2,premise,44,2,1,0.5105,0.669,0.1585,-0.0173,42,18
Qwen/Qwen2.5-14B,real_b2,real,2,premise,44,3,1,0.4618,0.814,0.3522,-0.0033,42,18
Qwen/Qwen2.5-14B,real_b2,real,2,premise,44,5,1,0.7983,0.8792,0.0809,-0.0155,42,18
Qwen/Qwen2.5-14B,real_b2,real,2,premise,44,8,1,0.8913,0.887,-0.0043,-0.0099,42,18
Qwen/Qwen2.5-14B,real_b2,real,2,premise,44,16,1,0.9014,0.8936,-0.0077,-0.0192,42,18
Qwen/Qwen2.5-14B,real_b2,real,2,premise,44,2,2,0.4857,0.6238,0.138,-0.0171,42,18
Qwen/Qwen2.5-14B,real_b2,real,2,premise,44,3,2,0.6121,0.879,0.2669,0.0032,42,18
Qwen/Qwen2.5-14B,real_b2,real,2,premise,44,5,2,0.8311,0.9096,0.0785,-0.0054,42,18
Qwen/Qwen2.5-14B,real_b2,real,2,premise,44,8,2,0.905,0.9176,0.0127,0.01,42,18
Qwen/Qwen2.5-14B,real_b2,real,2,premise,44,16,2,0.9209,0.9196,-0.0013,-0.0017,42,18
Qwen/Qwen2.5-14B,real_b2,real,2,premise,44,2,3,0.5081,0.8041,0.296,-0.0427,42,18
Qwen/Qwen2.5-14B,real_b2,real,2,premise,44,3,3,0.6218,0.8757,0.2539,-0.0521,42,18
Qwen/Qwen2.5-14B,real_b2,real,2,premise,44,5,3,0.8326,0.897,0.0645,-0.0486,42,18
Qwen/Qwen2.5-14B,real_b2,real,2,premise,44,8,3,0.9014,0.8959,-0.0055,-0.0495,42,18
Qwen/Qwen2.5-14B,real_b2,real,2,premise,44,16,3,0.9118,0.9081,-0.0037,-0.0576,42,18
Qwen/Qwen2.5-14B,real_b2,real,2,premise,44,2,4,0.4605,0.7355,0.275,-0.0211,42,18
Qwen/Qwen2.5-14B,real_b2,real,2,premise,44,3,4,0.5706,0.8816,0.311,-0.041,42,18
Qwen/Qwen2.5-14B,real_b2,real,2,premise,44,5,4,0.8207,0.9099,0.0892,-0.0316,42,18
Qwen/Qwen2.5-14B,real_b2,real,2,premise,44,8,4,0.9027,0.9187,0.016,-0.0333,42,18
Qwen/Qwen2.5-14B,real_b2,real,2,premise,44,16,4,0.9177,0.9181,0.0004,-0.0328,42,18
Qwen/Qwen2.5-14B,real_b2,real,2,premise,44,2,5,0.5655,0.7117,0.1462,-0.0236,42,18
Qwen/Qwen2.5-14B,real_b2,real,2,premise,44,3,5,0.6042,0.8781,0.2739,-0.016,42,18
Qwen/Qwen2.5-14B,real_b2,real,2,premise,44,5,5,0.8457,0.9086,0.0629,-0.029,42,18
Qwen/Qwen2.5-14B,real_b2,real,2,premise,44,8,5,0.9053,0.9183,0.013,-0.022,42,18
Qwen/Qwen2.5-14B,real_b2,real,2,premise,44,16,5,0.9244,0.9191,-0.0053,0.0,42,18
Qwen/Qwen2.5-14B,real_b2,real,2,premise,48,2,0,0.5408,0.6892,0.1485,-0.0506,42,18
Qwen/Qwen2.5-14B,real_b2,real,2,premise,48,3,0,0.5614,0.8465,0.2852,-0.0577,42,18
Qwen/Qwen2.5-14B,real_b2,real,2,premise,48,5,0,0.7984,0.8499,0.0515,-0.0331,42,18
Qwen/Qwen2.5-14B,real_b2,real,2,premise,48,8,0,0.8687,0.8739,0.0052,-0.0519,42,18
Qwen/Qwen2.5-14B,real_b2,real,2,premise,48,16,0,0.8801,0.868,-0.0121,-0.0562,42,18
Qwen/Qwen2.5-14B,real_b2,real,2,premise,48,2,1,0.405,0.5978,0.1928,-0.0004,42,18
Qwen/Qwen2.5-14B,real_b2,real,2,premise,48,3,1,0.5407,0.7935,0.2528,-0.0091,42,18
Qwen/Qwen2.5-14B,real_b2,real,2,premise,48,5,1,0.7647,0.8255,0.0608,0.011,42,18
Qwen/Qwen2.5-14B,real_b2,real,2,premise,48,8,1,0.8415,0.8269,-0.0146,0.0086,42,18
Qwen/Qwen2.5-14B,real_b2,real,2,premise,48,16,1,0.8613,0.8416,-0.0196,-0.0035,42,18
Qwen/Qwen2.5-14B,real_b2,real,2,premise,48,2,2,0.4731,0.7336,0.2605,-0.0105,42,18
Qwen/Qwen2.5-14B,real_b2,real,2,premise,48,3,2,0.5576,0.8376,0.2801,-0.0134,42,18
Qwen/Qwen2.5-14B,real_b2,real,2,premise,48,5,2,0.8032,0.8697,0.0664,0.0036,42,18
Qwen/Qwen2.5-14B,real_b2,real,2,premise,48,8,2,0.8755,0.8819,0.0065,-0.0035,42,18
Qwen/Qwen2.5-14B,real_b2,real,2,premise,48,16,2,0.8933,0.8949,0.0016,0.0011,42,18
Qwen/Qwen2.5-14B,real_b2,real,2,premise,48,2,3,0.486,0.6799,0.1939,-0.0351,42,18
Qwen/Qwen2.5-14B,real_b2,real,2,premise,48,3,3,0.55,0.8374,0.2873,-0.0551,42,18
Qwen/Qwen2.5-14B,real_b2,real,2,premise,48,5,3,0.7774,0.8623,0.0849,-0.0398,42,18
Qwen/Qwen2.5-14B,real_b2,real,2,premise,48,8,3,0.8629,0.8762,0.0134,-0.0502,42,18
Qwen/Qwen2.5-14B,real_b2,real,2,premise,48,16,3,0.8882,0.878,-0.0102,-0.053,42,18
Qwen/Qwen2.5-14B,real_b2,real,2,premise,48,2,4,0.5738,0.7226,0.1488,-0.0433,42,18
Qwen/Qwen2.5-14B,real_b2,real,2,premise,48,3,4,0.5033,0.816,0.3127,-0.032,42,18
Qwen/Qwen2.5-14B,real_b2,real,2,premise,48,5,4,0.7668,0.8637,0.0969,-0.0368,42,18
Qwen/Qwen2.5-14B,real_b2,real,2,premise,48,8,4,0.8594,0.884,0.0246,-0.0289,42,18
Qwen/Qwen2.5-14B,real_b2,real,2,premise,48,16,4,0.8938,0.8853,-0.0085,-0.0214,42,18
Qwen/Qwen2.5-14B,real_b2,real,2,premise,48,2,5,0.5762,0.7742,0.198,-0.0247,42,18
Qwen/Qwen2.5-14B,real_b2,real,2,premise,48,3,5,0.6186,0.8522,0.2337,-0.0027,42,18
Qwen/Qwen2.5-14B,real_b2,real,2,premise,48,5,5,0.8038,0.8785,0.0748,-0.0374,42,18
Qwen/Qwen2.5-14B,real_b2,real,2,premise,48,8,5,0.8758,0.8866,0.0109,-0.0218,42,18
Qwen/Qwen2.5-14B,real_b2,real,2,premise,48,16,5,0.903,0.8903,-0.0127,-0.0235,42,18
Qwen/Qwen2.5-14B,real_b2,real,2,last,0,2,0,0.3258,0.6483,0.3225,-0.0373,42,18
Qwen/Qwen2.5-14B,real_b2,real,2,last,0,3,0,0.5897,0.9146,0.3249,-0.0662,42,18
Qwen/Qwen2.5-14B,real_b2,real,2,last,0,5,0,0.8541,0.9292,0.0751,-0.0597,42,18
Qwen/Qwen2.5-14B,real_b2,real,2,last,0,8,0,0.9221,0.9267,0.0046,-0.068,42,18
Qwen/Qwen2.5-14B,real_b2,real,2,last,0,16,0,0.9311,0.9244,-0.0067,-0.0585,42,18
Qwen/Qwen2.5-14B,real_b2,real,2,last,0,2,1,0.5103,0.5417,0.0314,-0.0015,42,18
Qwen/Qwen2.5-14B,real_b2,real,2,last,0,3,1,0.5578,0.9126,0.3548,0.0066,42,18
Qwen/Qwen2.5-14B,real_b2,real,2,last,0,5,1,0.8069,0.922,0.1151,0.0121,42,18
Qwen/Qwen2.5-14B,real_b2,real,2,last,0,8,1,0.9143,0.9244,0.0101,0.0178,42,18
Qwen/Qwen2.5-14B,real_b2,real,2,last,0,16,1,0.9329,0.9292,-0.0037,0.0134,42,18
Qwen/Qwen2.5-14B,real_b2,real,2,last,0,2,2,0.3838,0.6836,0.2998,-0.0049,42,18
Qwen/Qwen2.5-14B,real_b2,real,2,last,0,3,2,0.5859,0.9186,0.3327,-0.009,42,18
Qwen/Qwen2.5-14B,real_b2,real,2,last,0,5,2,0.8593,0.9281,0.0688,0.002,42,18
Qwen/Qwen2.5-14B,real_b2,real,2,last,0,8,2,0.922,0.9235,0.0015,0.0022,42,18
Qwen/Qwen2.5-14B,real_b2,real,2,last,0,16,2,0.9313,0.9261,-0.0051,-0.0052,42,18
Qwen/Qwen2.5-14B,real_b2,real,2,last,0,2,3,0.501,0.5904,0.0894,-0.0781,42,18
Qwen/Qwen2.5-14B,real_b2,real,2,last,0,3,3,0.625,0.9171,0.292,-0.0445,42,18
Qwen/Qwen2.5-14B,real_b2,real,2,last,0,5,3,0.8372,0.9259,0.0887,-0.0473,42,18
Qwen/Qwen2.5-14B,real_b2,real,2,last,0,8,3,0.9178,0.9257,0.0079,-0.0443,42,18
Qwen/Qwen2.5-14B,real_b2,real,2,last,0,16,3,0.9344,0.9255,-0.0089,-0.0296,42,18
Qwen/Qwen2.5-14B,real_b2,real,2,last,0,2,4,0.4555,0.7382,0.2827,-0.0013,42,18
Qwen/Qwen2.5-14B,real_b2,real,2,last,0,3,4,0.6315,0.9229,0.2914,-0.0249,42,18
Qwen/Qwen2.5-14B,real_b2,real,2,last,0,5,4,0.8542,0.9275,0.0733,-0.0365,42,18
Qwen/Qwen2.5-14B,real_b2,real,2,last,0,8,4,0.9251,0.9276,0.0025,-0.038,42,18
Qwen/Qwen2.5-14B,real_b2,real,2,last,0,16,4,0.9286,0.9258,-0.0028,-0.0409,42,18
Qwen/Qwen2.5-14B,real_b2,real,2,last,0,2,5,0.2474,0.6664,0.419,-0.0117,42,18
Qwen/Qwen2.5-14B,real_b2,real,2,last,0,3,5,0.6466,0.9183,0.2717,-0.0055,42,18
Qwen/Qwen2.5-14B,real_b2,real,2,last,0,5,5,0.788,0.9215,0.1335,-0.0094,42,18
Qwen/Qwen2.5-14B,real_b2,real,2,last,0,8,5,0.924,0.9237,-0.0003,-0.0113,42,18
Qwen/Qwen2.5-14B,real_b2,real,2,last,0,16,5,0.9329,0.927,-0.0059,-0.0109,42,18
Qwen/Qwen2.5-14B,real_b2,real,2,last,4,2,0,0.452,0.7318,0.2798,-0.0446,42,18
Qwen/Qwen2.5-14B,real_b2,real,2,last,4,3,0,0.5541,0.9085,0.3544,-0.0507,42,18
Qwen/Qwen2.5-14B,real_b2,real,2,last,4,5,0,0.8511,0.9171,0.066,-0.0605,42,18
Qwen/Qwen2.5-14B,real_b2,real,2,last,4,8,0,0.9119,0.9226,0.0107,-0.0747,42,18
Qwen/Qwen2.5-14B,real_b2,real,2,last,4,16,0,0.9243,0.9177,-0.0066,-0.0728,42,18
Qwen/Qwen2.5-14B,real_b2,real,2,last,4,2,1,0.5597,0.8732,0.3135,0.0085,42,18
Qwen/Qwen2.5-14B,real_b2,real,2,last,4,3,1,0.6471,0.9104,0.2632,0.0123,42,18
Qwen/Qwen2.5-14B,real_b2,real,2,last,4,5,1,0.8639,0.9237,0.0598,0.0226,42,18
Qwen/Qwen2.5-14B,real_b2,real,2,last,4,8,1,0.9137,0.9204,0.0067,0.0193,42,18
Qwen/Qwen2.5-14B,real_b2,real,2,last,4,16,1,0.925,0.9158,-0.0092,0.0111,42,18
Qwen/Qwen2.5-14B,real_b2,real,2,last,4,2,2,0.5685,0.677,0.1085,0.0069,42,18
Qwen/Qwen2.5-14B,real_b2,real,2,last,4,3,2,0.6295,0.9148,0.2854,-0.0044,42,18
Qwen/Qwen2.5-14B,real_b2,real,2,last,4,5,2,0.8492,0.9265,0.0773,0.0007,42,18
Qwen/Qwen2.5-14B,real_b2,real,2,last,4,8,2,0.9189,0.9244,0.0055,0.0011,42,18
Qwen/Qwen2.5-14B,real_b2,real,2,last,4,16,2,0.9294,0.925,-0.0045,-0.0047,42,18
Qwen/Qwen2.5-14B,real_b2,real,2,last,4,2,3,0.5976,0.7786,0.181,-0.058,42,18
Qwen/Qwen2.5-14B,real_b2,real,2,last,4,3,3,0.5936,0.9184,0.3248,-0.0552,42,18
Qwen/Qwen2.5-14B,real_b2,real,2,last,4,5,3,0.8641,0.9232,0.0591,-0.057,42,18
Qwen/Qwen2.5-14B,real_b2,real,2,last,4,8,3,0.9206,0.9222,0.0017,-0.0518,42,18
Qwen/Qwen2.5-14B,real_b2,real,2,last,4,16,3,0.9281,0.923,-0.0051,-0.0568,42,18
Qwen/Qwen2.5-14B,real_b2,real,2,last,4,2,4,0.6156,0.5838,-0.0318,-0.0285,42,18
Qwen/Qwen2.5-14B,real_b2,real,2,last,4,3,4,0.5077,0.9161,0.4084,-0.0403,42,18
Qwen/Qwen2.5-14B,real_b2,real,2,last,4,5,4,0.8478,0.9239,0.076,-0.0378,42,18
Qwen/Qwen2.5-14B,real_b2,real,2,last,4,8,4,0.9216,0.9257,0.004,-0.046,42,18
Qwen/Qwen2.5-14B,real_b2,real,2,last,4,16,4,0.927,0.9256,-0.0014,-0.0295,42,18
Qwen/Qwen2.5-14B,real_b2,real,2,last,4,2,5,0.5831,0.7649,0.1818,0.0043,42,18
Qwen/Qwen2.5-14B,real_b2,real,2,last,4,3,5,0.6513,0.9124,0.2611,-0.0204,42,18
Qwen/Qwen2.5-14B,real_b2,real,2,last,4,5,5,0.8721,0.9276,0.0555,-0.0182,42,18
Qwen/Qwen2.5-14B,real_b2,real,2,last,4,8,5,0.9194,0.9271,0.0077,-0.0295,42,18
Qwen/Qwen2.5-14B,real_b2,real,2,last,4,16,5,0.9288,0.9233,-0.0054,-0.0182,42,18
Qwen/Qwen2.5-14B,real_b2,real,2,last,8,2,0,0.6278,0.6985,0.0707,-0.0971,42,18
Qwen/Qwen2.5-14B,real_b2,real,2,last,8,3,0,0.5609,0.8935,0.3326,-0.0699,42,18
Qwen/Qwen2.5-14B,real_b2,real,2,last,8,5,0,0.8458,0.9165,0.0707,-0.0788,42,18
Qwen/Qwen2.5-14B,real_b2,real,2,last,8,8,0,0.9172,0.9148,-0.0024,-0.0721,42,18
Qwen/Qwen2.5-14B,real_b2,real,2,last,8,16,0,0.9248,0.9216,-0.0032,-0.0684,42,18
Qwen/Qwen2.5-14B,real_b2,real,2,last,8,2,1,0.5595,0.7917,0.2322,0.0222,42,18
Qwen/Qwen2.5-14B,real_b2,real,2,last,8,3,1,0.6023,0.902,0.2997,0.0095,42,18
Qwen/Qwen2.5-14B,real_b2,real,2,last,8,5,1,0.8621,0.9261,0.064,0.0239,42,18
Qwen/Qwen2.5-14B,real_b2,real,2,last,8,8,1,0.916,0.9186,0.0026,0.0135,42,18
Qwen/Qwen2.5-14B,real_b2,real,2,last,8,16,1,0.9245,0.9181,-0.0064,0.0186,42,18
Qwen/Qwen2.5-14B,real_b2,real,2,last,8,2,2,0.6162,0.8169,0.2007,0.0147,42,18
Qwen/Qwen2.5-14B,real_b2,real,2,last,8,3,2,0.6837,0.9161,0.2324,0.0028,42,18
Qwen/Qwen2.5-14B,real_b2,real,2,last,8,5,2,0.8307,0.9219,0.0911,-0.012,42,18
Qwen/Qwen2.5-14B,real_b2,real,2,last,8,8,2,0.9197,0.9248,0.0051,0.0059,42,18
Qwen/Qwen2.5-14B,real_b2,real,2,last,8,16,2,0.929,0.9259,-0.0031,-0.0035,42,18
Qwen/Qwen2.5-14B,real_b2,real,2,last,8,2,3,0.6166,0.7092,0.0926,-0.0419,42,18
Qwen/Qwen2.5-14B,real_b2,real,2,last,8,3,3,0.6599,0.9118,0.2519,-0.0437,42,18
Qwen/Qwen2.5-14B,real_b2,real,2,last,8,5,3,0.8578,0.9291,0.0714,-0.0509,42,18
Qwen/Qwen2.5-14B,real_b2,real,2,last,8,8,3,0.9246,0.9268,0.0022,-0.0467,42,18
Qwen/Qwen2.5-14B,real_b2,real,2,last,8,16,3,0.9265,0.9276,0.0011,-0.0479,42,18
Qwen/Qwen2.5-14B,real_b2,real,2,last,8,2,4,0.6027,0.7883,0.1856,-0.0575,42,18
Qwen/Qwen2.5-14B,real_b2,real,2,last,8,3,4,0.5344,0.9041,0.3697,-0.0382,42,18
Qwen/Qwen2.5-14B,real_b2,real,2,last,8,5,4,0.8547,0.9226,0.0679,-0.037,42,18
Qwen/Qwen2.5-14B,real_b2,real,2,last,8,8,4,0.9234,0.9252,0.0018,-0.0331,42,18
Qwen/Qwen2.5-14B,real_b2,real,2,last,8,16,4,0.9296,0.9251,-0.0045,-0.0375,42,18
Qwen/Qwen2.5-14B,real_b2,real,2,last,8,2,5,0.5873,0.7798,0.1925,-0.0143,42,18
Qwen/Qwen2.5-14B,real_b2,real,2,last,8,3,5,0.5585,0.9175,0.3589,-0.0168,42,18
Qwen/Qwen2.5-14B,real_b2,real,2,last,8,5,5,0.8698,0.9239,0.0542,-0.0199,42,18
Qwen/Qwen2.5-14B,real_b2,real,2,last,8,8,5,0.9248,0.927,0.0023,-0.0182,42,18
Qwen/Qwen2.5-14B,real_b2,real,2,last,8,16,5,0.9263,0.9245,-0.0018,-0.0091,42,18
Qwen/Qwen2.5-14B,real_b2,real,2,last,12,2,0,0.6284,0.7432,0.1149,-0.054,42,18
Qwen/Qwen2.5-14B,real_b2,real,2,last,12,3,0,0.6232,0.8973,0.2741,-0.0648,42,18
Qwen/Qwen2.5-14B,real_b2,real,2,last,12,5,0,0.8428,0.9236,0.0808,-0.0694,42,18
Qwen/Qwen2.5-14B,real_b2,real,2,last,12,8,0,0.9113,0.9236,0.0123,-0.076,42,18
Qwen/Qwen2.5-14B,real_b2,real,2,last,12,16,0,0.9248,0.9202,-0.0047,-0.0725,42,18
Qwen/Qwen2.5-14B,real_b2,real,2,last,12,2,1,0.556,0.7406,0.1845,-0.0041,42,18
Qwen/Qwen2.5-14B,real_b2,real,2,last,12,3,1,0.6154,0.9112,0.2958,0.0251,42,18
Qwen/Qwen2.5-14B,real_b2,real,2,last,12,5,1,0.8574,0.9226,0.0652,0.011,42,18
Qwen/Qwen2.5-14B,real_b2,real,2,last,12,8,1,0.9185,0.9218,0.0033,0.0075,42,18
Qwen/Qwen2.5-14B,real_b2,real,2,last,12,16,1,0.9257,0.9242,-0.0015,0.0,42,18
Qwen/Qwen2.5-14B,real_b2,real,2,last,12,2,2,0.5322,0.7695,0.2373,-0.0037,42,18
Qwen/Qwen2.5-14B,real_b2,real,2,last,12,3,2,0.6385,0.9161,0.2776,0.0045,42,18
Qwen/Qwen2.5-14B,real_b2,real,2,last,12,5,2,0.8351,0.9223,0.0872,0.0051,42,18
Qwen/Qwen2.5-14B,real_b2,real,2,last,12,8,2,0.9188,0.9199,0.0011,-0.0002,42,18
Qwen/Qwen2.5-14B,real_b2,real,2,last,12,16,2,0.9268,0.9243,-0.0025,-0.0037,42,18
Qwen/Qwen2.5-14B,real_b2,real,2,last,12,2,3,0.6393,0.7562,0.1169,-0.0491,42,18
Qwen/Qwen2.5-14B,real_b2,real,2,last,12,3,3,0.6264,0.9179,0.2915,-0.0522,42,18
Qwen/Qwen2.5-14B,real_b2,real,2,last,12,5,3,0.8633,0.9274,0.0641,-0.0446,42,18
Qwen/Qwen2.5-14B,real_b2,real,2,last,12,8,3,0.9215,0.9278,0.0062,-0.0462,42,18
Qwen/Qwen2.5-14B,real_b2,real,2,last,12,16,3,0.9311,0.9286,-0.0025,-0.0487,42,18
Qwen/Qwen2.5-14B,real_b2,real,2,last,12,2,4,0.5535,0.6927,0.1392,-0.0109,42,18
Qwen/Qwen2.5-14B,real_b2,real,2,last,12,3,4,0.6609,0.9159,0.255,-0.0323,42,18
Qwen/Qwen2.5-14B,real_b2,real,2,last,12,5,4,0.8535,0.9245,0.071,-0.0525,42,18
Qwen/Qwen2.5-14B,real_b2,real,2,last,12,8,4,0.92,0.9264,0.0064,-0.0281,42,18
Qwen/Qwen2.5-14B,real_b2,real,2,last,12,16,4,0.9296,0.9266,-0.003,-0.0377,42,18
Qwen/Qwen2.5-14B,real_b2,real,2,last,12,2,5,0.5297,0.6048,0.0751,-0.0277,42,18
Qwen/Qwen2.5-14B,real_b2,real,2,last,12,3,5,0.6679,0.9083,0.2405,-0.0131,42,18
Qwen/Qwen2.5-14B,real_b2,real,2,last,12,5,5,0.8516,0.9293,0.0777,-0.0163,42,18
Qwen/Qwen2.5-14B,real_b2,real,2,last,12,8,5,0.9244,0.9266,0.0021,-0.0154,42,18
Qwen/Qwen2.5-14B,real_b2,real,2,last,12,16,5,0.9319,0.9241,-0.0078,-0.0244,42,18
Qwen/Qwen2.5-14B,real_b2,real,2,last,16,2,0,0.5602,0.7344,0.1742,-0.0459,42,18
Qwen/Qwen2.5-14B,real_b2,real,2,last,16,3,0,0.5868,0.9044,0.3175,-0.0667,42,18
Qwen/Qwen2.5-14B,real_b2,real,2,last,16,5,0,0.8578,0.9225,0.0647,-0.0651,42,18
Qwen/Qwen2.5-14B,real_b2,real,2,last,16,8,0,0.9171,0.9167,-0.0004,-0.0953,42,18
Qwen/Qwen2.5-14B,real_b2,real,2,last,16,16,0,0.929,0.9198,-0.0092,-0.075,42,18
Qwen/Qwen2.5-14B,real_b2,real,2,last,16,2,1,0.5809,0.7665,0.1856,0.0262,42,18
Qwen/Qwen2.5-14B,real_b2,real,2,last,16,3,1,0.6745,0.902,0.2275,0.0235,42,18
Qwen/Qwen2.5-14B,real_b2,real,2,last,16,5,1,0.8381,0.9207,0.0826,0.0165,42,18
Qwen/Qwen2.5-14B,real_b2,real,2,last,16,8,1,0.9165,0.9242,0.0077,0.0095,42,18
Qwen/Qwen2.5-14B,real_b2,real,2,last,16,16,1,0.9281,0.9229,-0.0052,0.0177,42,18
Qwen/Qwen2.5-14B,real_b2,real,2,last,16,2,2,0.5526,0.7243,0.1717,0.0007,42,18
Qwen/Qwen2.5-14B,real_b2,real,2,last,16,3,2,0.6319,0.9076,0.2757,-0.0077,42,18
Qwen/Qwen2.5-14B,real_b2,real,2,last,16,5,2,0.8467,0.9246,0.0779,-0.0012,42,18
Qwen/Qwen2.5-14B,real_b2,real,2,last,16,8,2,0.9209,0.924,0.0031,-0.0088,42,18
Qwen/Qwen2.5-14B,real_b2,real,2,last,16,16,2,0.9277,0.927,-0.0007,-0.0013,42,18
Qwen/Qwen2.5-14B,real_b2,real,2,last,16,2,3,0.6135,0.6768,0.0633,-0.0419,42,18
Qwen/Qwen2.5-14B,real_b2,real,2,last,16,3,3,0.6703,0.9141,0.2438,-0.0555,42,18
Qwen/Qwen2.5-14B,real_b2,real,2,last,16,5,3,0.8702,0.9255,0.0553,-0.0483,42,18
Qwen/Qwen2.5-14B,real_b2,real,2,last,16,8,3,0.9245,0.9279,0.0033,-0.044,42,18
Qwen/Qwen2.5-14B,real_b2,real,2,last,16,16,3,0.9327,0.9281,-0.0046,-0.0537,42,18
Qwen/Qwen2.5-14B,real_b2,real,2,last,16,2,4,0.6258,0.7947,0.169,-0.0222,42,18
Qwen/Qwen2.5-14B,real_b2,real,2,last,16,3,4,0.6829,0.9138,0.2309,-0.0281,42,18
Qwen/Qwen2.5-14B,real_b2,real,2,last,16,5,4,0.852,0.924,0.072,-0.0317,42,18
Qwen/Qwen2.5-14B,real_b2,real,2,last,16,8,4,0.9213,0.9286,0.0072,-0.0344,42,18
Qwen/Qwen2.5-14B,real_b2,real,2,last,16,16,4,0.929,0.9302,0.0013,-0.027,42,18
Qwen/Qwen2.5-14B,real_b2,real,2,last,16,2,5,0.6293,0.7488,0.1195,-0.0192,42,18
Qwen/Qwen2.5-14B,real_b2,real,2,last,16,3,5,0.6211,0.9157,0.2946,-0.024,42,18
Qwen/Qwen2.5-14B,real_b2,real,2,last,16,5,5,0.8524,0.919,0.0666,-0.0173,42,18
Qwen/Qwen2.5-14B,real_b2,real,2,last,16,8,5,0.9259,0.9256,-0.0003,-0.0098,42,18
Qwen/Qwen2.5-14B,real_b2,real,2,last,16,16,5,0.93,0.9254,-0.0046,-0.0027,42,18
Qwen/Qwen2.5-14B,real_b2,real,2,last,20,2,0,0.513,0.7456,0.2326,-0.0454,42,18
Qwen/Qwen2.5-14B,real_b2,real,2,last,20,3,0,0.6157,0.902,0.2863,-0.0621,42,18
Qwen/Qwen2.5-14B,real_b2,real,2,last,20,5,0,0.8448,0.9211,0.0763,-0.0732,42,18
Qwen/Qwen2.5-14B,real_b2,real,2,last,20,8,0,0.9176,0.9197,0.0021,-0.0737,42,18
Qwen/Qwen2.5-14B,real_b2,real,2,last,20,16,0,0.926,0.9228,-0.0032,-0.0765,42,18
Qwen/Qwen2.5-14B,real_b2,real,2,last,20,2,1,0.5961,0.7769,0.1808,0.0331,42,18
Qwen/Qwen2.5-14B,real_b2,real,2,last,20,3,1,0.6366,0.9065,0.2699,0.0233,42,18
Qwen/Qwen2.5-14B,real_b2,real,2,last,20,5,1,0.8618,0.9209,0.0591,0.0093,42,18
Qwen/Qwen2.5-14B,real_b2,real,2,last,20,8,1,0.913,0.9241,0.011,0.0195,42,18
Qwen/Qwen2.5-14B,real_b2,real,2,last,20,16,1,0.926,0.9203,-0.0057,0.0103,42,18
Qwen/Qwen2.5-14B,real_b2,real,2,last,20,2,2,0.6474,0.7024,0.055,0.0214,42,18
Qwen/Qwen2.5-14B,real_b2,real,2,last,20,3,2,0.6624,0.9103,0.2479,0.0034,42,18
Qwen/Qwen2.5-14B,real_b2,real,2,last,20,5,2,0.8518,0.9241,0.0724,-0.006,42,18
Qwen/Qwen2.5-14B,real_b2,real,2,last,20,8,2,0.9175,0.9239,0.0064,-0.0041,42,18
Qwen/Qwen2.5-14B,real_b2,real,2,last,20,16,2,0.929,0.9259,-0.0031,0.0005,42,18
Qwen/Qwen2.5-14B,real_b2,real,2,last,20,2,3,0.6645,0.7671,0.1026,-0.0487,42,18
Qwen/Qwen2.5-14B,real_b2,real,2,last,20,3,3,0.5876,0.9046,0.317,-0.0288,42,18
Qwen/Qwen2.5-14B,real_b2,real,2,last,20,5,3,0.8581,0.9228,0.0647,-0.0589,42,18
Qwen/Qwen2.5-14B,real_b2,real,2,last,20,8,3,0.9198,0.9251,0.0052,-0.0565,42,18
Qwen/Qwen2.5-14B,real_b2,real,2,last,20,16,3,0.9276,0.9232,-0.0044,-0.0437,42,18
Qwen/Qwen2.5-14B,real_b2,real,2,last,20,2,4,0.6334,0.781,0.1476,-0.0293,42,18
Qwen/Qwen2.5-14B,real_b2,real,2,last,20,3,4,0.6111,0.905,0.294,-0.0331,42,18
Qwen/Qwen2.5-14B,real_b2,real,2,last,20,5,4,0.8559,0.9173,0.0614,-0.0383,42,18
Qwen/Qwen2.5-14B,real_b2,real,2,last,20,8,4,0.9177,0.9248,0.007,-0.0335,42,18
Qwen/Qwen2.5-14B,real_b2,real,2,last,20,16,4,0.9279,0.9283,0.0004,-0.0322,42,18
Qwen/Qwen2.5-14B,real_b2,real,2,last,20,2,5,0.5895,0.6734,0.0839,-0.0146,42,18
Qwen/Qwen2.5-14B,real_b2,real,2,last,20,3,5,0.6956,0.8961,0.2005,-0.0271,42,18
Qwen/Qwen2.5-14B,real_b2,real,2,last,20,5,5,0.845,0.914,0.069,-0.0213,42,18
Qwen/Qwen2.5-14B,real_b2,real,2,last,20,8,5,0.9218,0.9227,0.0009,-0.0061,42,18
Qwen/Qwen2.5-14B,real_b2,real,2,last,20,16,5,0.9268,0.9232,-0.0036,-0.0172,42,18
Qwen/Qwen2.5-14B,real_b2,real,2,last,24,2,0,0.5746,0.7789,0.2043,-0.0498,42,18
Qwen/Qwen2.5-14B,real_b2,real,2,last,24,3,0,0.5849,0.893,0.3081,-0.0827,42,18
Qwen/Qwen2.5-14B,real_b2,real,2,last,24,5,0,0.8442,0.9113,0.0672,-0.0834,42,18
Qwen/Qwen2.5-14B,real_b2,real,2,last,24,8,0,0.9069,0.9239,0.017,-0.0699,42,18
Qwen/Qwen2.5-14B,real_b2,real,2,last,24,16,0,0.9239,0.919,-0.0049,-0.0714,42,18
Qwen/Qwen2.5-14B,real_b2,real,2,last,24,2,1,0.5714,0.6845,0.1131,0.0195,42,18
Qwen/Qwen2.5-14B,real_b2,real,2,last,24,3,1,0.6722,0.8971,0.2249,0.0121,42,18
Qwen/Qwen2.5-14B,real_b2,real,2,last,24,5,1,0.8143,0.9131,0.0988,0.0206,42,18
Qwen/Qwen2.5-14B,real_b2,real,2,last,24,8,1,0.9088,0.9208,0.0119,0.0145,42,18
Qwen/Qwen2.5-14B,real_b2,real,2,last,24,16,1,0.9256,0.9199,-0.0057,0.0168,42,18
Qwen/Qwen2.5-14B,real_b2,real,2,last,24,2,2,0.6007,0.8038,0.2031,0.0094,42,18
Qwen/Qwen2.5-14B,real_b2,real,2,last,24,3,2,0.6328,0.9009,0.268,0.003,42,18
Qwen/Qwen2.5-14B,real_b2,real,2,last,24,5,2,0.81,0.9241,0.1141,0.0123,42,18
Qwen/Qwen2.5-14B,real_b2,real,2,last,24,8,2,0.9172,0.9238,0.0066,0.0087,42,18
Qwen/Qwen2.5-14B,real_b2,real,2,last,24,16,2,0.9249,0.9247,-0.0002,0.0166,42,18
Qwen/Qwen2.5-14B,real_b2,real,2,last,24,2,3,0.5171,0.7439,0.2269,-0.0106,42,18
Qwen/Qwen2.5-14B,real_b2,real,2,last,24,3,3,0.5628,0.8774,0.3146,-0.0555,42,18
Qwen/Qwen2.5-14B,real_b2,real,2,last,24,5,3,0.8594,0.9211,0.0617,-0.0513,42,18
Qwen/Qwen2.5-14B,real_b2,real,2,last,24,8,3,0.918,0.9287,0.0106,-0.0496,42,18
Qwen/Qwen2.5-14B,real_b2,real,2,last,24,16,3,0.9235,0.9194,-0.004,-0.0513,42,18
Qwen/Qwen2.5-14B,real_b2,real,2,last,24,2,4,0.4986,0.7323,0.2338,0.0012,42,18
Qwen/Qwen2.5-14B,real_b2,real,2,last,24,3,4,0.6318,0.8947,0.2629,-0.0261,42,18
Qwen/Qwen2.5-14B,real_b2,real,2,last,24,5,4,0.8226,0.9136,0.091,-0.0227,42,18
Qwen/Qwen2.5-14B,real_b2,real,2,last,24,8,4,0.9135,0.9203,0.0067,-0.0227,42,18
Qwen/Qwen2.5-14B,real_b2,real,2,last,24,16,4,0.9275,0.9211,-0.0064,-0.0261,42,18
Qwen/Qwen2.5-14B,real_b2,real,2,last,24,2,5,0.5261,0.7361,0.2099,-0.0229,42,18
Qwen/Qwen2.5-14B,real_b2,real,2,last,24,3,5,0.6404,0.9047,0.2643,-0.0241,42,18
Qwen/Qwen2.5-14B,real_b2,real,2,last,24,5,5,0.8537,0.9197,0.0659,-0.0242,42,18
Qwen/Qwen2.5-14B,real_b2,real,2,last,24,8,5,0.9194,0.923,0.0036,-0.0285,42,18
Qwen/Qwen2.5-14B,real_b2,real,2,last,24,16,5,0.9262,0.9212,-0.0051,-0.0257,42,18
Qwen/Qwen2.5-14B,real_b2,real,2,last,28,2,0,0.5654,0.7858,0.2204,-0.0401,42,18
Qwen/Qwen2.5-14B,real_b2,real,2,last,28,3,0,0.6494,0.8751,0.2257,-0.0736,42,18
Qwen/Qwen2.5-14B,real_b2,real,2,last,28,5,0,0.8422,0.915,0.0729,-0.0642,42,18
Qwen/Qwen2.5-14B,real_b2,real,2,last,28,8,0,0.9113,0.9222,0.0109,-0.0488,42,18
Qwen/Qwen2.5-14B,real_b2,real,2,last,28,16,0,0.9234,0.9165,-0.0069,-0.0648,42,18
Qwen/Qwen2.5-14B,real_b2,real,2,last,28,2,1,0.5511,0.7901,0.2389,0.0176,42,18
Qwen/Qwen2.5-14B,real_b2,real,2,last,28,3,1,0.6672,0.8865,0.2194,0.0164,42,18
Qwen/Qwen2.5-14B,real_b2,real,2,last,28,5,1,0.8364,0.9161,0.0798,-0.0005,42,18
Qwen/Qwen2.5-14B,real_b2,real,2,last,28,8,1,0.9147,0.9176,0.0028,-0.0069,42,18
Qwen/Qwen2.5-14B,real_b2,real,2,last,28,16,1,0.9254,0.9126,-0.0128,0.0014,42,18
Qwen/Qwen2.5-14B,real_b2,real,2,last,28,2,2,0.6462,0.7993,0.1531,-0.0105,42,18
Qwen/Qwen2.5-14B,real_b2,real,2,last,28,3,2,0.6055,0.8817,0.2763,0.0226,42,18
Qwen/Qwen2.5-14B,real_b2,real,2,last,28,5,2,0.8312,0.9128,0.0816,0.0199,42,18
Qwen/Qwen2.5-14B,real_b2,real,2,last,28,8,2,0.9155,0.9261,0.0107,0.0103,42,18
Qwen/Qwen2.5-14B,real_b2,real,2,last,28,16,2,0.9221,0.9237,0.0016,0.0068,42,18
Qwen/Qwen2.5-14B,real_b2,real,2,last,28,2,3,0.5941,0.8151,0.221,-0.0424,42,18
Qwen/Qwen2.5-14B,real_b2,real,2,last,28,3,3,0.6043,0.8857,0.2814,-0.049,42,18
Qwen/Qwen2.5-14B,real_b2,real,2,last,28,5,3,0.8358,0.9188,0.0831,-0.0401,42,18
Qwen/Qwen2.5-14B,real_b2,real,2,last,28,8,3,0.9129,0.9221,0.0092,-0.0455,42,18
Qwen/Qwen2.5-14B,real_b2,real,2,last,28,16,3,0.9249,0.9235,-0.0014,-0.0507,42,18
Qwen/Qwen2.5-14B,real_b2,real,2,last,28,2,4,0.6178,0.7675,0.1497,-0.0265,42,18
Qwen/Qwen2.5-14B,real_b2,real,2,last,28,3,4,0.6121,0.879,0.2669,-0.0323,42,18
Qwen/Qwen2.5-14B,real_b2,real,2,last,28,5,4,0.8416,0.9062,0.0646,-0.0328,42,18
Qwen/Qwen2.5-14B,real_b2,real,2,last,28,8,4,0.9114,0.9209,0.0095,-0.0381,42,18
Qwen/Qwen2.5-14B,real_b2,real,2,last,28,16,4,0.9258,0.9259,0.0001,-0.038,42,18
Qwen/Qwen2.5-14B,real_b2,real,2,last,28,2,5,0.6227,0.8296,0.207,-0.0165,42,18
Qwen/Qwen2.5-14B,real_b2,real,2,last,28,3,5,0.6728,0.8949,0.2221,-0.0184,42,18
Qwen/Qwen2.5-14B,real_b2,real,2,last,28,5,5,0.8183,0.912,0.0937,-0.0231,42,18
Qwen/Qwen2.5-14B,real_b2,real,2,last,28,8,5,0.9059,0.9226,0.0168,-0.0084,42,18
Qwen/Qwen2.5-14B,real_b2,real,2,last,28,16,5,0.9225,0.9213,-0.0012,-0.0099,42,18
Qwen/Qwen2.5-14B,real_b2,real,2,last,32,2,0,0.6036,0.698,0.0944,-0.056,42,18
Qwen/Qwen2.5-14B,real_b2,real,2,last,32,3,0,0.6254,0.8876,0.2622,-0.0838,42,18
Qwen/Qwen2.5-14B,real_b2,real,2,last,32,5,0,0.83,0.9037,0.0737,-0.0685,42,18
Qwen/Qwen2.5-14B,real_b2,real,2,last,32,8,0,0.9015,0.9214,0.0198,-0.084,42,18
Qwen/Qwen2.5-14B,real_b2,real,2,last,32,16,0,0.9215,0.9149,-0.0066,-0.0725,42,18
Qwen/Qwen2.5-14B,real_b2,real,2,last,32,2,1,0.5593,0.6659,0.1066,0.0045,42,18
Qwen/Qwen2.5-14B,real_b2,real,2,last,32,3,1,0.5703,0.8775,0.3072,-0.0012,42,18
Qwen/Qwen2.5-14B,real_b2,real,2,last,32,5,1,0.8275,0.9057,0.0782,0.0129,42,18
Qwen/Qwen2.5-14B,real_b2,real,2,last,32,8,1,0.889,0.9169,0.0279,-0.0005,42,18
Qwen/Qwen2.5-14B,real_b2,real,2,last,32,16,1,0.9192,0.9153,-0.0039,-0.0083,42,18
Qwen/Qwen2.5-14B,real_b2,real,2,last,32,2,2,0.5662,0.7768,0.2106,0.0044,42,18
Qwen/Qwen2.5-14B,real_b2,real,2,last,32,3,2,0.6672,0.8849,0.2177,0.0126,42,18
Qwen/Qwen2.5-14B,real_b2,real,2,last,32,5,2,0.8414,0.9109,0.0694,-0.0015,42,18
Qwen/Qwen2.5-14B,real_b2,real,2,last,32,8,2,0.9138,0.9226,0.0088,-0.0085,42,18
Qwen/Qwen2.5-14B,real_b2,real,2,last,32,16,2,0.9238,0.918,-0.0058,0.002,42,18
Qwen/Qwen2.5-14B,real_b2,real,2,last,32,2,3,0.559,0.7313,0.1723,-0.0502,42,18
Qwen/Qwen2.5-14B,real_b2,real,2,last,32,3,3,0.6367,0.8893,0.2526,-0.0428,42,18
Qwen/Qwen2.5-14B,real_b2,real,2,last,32,5,3,0.8386,0.9045,0.0659,-0.042,42,18
Qwen/Qwen2.5-14B,real_b2,real,2,last,32,8,3,0.9045,0.918,0.0136,-0.0461,42,18
Qwen/Qwen2.5-14B,real_b2,real,2,last,32,16,3,0.9223,0.9153,-0.0069,-0.0423,42,18
Qwen/Qwen2.5-14B,real_b2,real,2,last,32,2,4,0.538,0.7595,0.2215,-0.0314,42,18
Qwen/Qwen2.5-14B,real_b2,real,2,last,32,3,4,0.5794,0.8758,0.2964,-0.0279,42,18
Qwen/Qwen2.5-14B,real_b2,real,2,last,32,5,4,0.8362,0.908,0.0719,-0.0248,42,18
Qwen/Qwen2.5-14B,real_b2,real,2,last,32,8,4,0.9032,0.9187,0.0155,-0.0236,42,18
Qwen/Qwen2.5-14B,real_b2,real,2,last,32,16,4,0.9205,0.924,0.0035,-0.0374,42,18
Qwen/Qwen2.5-14B,real_b2,real,2,last,32,2,5,0.5778,0.7078,0.13,-0.0015,42,18
Qwen/Qwen2.5-14B,real_b2,real,2,last,32,3,5,0.5856,0.8862,0.3006,-0.0097,42,18
Qwen/Qwen2.5-14B,real_b2,real,2,last,32,5,5,0.8323,0.9156,0.0833,-0.0192,42,18
Qwen/Qwen2.5-14B,real_b2,real,2,last,32,8,5,0.9094,0.915,0.0056,-0.0185,42,18
Qwen/Qwen2.5-14B,real_b2,real,2,last,32,16,5,0.9259,0.9194,-0.0065,-0.0191,42,18
Qwen/Qwen2.5-14B,real_b2,real,2,last,36,2,0,0.5591,0.8223,0.2632,-0.046,42,18
Qwen/Qwen2.5-14B,real_b2,real,2,last,36,3,0,0.5374,0.892,0.3546,-0.0652,42,18
Qwen/Qwen2.5-14B,real_b2,real,2,last,36,5,0,0.837,0.9045,0.0675,-0.0577,42,18
Qwen/Qwen2.5-14B,real_b2,real,2,last,36,8,0,0.9053,0.9136,0.0082,-0.0738,42,18
Qwen/Qwen2.5-14B,real_b2,real,2,last,36,16,0,0.9191,0.9107,-0.0084,-0.0678,42,18
Qwen/Qwen2.5-14B,real_b2,real,2,last,36,2,1,0.5944,0.6397,0.0453,-0.0005,42,18
Qwen/Qwen2.5-14B,real_b2,real,2,last,36,3,1,0.6469,0.8889,0.242,0.0093,42,18
Qwen/Qwen2.5-14B,real_b2,real,2,last,36,5,1,0.8247,0.8991,0.0744,0.0033,42,18
Qwen/Qwen2.5-14B,real_b2,real,2,last,36,8,1,0.9059,0.9076,0.0017,-0.0109,42,18
Qwen/Qwen2.5-14B,real_b2,real,2,last,36,16,1,0.9231,0.9095,-0.0136,-0.0037,42,18
Qwen/Qwen2.5-14B,real_b2,real,2,last,36,2,2,0.6398,0.7644,0.1246,-0.0116,42,18
Qwen/Qwen2.5-14B,real_b2,real,2,last,36,3,2,0.6325,0.8962,0.2637,0.0024,42,18
Qwen/Qwen2.5-14B,real_b2,real,2,last,36,5,2,0.8088,0.911,0.1022,0.012,42,18
Qwen/Qwen2.5-14B,real_b2,real,2,last,36,8,2,0.91,0.9201,0.0101,0.0061,42,18
Qwen/Qwen2.5-14B,real_b2,real,2,last,36,16,2,0.9248,0.9225,-0.0023,0.0063,42,18
Qwen/Qwen2.5-14B,real_b2,real,2,last,36,2,3,0.6165,0.8101,0.1936,-0.0442,42,18
Qwen/Qwen2.5-14B,real_b2,real,2,last,36,3,3,0.6073,0.8879,0.2806,-0.0263,42,18
Qwen/Qwen2.5-14B,real_b2,real,2,last,36,5,3,0.8365,0.9063,0.0698,-0.032,42,18
Qwen/Qwen2.5-14B,real_b2,real,2,last,36,8,3,0.9139,0.9193,0.0053,-0.044,42,18
Qwen/Qwen2.5-14B,real_b2,real,2,last,36,16,3,0.9232,0.9184,-0.0048,-0.0486,42,18
Qwen/Qwen2.5-14B,real_b2,real,2,last,36,2,4,0.5585,0.7424,0.1839,-0.0115,42,18
Qwen/Qwen2.5-14B,real_b2,real,2,last,36,3,4,0.6503,0.8763,0.226,-0.0279,42,18
Qwen/Qwen2.5-14B,real_b2,real,2,last,36,5,4,0.8123,0.8991,0.0869,-0.0325,42,18
Qwen/Qwen2.5-14B,real_b2,real,2,last,36,8,4,0.909,0.915,0.006,-0.0228,42,18
Qwen/Qwen2.5-14B,real_b2,real,2,last,36,16,4,0.9228,0.9222,-0.0006,-0.031,42,18
Qwen/Qwen2.5-14B,real_b2,real,2,last,36,2,5,0.5386,0.7531,0.2145,-0.0417,42,18
Qwen/Qwen2.5-14B,real_b2,real,2,last,36,3,5,0.6084,0.8802,0.2718,-0.0107,42,18
Qwen/Qwen2.5-14B,real_b2,real,2,last,36,5,5,0.8579,0.9128,0.0549,-0.0208,42,18
Qwen/Qwen2.5-14B,real_b2,real,2,last,36,8,5,0.9164,0.9177,0.0013,-0.0146,42,18
Qwen/Qwen2.5-14B,real_b2,real,2,last,36,16,5,0.9256,0.9198,-0.0058,-0.0129,42,18
Qwen/Qwen2.5-14B,real_b2,real,2,last,40,2,0,0.4817,0.6892,0.2075,-0.0593,42,18
Qwen/Qwen2.5-14B,real_b2,real,2,last,40,3,0,0.5834,0.8815,0.2981,-0.0688,42,18
Qwen/Qwen2.5-14B,real_b2,real,2,last,40,5,0,0.8277,0.9051,0.0774,-0.0568,42,18
Qwen/Qwen2.5-14B,real_b2,real,2,last,40,8,0,0.9056,0.9073,0.0016,-0.0629,42,18
Qwen/Qwen2.5-14B,real_b2,real,2,last,40,16,0,0.9185,0.9085,-0.01,-0.0661,42,18
Qwen/Qwen2.5-14B,real_b2,real,2,last,40,2,1,0.5717,0.7447,0.173,0.0315,42,18
Qwen/Qwen2.5-14B,real_b2,real,2,last,40,3,1,0.6391,0.8745,0.2353,0.0174,42,18
Qwen/Qwen2.5-14B,real_b2,real,2,last,40,5,1,0.8484,0.8982,0.0498,-0.0085,42,18
Qwen/Qwen2.5-14B,real_b2,real,2,last,40,8,1,0.9034,0.9039,0.0005,-0.0177,42,18
Qwen/Qwen2.5-14B,real_b2,real,2,last,40,16,1,0.91,0.9091,-0.0008,-0.0028,42,18
Qwen/Qwen2.5-14B,real_b2,real,2,last,40,2,2,0.6274,0.8053,0.1779,-0.0062,42,18
Qwen/Qwen2.5-14B,real_b2,real,2,last,40,3,2,0.6684,0.893,0.2246,0.0016,42,18
Qwen/Qwen2.5-14B,real_b2,real,2,last,40,5,2,0.8413,0.9129,0.0716,-0.0048,42,18
Qwen/Qwen2.5-14B,real_b2,real,2,last,40,8,2,0.9053,0.9236,0.0183,-0.0006,42,18
Qwen/Qwen2.5-14B,real_b2,real,2,last,40,16,2,0.9222,0.9186,-0.0036,0.0071,42,18
Qwen/Qwen2.5-14B,real_b2,real,2,last,40,2,3,0.454,0.6949,0.2409,-0.0247,42,18
Qwen/Qwen2.5-14B,real_b2,real,2,last,40,3,3,0.5467,0.8794,0.3328,-0.0297,42,18
Qwen/Qwen2.5-14B,real_b2,real,2,last,40,5,3,0.8169,0.903,0.0861,-0.0521,42,18
Qwen/Qwen2.5-14B,real_b2,real,2,last,40,8,3,0.9104,0.9131,0.0027,-0.0399,42,18
Qwen/Qwen2.5-14B,real_b2,real,2,last,40,16,3,0.9195,0.9156,-0.0038,-0.0371,42,18
Qwen/Qwen2.5-14B,real_b2,real,2,last,40,2,4,0.5642,0.7728,0.2086,-0.0317,42,18
Qwen/Qwen2.5-14B,real_b2,real,2,last,40,3,4,0.6205,0.8724,0.2519,-0.022,42,18
Qwen/Qwen2.5-14B,real_b2,real,2,last,40,5,4,0.8267,0.9041,0.0775,-0.0241,42,18
Qwen/Qwen2.5-14B,real_b2,real,2,last,40,8,4,0.9073,0.9138,0.0065,-0.0315,42,18
Qwen/Qwen2.5-14B,real_b2,real,2,last,40,16,4,0.9199,0.9149,-0.005,-0.0395,42,18
Qwen/Qwen2.5-14B,real_b2,real,2,last,40,2,5,0.5435,0.6604,0.1169,-0.0244,42,18
Qwen/Qwen2.5-14B,real_b2,real,2,last,40,3,5,0.5889,0.8785,0.2896,-0.0183,42,18
Qwen/Qwen2.5-14B,real_b2,real,2,last,40,5,5,0.8435,0.9182,0.0747,-0.0035,42,18
Qwen/Qwen2.5-14B,real_b2,real,2,last,40,8,5,0.9075,0.9209,0.0135,-0.0193,42,18
Qwen/Qwen2.5-14B,real_b2,real,2,last,40,16,5,0.9276,0.9165,-0.0112,-0.0171,42,18
Qwen/Qwen2.5-14B,real_b2,real,2,last,44,2,0,0.6239,0.6446,0.0207,-0.0512,42,18
Qwen/Qwen2.5-14B,real_b2,real,2,last,44,3,0,0.6037,0.8678,0.2641,-0.0638,42,18
Qwen/Qwen2.5-14B,real_b2,real,2,last,44,5,0,0.802,0.8951,0.0931,-0.0681,42,18
Qwen/Qwen2.5-14B,real_b2,real,2,last,44,8,0,0.8902,0.9061,0.0159,-0.0745,42,18
Qwen/Qwen2.5-14B,real_b2,real,2,last,44,16,0,0.9109,0.9065,-0.0044,-0.0703,42,18
Qwen/Qwen2.5-14B,real_b2,real,2,last,44,2,1,0.5484,0.7582,0.2098,-0.0015,42,18
Qwen/Qwen2.5-14B,real_b2,real,2,last,44,3,1,0.5873,0.8646,0.2774,-0.0037,42,18
Qwen/Qwen2.5-14B,real_b2,real,2,last,44,5,1,0.798,0.8825,0.0844,-0.0098,42,18
Qwen/Qwen2.5-14B,real_b2,real,2,last,44,8,1,0.878,0.893,0.015,-0.0142,42,18
Qwen/Qwen2.5-14B,real_b2,real,2,last,44,16,1,0.9076,0.8995,-0.0081,-0.009,42,18
Qwen/Qwen2.5-14B,real_b2,real,2,last,44,2,2,0.5035,0.6824,0.1789,-0.0192,42,18
Qwen/Qwen2.5-14B,real_b2,real,2,last,44,3,2,0.5714,0.8855,0.3141,-0.0036,42,18
Qwen/Qwen2.5-14B,real_b2,real,2,last,44,5,2,0.8302,0.9111,0.0809,-0.0127,42,18
Qwen/Qwen2.5-14B,real_b2,real,2,last,44,8,2,0.9088,0.9112,0.0024,-0.0059,42,18
Qwen/Qwen2.5-14B,real_b2,real,2,last,44,16,2,0.9186,0.9183,-0.0003,-0.0077,42,18
Qwen/Qwen2.5-14B,real_b2,real,2,last,44,2,3,0.5024,0.7326,0.2302,-0.0467,42,18
Qwen/Qwen2.5-14B,real_b2,real,2,last,44,3,3,0.6234,0.8395,0.2161,-0.022,42,18
Qwen/Qwen2.5-14B,real_b2,real,2,last,44,5,3,0.8106,0.8917,0.0811,-0.0365,42,18
Qwen/Qwen2.5-14B,real_b2,real,2,last,44,8,3,0.898,0.9013,0.0033,-0.046,42,18
Qwen/Qwen2.5-14B,real_b2,real,2,last,44,16,3,0.9128,0.9039,-0.009,-0.0329,42,18
Qwen/Qwen2.5-14B,real_b2,real,2,last,44,2,4,0.5589,0.7111,0.1523,-0.026,42,18
Qwen/Qwen2.5-14B,real_b2,real,2,last,44,3,4,0.6213,0.8652,0.2439,-0.0278,42,18
Qwen/Qwen2.5-14B,real_b2,real,2,last,44,5,4,0.8217,0.8949,0.0732,-0.0346,42,18
Qwen/Qwen2.5-14B,real_b2,real,2,last,44,8,4,0.8849,0.8948,0.0099,-0.0371,42,18
Qwen/Qwen2.5-14B,real_b2,real,2,last,44,16,4,0.9056,0.9118,0.0061,-0.0348,42,18
Qwen/Qwen2.5-14B,real_b2,real,2,last,44,2,5,0.5532,0.6709,0.1177,0.0065,42,18
Qwen/Qwen2.5-14B,real_b2,real,2,last,44,3,5,0.6221,0.8758,0.2537,-0.0046,42,18
Qwen/Qwen2.5-14B,real_b2,real,2,last,44,5,5,0.8336,0.8995,0.066,-0.0064,42,18
Qwen/Qwen2.5-14B,real_b2,real,2,last,44,8,5,0.9102,0.9134,0.0032,-0.0039,42,18
Qwen/Qwen2.5-14B,real_b2,real,2,last,44,16,5,0.9215,0.9214,-0.0,-0.009,42,18
Qwen/Qwen2.5-14B,real_b2,real,2,last,48,2,0,0.5166,0.7198,0.2032,-0.0586,42,18
Qwen/Qwen2.5-14B,real_b2,real,2,last,48,3,0,0.5279,0.8085,0.2806,-0.0792,42,18
Qwen/Qwen2.5-14B,real_b2,real,2,last,48,5,0,0.7539,0.8573,0.1034,-0.0675,42,18
Qwen/Qwen2.5-14B,real_b2,real,2,last,48,8,0,0.8331,0.8578,0.0246,-0.0597,42,18
Qwen/Qwen2.5-14B,real_b2,real,2,last,48,16,0,0.871,0.86,-0.011,-0.0565,42,18
Qwen/Qwen2.5-14B,real_b2,real,2,last,48,2,1,0.4321,0.7403,0.3082,0.0013,42,18
Qwen/Qwen2.5-14B,real_b2,real,2,last,48,3,1,0.5494,0.8135,0.264,-0.0137,42,18
Qwen/Qwen2.5-14B,real_b2,real,2,last,48,5,1,0.7678,0.8355,0.0677,0.0086,42,18
Qwen/Qwen2.5-14B,real_b2,real,2,last,48,8,1,0.8442,0.8395,-0.0047,-0.0138,42,18
Qwen/Qwen2.5-14B,real_b2,real,2,last,48,16,1,0.8663,0.8612,-0.0051,-0.0056,42,18
Qwen/Qwen2.5-14B,real_b2,real,2,last,48,2,2,0.4827,0.7094,0.2267,0.0294,42,18
Qwen/Qwen2.5-14B,real_b2,real,2,last,48,3,2,0.5128,0.82,0.3072,-0.0113,42,18
Qwen/Qwen2.5-14B,real_b2,real,2,last,48,5,2,0.7769,0.8509,0.074,0.0015,42,18
Qwen/Qwen2.5-14B,real_b2,real,2,last,48,8,2,0.8603,0.884,0.0238,0.0093,42,18
Qwen/Qwen2.5-14B,real_b2,real,2,last,48,16,2,0.8896,0.8903,0.0007,-0.0167,42,18
Qwen/Qwen2.5-14B,real_b2,real,2,last,48,2,3,0.599,0.7248,0.1259,-0.0266,42,18
Qwen/Qwen2.5-14B,real_b2,real,2,last,48,3,3,0.5878,0.8247,0.2369,-0.0463,42,18
Qwen/Qwen2.5-14B,real_b2,real,2,last,48,5,3,0.7829,0.8556,0.0727,-0.0531,42,18
Qwen/Qwen2.5-14B,real_b2,real,2,last,48,8,3,0.8623,0.8576,-0.0047,-0.0549,42,18
Qwen/Qwen2.5-14B,real_b2,real,2,last,48,16,3,0.8849,0.8657,-0.0192,-0.0481,42,18
Qwen/Qwen2.5-14B,real_b2,real,2,last,48,2,4,0.4556,0.6159,0.1603,0.0019,42,18
Qwen/Qwen2.5-14B,real_b2,real,2,last,48,3,4,0.5446,0.7775,0.2329,-0.0167,42,18
Qwen/Qwen2.5-14B,real_b2,real,2,last,48,5,4,0.7374,0.838,0.1006,-0.0232,42,18
Qwen/Qwen2.5-14B,real_b2,real,2,last,48,8,4,0.8428,0.8626,0.0198,-0.0245,42,18
Qwen/Qwen2.5-14B,real_b2,real,2,last,48,16,4,0.8759,0.8661,-0.0098,-0.0275,42,18
Qwen/Qwen2.5-14B,real_b2,real,2,last,48,2,5,0.5802,0.709,0.1288,-0.0017,42,18
Qwen/Qwen2.5-14B,real_b2,real,2,last,48,3,5,0.5079,0.8271,0.3192,-0.0094,42,18
Qwen/Qwen2.5-14B,real_b2,real,2,last,48,5,5,0.7831,0.8674,0.0843,-0.0064,42,18
Qwen/Qwen2.5-14B,real_b2,real,2,last,48,8,5,0.8804,0.8898,0.0095,-0.0141,42,18
Qwen/Qwen2.5-14B,real_b2,real,2,last,48,16,5,0.8979,0.8844,-0.0135,-0.0184,42,18
